request_id,arm,role,provider_region,sickness_class,load_ms,source_total_wall_ms,source_syscall_union_busy_ms,h2d_total_wall_ms,source_to_gpu_ready_ms,source_h2d_overlap_ms,post_source_h2d_tail_ms,gpu_copy_active_union_ms,gpu_copy_stream_span_ms,gpu_copy_idle_inside_span_ms,gpu_copy_timing_available,read_count_observed,source_read_count,h2d_submit_count,h2d_completion_count,short_read_count,retry_count,error_count,syscall_frac_of_load,source_frac_of_load,h2d_frac_of_load,source_minus_syscall_ms,load_minus_source_ms,h2d_minus_gpu_union_ms,source_minus_h2d_ms,overlap_frac_of_source
golden-p1-0-0167b0745ad1,sham,clip,CLOUD_PROVIDER_GCP/us-east1,BOTH_SICK,6272.311626,5386.030533,5375.899141,5164.318843,5388.92991,1229.54888,2.899377,262.406462,5164.26709,4901.860628,True,243,243,243,243,0,0,0,0.857084,0.858699,0.823352,10.131392,886.281093,4901.912381,221.71169,0.228285
golden-p1-0-55de4bb7d00d,sham,clip,CLOUD_PROVIDER_GCP/us-east1,NEITHER,1641.859197,1214.523417,1212.262739,1205.815234,1217.283454,363.605474,2.760037,162.931233,1205.740356,1042.809124,True,243,243,243,243,0,0,0,0.738348,0.739724,0.734421,2.260678,427.33578,1042.884001,8.708183,0.299381
golden-p1-0-8192e1970042,sham,clip,CLOUD_PROVIDER_AWS/us-east-1,NEITHER,2050.787946,1429.594567,1428.190122,1393.42773,1432.338094,353.814536,2.743527,224.070114,1393.368774,1169.29866,True,243,243,243,243,0,0,0,0.69641,0.697095,0.67946,1.404445,621.193379,1169.357616,36.166837,0.247493
golden-p1-0-5e93a6427ce9,sham,clip,CLOUD_PROVIDER_GCP/us-east1,NEITHER,1385.413269,922.025695,920.119057,913.775902,927.127781,376.4686,5.102086,189.165504,913.647705,724.482201,True,243,243,243,243,0,0,0,0.664148,0.665524,0.659569,1.906638,463.387574,724.610398,8.249793,0.408306
golden-p1-0-094316185d23,sham,clip,CLOUD_PROVIDER_GCP/us-west1,NEITHER,1678.56213,1226.916167,1224.614298,1216.460102,1229.319265,351.59076,2.403098,170.476831,1216.390625,1045.913794,True,243,243,243,243,0,0,0,0.729561,0.730933,0.724704,2.301869,451.645963,1045.983271,10.456065,0.286565
golden-p1-0-126cf4cbe4a8,sham,clip,CLOUD_PROVIDER_GCP/us-east1,CLIP_SICK_ONLY,4655.259872,4163.578221,4141.547612,3715.334995,4165.636051,2059.124538,2.05783,178.039072,3715.246826,3537.207754,True,243,243,243,243,0,0,0,0.889649,0.894381,0.798094,22.030609,491.681651,3537.295923,448.243226,0.494556
golden-p1-0-7fdd4ac76369,sham,clip,CLOUD_PROVIDER_GCP/us-east1,BOTH_SICK,4780.138946,2706.655686,2700.605667,2697.15574,2708.423666,360.714538,1.76798,172.738751,,0.0,True,243,243,243,243,0,0,0,0.564964,0.56623,0.564242,6.050019,2073.48326,2524.416989,9.499946,0.133269
golden-p1-0-989a779e3893,sham,clip,CLOUD_PROVIDER_UNSPECIFIED/us-central1,UNET_SICK_ONLY,4605.973146,3111.838896,3095.030767,2550.13693,3116.952591,892.238856,5.113695,575.649594,2550.816406,1975.166812,True,243,243,243,243,0,0,0,0.67196,0.675609,0.553659,16.808129,1494.13425,1974.487336,561.701966,0.286724
golden-p1-0-5afaa232fa50,sham,clip,CLOUD_PROVIDER_GCP/us-east1,NEITHER,2510.243794,1954.704565,1951.539916,1834.626362,1956.218825,433.773621,1.51426,256.679491,1834.584595,1577.905104,True,243,243,243,243,0,0,0,0.77743,0.778691,0.730856,3.164649,555.539229,1577.946871,120.078203,0.221913
golden-p1-0-44439fe87d78,sham,clip,CLOUD_PROVIDER_GCP/us-east1,NEITHER,1497.55817,1020.282956,1017.573137,1009.915225,1022.612844,341.010748,2.329888,150.736768,1009.779541,859.042773,True,243,243,243,243,0,0,0,0.679488,0.681298,0.674375,2.709819,477.275214,859.178457,10.367731,0.334232
golden-p1-0-b0fefeb2a4cb,sham,clip,CLOUD_PROVIDER_GCP/us-east1,NEITHER,1616.746757,1151.85088,1150.66969,1138.246208,1153.717801,357.408854,1.866921,186.972671,1138.079468,951.106797,True,243,243,243,243,0,0,0,0.711719,0.71245,0.704035,1.18119,464.895877,951.273537,13.604672,0.310291
golden-p1-0-42f17541d477,sham,clip,CLOUD_PROVIDER_GCP/us-central1,NEITHER,1217.293734,780.295409,779.278109,772.667383,782.874988,341.980173,2.579579,166.638016,772.670105,606.032089,True,243,243,243,243,0,0,0,0.640173,0.641008,0.634742,1.0173,436.998325,606.029367,7.628026,0.43827
golden-p1-0-d52ea2cbe79a,sham,clip,CLOUD_PROVIDER_GCP/us-east1,NEITHER,4933.81904,4486.262323,4483.493975,4346.528375,4488.119062,448.743562,1.856739,172.388928,4346.514648,4174.125721,True,243,243,243,243,0,0,0,0.908727,0.909288,0.880966,2.768348,447.556717,4174.139447,139.733948,0.100026
golden-p1-0-716326690293,sham,clip,CLOUD_PROVIDER_GCP/us-central1,NEITHER,1781.98265,1313.668689,1311.633319,1305.07206,1316.331308,376.535464,2.662619,193.113408,1305.079712,1111.966304,True,243,243,243,243,0,0,0,0.736053,0.737195,0.732371,2.03537,468.313961,1111.958652,8.596629,0.286629
golden-p1-0-2143dadd54c0,sham,clip,CLOUD_PROVIDER_GCP/us-central1,NEITHER,1591.856785,1128.667177,1126.655577,1112.541448,1130.650957,341.005296,1.98378,152.853344,1112.432007,959.578663,True,243,243,243,243,0,0,0,0.707762,0.709026,0.698895,2.0116,463.189608,959.688104,16.125729,0.302131
golden-p1-0-053b292b0476,sham,clip,CLOUD_PROVIDER_GCP/us-east1,BOTH_SICK,5227.686788,4282.204271,4270.836918,4271.963266,4284.589939,1062.850403,2.385668,185.136192,4271.735352,4086.599159,True,243,243,243,243,0,0,0,0.816965,0.819139,0.81718,11.367353,945.482517,4086.827074,10.241005,0.248202
golden-p1-0-2374faf758b9,sham,clip,CLOUD_PROVIDER_GCP/us-east1,NEITHER,1740.514056,1268.358028,1267.230488,1258.164597,1270.312457,331.123127,1.954429,155.812832,1258.159668,1102.346836,True,243,243,243,243,0,0,0,0.728078,0.728726,0.72287,1.12754,472.156028,1102.351765,10.193431,0.261064
golden-p1-0-2af1b6579b10,sham,clip,CLOUD_PROVIDER_GCP/us-east1,NEITHER,1684.723251,1248.490942,1247.615582,1237.51496,1250.45462,373.161067,1.963678,171.487489,1237.539917,1066.052428,True,243,243,243,243,0,0,0,0.740546,0.741066,0.734551,0.87536,436.232309,1066.027471,10.975982,0.29889
golden-p1-0-601c2c13910d,sham,clip,CLOUD_PROVIDER_GCP/us-east1,NEITHER,1731.220743,1268.067789,1264.583289,1255.575453,1270.340939,365.089065,2.27315,156.573472,1255.592773,1099.019301,True,243,243,243,243,0,0,0,0.730458,0.73247,0.725254,3.4845,463.152954,1099.001981,12.492336,0.28791
golden-p1-0-bca55ee4d4f5,sham,clip,CLOUD_PROVIDER_AWS/us-east-2,CLIP_SICK_ONLY,4779.733051,3347.413518,3344.878351,2951.3024,3349.503576,348.797076,2.090058,173.667584,2951.248291,2777.580707,True,243,243,243,243,0,0,0,0.699804,0.700335,0.617462,2.535167,1432.319533,2777.634816,396.111118,0.104199
golden-p1-0-82472cd98951,sham,clip,CLOUD_PROVIDER_GCP/us-east1,NEITHER,1469.246923,1018.842135,1016.623357,1010.002331,1021.341744,361.64312,2.499609,170.495904,,0.0,True,243,243,243,243,0,0,0,0.691935,0.693445,0.687429,2.218778,450.404788,839.506427,8.839804,0.354955
golden-p1-0-44475e59cc45,sham,clip,CLOUD_PROVIDER_AWS/us-east-1,NEITHER,2145.859017,1492.465968,1491.301084,1467.876742,1495.158774,423.27154,2.692806,239.868161,1467.967529,1228.099368,True,243,243,243,243,0,0,0,0.694967,0.69551,0.684051,1.164884,653.393049,1228.008581,24.589226,0.283605
golden-p1-0-c9f6a763f3e8,sham,clip,CLOUD_PROVIDER_GCP/us-east1,NEITHER,2024.853164,1558.689196,1533.868484,1550.14693,1561.322745,411.417516,2.633549,208.69136,1550.152588,1341.461228,True,243,243,243,243,0,0,0,0.757521,0.769779,0.76556,24.820712,466.163968,1341.45557,8.542266,0.263951
golden-p1-0-c65fa1dd507f,sham,clip,CLOUD_PROVIDER_GCP/us-east1,NEITHER,2421.34133,1869.371129,1859.543967,1567.664796,1871.971546,396.765742,2.600417,169.148608,1567.619629,1398.471021,True,243,243,243,243,0,0,0,0.767981,0.772039,0.647437,9.827162,551.970201,1398.516188,301.706333,0.212246
golden-p1-0-4ab2a4b26325,sham,clip,CLOUD_PROVIDER_AWS/us-east-2,NEITHER,2072.623059,1429.264484,1426.855945,1406.336666,1431.679082,440.829668,2.414598,235.175839,1406.318359,1171.14252,True,243,243,243,243,0,0,0,0.68843,0.689592,0.67853,2.408539,643.358575,1171.160827,22.927818,0.308431
golden-p1-0-3a4aeb5f8f7b,sham,clip,CLOUD_PROVIDER_GCP/us-east1,NEITHER,2730.914343,1877.393831,1870.294704,1572.987755,1879.45095,877.936025,2.057119,156.957376,1572.88147,1415.924094,True,243,243,243,243,0,0,0,0.68486,0.68746,0.575993,7.099127,853.520512,1416.030379,304.406076,0.467636
golden-p1-0-dcdb533a6c45,sham,clip,CLOUD_PROVIDER_GCP/us-east1,NEITHER,1272.984804,837.228158,834.721351,828.767934,839.019257,371.828798,1.791099,167.976928,828.727112,660.750184,True,243,243,243,243,0,0,0,0.65572,0.657689,0.651043,2.506807,435.756646,660.791006,8.460224,0.444119
golden-p1-0-49cd54fb17f9,sham,clip,CLOUD_PROVIDER_GCP/us-east1,BOTH_SICK,3868.94493,3248.101297,3243.372934,3175.309685,3250.234664,569.701225,2.133367,337.549951,,0.0,True,243,243,243,243,0,0,0,0.838309,0.839532,0.820717,4.728363,620.843633,2837.759734,72.791612,0.175395
golden-p1-0-36ae7d4406d0,sham,clip,CLOUD_PROVIDER_GCP/us-east1,NEITHER,1341.606826,881.889106,880.475676,872.514547,883.733196,310.634042,1.84409,158.535168,871.991821,713.456653,True,243,243,243,243,0,0,0,0.656284,0.657338,0.65035,1.41343,459.71772,713.979379,9.374559,0.352237
golden-p1-0-20ffd3348a64,sham,clip,CLOUD_PROVIDER_AWS/us-east-2,CLIP_SICK_ONLY,7061.520442,5688.666638,5684.92035,5066.909797,5691.638274,347.012653,2.971636,174.919809,5066.954102,4892.034293,True,243,243,243,243,0,0,0,0.805056,0.805587,0.717538,3.746288,1372.853804,4891.989988,621.756841,0.061001
golden-p1-0-2eeba36e26ca,sham,clip,CLOUD_PROVIDER_GCP/us-east1,NEITHER,1447.856809,978.828177,976.75829,970.93826,980.404515,383.204722,1.576338,187.233855,970.924683,783.690827,True,243,243,243,243,0,0,0,0.674624,0.676053,0.670604,2.069887,469.028632,783.704405,7.889917,0.391493
golden-p1-0-50c2f8922166,sham,clip,CLOUD_PROVIDER_GCP/us-east1,NEITHER,2899.036148,2325.236812,2318.608686,2072.602402,2327.012461,1072.845569,1.775649,866.11878,2072.489014,1206.370234,True,243,243,243,243,0,0,0,0.799786,0.802072,0.714928,6.628126,573.799336,1206.483622,252.63441,0.461392
golden-p1-0-31bfc8941f50,sham,clip,CLOUD_PROVIDER_AWS/us-east-2,NEITHER,3440.073971,1968.322083,1963.408611,1945.820607,1970.318429,754.928579,1.996346,218.493473,1945.730469,1727.236996,True,243,243,243,243,0,0,0,0.570746,0.572174,0.565633,4.913472,1471.751888,1727.327134,22.501476,0.383539
golden-p1-0-ae39c1188c47,sham,clip,CLOUD_PROVIDER_GCP/us-central1,NEITHER,2299.321927,1749.741967,1745.718449,1448.094827,1752.062036,753.03699,2.320069,181.844416,,0.0,True,243,243,243,243,0,0,0,0.759232,0.760982,0.629792,4.023518,549.57996,1266.250411,301.64714,0.43037
golden-p1-0-59be1bb3d1ab,sham,clip,CLOUD_PROVIDER_GCP/us-central1,NEITHER,1693.222434,1223.487963,1221.039053,1214.788604,1225.772273,350.475466,2.28431,157.276,1214.755005,1057.479005,True,243,243,243,243,0,0,0,0.721133,0.72258,0.717442,2.44891,469.734471,1057.512604,8.699359,0.286456
golden-p1-0-057743d5e38b,sham,clip,CLOUD_PROVIDER_GCP/us-east4,NEITHER,1644.603715,1204.802736,1203.099756,1179.138485,1206.372355,355.082769,1.569619,183.916192,1179.056519,995.140327,True,243,243,243,243,0,0,0,0.731544,0.732579,0.716974,1.70298,439.800979,995.222293,25.664251,0.294723
golden-p1-0-713c16a9741b,sham,clip,CLOUD_PROVIDER_GCP/us-east1,NEITHER,1612.080789,1147.198857,1146.237583,1140.643511,1149.77198,334.182953,2.573123,163.492704,1141.5177,978.024996,True,243,243,243,243,0,0,0,0.71103,0.711626,0.70756,0.961274,464.881932,977.150807,6.555346,0.291303
golden-p1-0-4a6d91e34623,sham,clip,CLOUD_PROVIDER_GCP/us-central1,NEITHER,1492.012694,1055.162401,1053.972292,1044.417314,1057.02535,299.13201,1.862949,150.180032,1044.338501,894.158469,True,243,243,243,243,0,0,0,0.70641,0.707207,0.700006,1.190109,436.850293,894.237282,10.745087,0.283494
golden-p1-0-61154fff0d74,sham,clip,CLOUD_PROVIDER_GCP/us-east1,NEITHER,1449.436895,1009.487551,1006.854713,1000.408766,1011.833669,359.564273,2.346118,156.408288,1000.304504,843.896217,True,243,243,243,243,0,0,0,0.694652,0.696469,0.690205,2.632838,439.949344,844.000478,9.078785,0.356185
golden-p1-0-48240aac9c05,sham,clip,CLOUD_PROVIDER_GCP/us-east1,NEITHER,1366.951141,943.075313,942.170174,934.739148,945.553671,342.819006,2.478358,178.408416,934.700317,756.291902,True,243,243,243,243,0,0,0,0.689249,0.689912,0.683813,0.905139,423.875828,756.330732,8.336165,0.363512
golden-p1-0-882148b2eca0,sham,clip,CLOUD_PROVIDER_AWS/eu-south-2,NEITHER,1994.313556,1371.924221,1370.758696,1350.186856,1374.3853,389.54813,2.461079,208.186208,1350.168823,1141.982615,True,243,243,243,243,0,0,0,0.687334,0.687918,0.677018,1.165525,622.389335,1142.000648,21.737365,0.283943
golden-p1-0-2d6604576096,sham,clip,CLOUD_PROVIDER_AWS/us-east-2,NEITHER,3087.19264,2076.653769,2071.883673,2050.665975,2079.304856,710.444502,2.651087,441.815828,2050.582031,1608.766203,True,243,243,243,243,0,0,0,0.671122,0.672667,0.664249,4.770096,1010.538871,1608.850147,25.987794,0.34211
golden-p1-0-5ae9efa67e60,sham,clip,CLOUD_PROVIDER_GCP/us-east1,UNET_SICK_ONLY,3706.923183,2752.660905,2750.760776,2666.860529,2755.176864,404.013444,2.515959,166.473792,2666.813721,2500.339929,True,243,243,243,243,0,0,0,0.74206,0.742573,0.719427,1.900129,954.262278,2500.386737,85.800376,0.146772
golden-p1-0-1ef32fc4f4cb,sham,clip,CLOUD_PROVIDER_GCP/us-east1,NEITHER,1662.800584,1189.200053,1187.451054,1178.656836,1191.254432,358.066503,2.054379,152.882816,1178.657593,1025.774777,True,243,243,243,243,0,0,0,0.714127,0.715179,0.708838,1.748999,473.600531,1025.77402,10.543217,0.301099
golden-p1-0-937a1515d926,sham,clip,CLOUD_PROVIDER_GCP/us-east1,NEITHER,1770.156313,1311.516195,1310.666265,1301.809414,1314.094895,344.981041,2.5787,165.493056,1301.69751,1136.204454,True,243,243,243,243,0,0,0,0.740424,0.740904,0.735421,0.84993,458.640118,1136.316358,9.706781,0.26304
golden-p1-0-fa5ee5036931,sham,clip,CLOUD_PROVIDER_GCP/us-central1,NEITHER,1519.938875,1070.692479,1069.12843,1058.917035,1072.487029,390.818127,1.79455,183.392192,1058.769775,875.377583,True,243,243,243,243,0,0,0,0.703402,0.704431,0.696684,1.564049,449.246396,875.524843,11.775444,0.365014
golden-p1-0-5f7757c48a80,sham,clip,CLOUD_PROVIDER_GCP/us-east1,NEITHER,2604.123956,1166.243401,1161.935561,1151.116946,1168.00268,357.851291,1.759279,172.772384,1151.00708,978.234696,True,243,243,243,243,0,0,0,0.446191,0.447845,0.442036,4.30784,1437.880555,978.344562,15.126455,0.306841
golden-p1-0-907303a11d5c,sham,clip,CLOUD_PROVIDER_GCP/us-east1,UNET_SICK_ONLY,2807.493052,1902.654864,1897.050865,1893.240008,1904.880263,708.669875,2.225399,405.045377,1893.255981,1488.210604,True,243,243,243,243,0,0,0,0.67571,0.677706,0.674353,5.603999,904.838188,1488.194631,9.414856,0.372464
golden-p1-0-d15a1e39801b,sham,clip,CLOUD_PROVIDER_GCP/us-east1,NEITHER,1777.536534,1332.352633,1330.126673,1319.759347,1334.393032,334.891608,2.040399,152.771712,1319.730957,1166.959245,True,243,243,243,243,0,0,0,0.748298,0.74955,0.742465,2.22596,445.183901,1166.987635,12.593286,0.251354
golden-p1-0-0b56ab29f792,sham,clip,CLOUD_PROVIDER_GCP/us-east1,BOTH_SICK,4541.943384,3776.209793,3772.212146,3438.716173,3779.015791,2851.702788,2.805998,2709.473059,3438.658447,729.185388,True,243,243,243,243,0,0,0,0.830528,0.831408,0.757102,3.997647,765.733591,729.243114,337.49362,0.755176
golden-p1-0-daa5bf313c61,sham,clip,CLOUD_PROVIDER_GCP/us-central1,NEITHER,1449.49974,1020.806065,1019.967265,1011.683127,1023.375775,323.845223,2.56971,158.101728,1011.648987,853.547259,True,243,243,243,243,0,0,0,0.703668,0.704247,0.697953,0.8388,428.693675,853.581399,9.122938,0.317245
golden-p1-0-c567cb9ddeb6,sham,clip,CLOUD_PROVIDER_AWS/eu-south-2,NEITHER,2174.443379,1570.406023,1567.928704,1548.109151,1573.101515,399.959664,2.695492,242.307199,1548.122803,1305.815603,True,243,243,243,243,0,0,0,0.721071,0.722211,0.711957,2.477319,604.037356,1305.801952,22.296872,0.254686
golden-p1-0-da67cc9d8d0b,sham,clip,CLOUD_PROVIDER_AWS/eu-south-2,NEITHER,2298.663053,1460.866312,1458.562112,1438.632332,1463.675197,388.087792,2.808885,183.159264,1438.763794,1255.60453,True,243,243,243,243,0,0,0,0.634526,0.635529,0.625856,2.3042,837.796741,1255.473068,22.23398,0.265656
golden-p1-0-b7fdd92f9e9e,sham,clip,CLOUD_PROVIDER_AWS/us-east-2,NEITHER,2069.581438,1433.78885,1430.801193,1411.617801,1435.655442,320.721176,1.866592,171.662624,1411.616333,1239.953709,True,243,243,243,243,0,0,0,0.691348,0.692792,0.682079,2.987657,635.792588,1239.955177,22.171049,0.223688
golden-p1-0-a131424e6113,sham,clip,CLOUD_PROVIDER_GCP/us-east1,NEITHER,1613.141885,1200.268403,1197.737865,1175.349984,1203.481612,373.727377,3.213209,176.103008,1175.232178,999.12917,True,243,243,243,243,0,0,0,0.742488,0.744056,0.728609,2.530538,412.873482,999.246976,24.918419,0.31137
golden-p1-0-57b4759a4ad6,split,clip,CLOUD_PROVIDER_GCP/us-central1,NEITHER,1650.849042,1227.964992,1226.708412,1217.452671,1230.708412,358.93112,2.74342,175.69728,1217.460571,1041.763292,True,243,243,243,243,0,0,0,0.743077,0.743838,0.737471,1.25658,422.88405,1041.755391,10.512321,0.292298
golden-p1-0-4fa535221943,split,clip,CLOUD_PROVIDER_AWS/us-east-2,NEITHER,2096.124204,1491.197132,1490.084809,1470.319698,1493.508621,371.632217,2.311489,214.54512,,0.0,True,243,243,243,243,0,0,0,0.710876,0.711407,0.701447,1.112323,604.927072,1255.774578,20.877434,0.249217
golden-p1-0-b451904156c4,split,clip,CLOUD_PROVIDER_AWS/eu-south-2,CLIP_SICK_ONLY,3564.460033,2955.069162,2951.726258,2928.461079,2957.036515,385.644088,1.967353,177.521504,2928.355469,2750.833965,True,243,243,243,243,0,0,0,0.828099,0.829037,0.821572,3.342904,609.390871,2750.939575,26.608083,0.130503
golden-p1-0-296923abcf59,split,clip,CLOUD_PROVIDER_AWS/eu-south-2,NEITHER,1888.6815,1268.930461,1266.891177,1245.754803,1271.660826,415.433278,2.730365,189.628,1245.752808,1056.124808,True,243,243,243,243,0,0,0,0.670781,0.67186,0.65959,2.039284,619.751039,1056.126803,23.175658,0.327389
golden-p1-0-1d519563ba2e,split,clip,CLOUD_PROVIDER_AWS/eu-south-2,NEITHER,1825.697147,1179.922615,1178.371207,1154.82764,1182.564105,396.421135,2.64149,190.343776,1154.84082,964.497044,True,243,243,243,243,0,0,0,0.645436,0.646286,0.632541,1.551408,645.774532,964.483864,25.094975,0.335972
golden-p1-0-7c30e10e3e03,split,clip,CLOUD_PROVIDER_AWS/us-east-2,NEITHER,2298.837726,1649.343492,1645.707125,1616.592183,1651.184474,423.396181,1.840982,253.850911,1616.398071,1362.54716,True,243,243,243,243,0,0,0,0.715887,0.717468,0.703222,3.636367,649.494234,1362.741272,32.751309,0.256706
golden-p1-0-b27b71fd9862,split,clip,CLOUD_PROVIDER_AWS/eu-south-2,NEITHER,2314.83732,1664.454048,1660.732449,1620.205698,1667.519064,464.830749,3.065016,222.100224,1620.140747,1398.040523,True,243,243,243,243,0,0,0,0.717429,0.719037,0.699922,3.721599,650.383272,1398.105474,44.24835,0.279269
golden-p1-0-292b8fcb144e,split,clip,CLOUD_PROVIDER_GCP/us-west1,NEITHER,1932.465474,1348.651887,1347.457647,1296.654006,1350.340836,421.097909,1.688949,185.996225,1296.668457,1110.672233,True,243,243,243,243,0,0,0,0.697274,0.697892,0.670984,1.19424,583.813587,1110.657781,51.997881,0.312236
golden-p1-0-8a94295fb53e,split,clip,CLOUD_PROVIDER_GCP/us-west1,NEITHER,1570.741458,1177.965407,1176.985637,1150.621063,1180.188827,415.768718,2.22342,181.529568,1150.452026,968.922459,True,243,243,243,243,0,0,0,0.749319,0.749942,0.732534,0.97977,392.776051,969.091495,27.344344,0.352955
golden-p1-0-ae58e06b7153,split,clip,CLOUD_PROVIDER_AWS/eu-south-2,NEITHER,2269.108468,1580.789737,1578.835396,1557.060105,1584.793343,433.703696,4.003606,236.670272,1557.018188,1320.347916,True,243,243,243,243,0,0,0,0.695795,0.696657,0.686199,1.954341,688.318731,1320.389833,23.729632,0.274359
golden-p1-0-51fd5230eeee,split,clip,CLOUD_PROVIDER_GCP/us-east1,CLIP_SICK_ONLY,6969.255685,6204.002583,6199.961723,6193.763264,6206.363502,5442.269365,2.360919,5241.170766,6193.829102,952.658335,True,243,243,243,243,0,0,0,0.889616,0.890196,0.888727,4.04086,765.253102,952.592498,10.239319,0.877219
golden-p1-0-6b48551a89bf,split,clip,CLOUD_PROVIDER_GCP/us-east1,NEITHER,1540.312978,1008.07161,1004.883151,999.554455,1010.804738,416.63903,2.733128,204.289376,999.566284,795.276908,True,243,243,243,243,0,0,0,0.652389,0.654459,0.648929,3.188459,532.241368,795.265079,8.517155,0.413303
golden-p1-0-723ef1b9aba2,split,clip,CLOUD_PROVIDER_AWS/eu-south-2,NEITHER,2033.642044,1417.949921,1416.260833,1395.008837,1419.8156,391.942036,1.865679,211.493183,1394.908447,1183.415264,True,243,243,243,243,0,0,0,0.696416,0.697247,0.685966,1.689088,615.692123,1183.515654,22.941084,0.276415
golden-p1-0-824abddc8534,split,clip,CLOUD_PROVIDER_GCP/us-south1,NEITHER,1381.933966,902.196145,899.991365,892.795331,904.469674,359.681574,2.273529,163.911872,892.786011,728.874139,True,243,243,243,243,0,0,0,0.651255,0.65285,0.646048,2.20478,479.737821,728.883459,9.400814,0.398673
golden-p1-0-79d116930c41,split,clip,CLOUD_PROVIDER_AWS/eu-south-2,NEITHER,2224.629023,1565.212276,1560.522617,1521.895996,1567.130685,511.278548,1.918409,248.787648,1521.952393,1273.164744,True,243,243,243,243,0,0,0,0.701475,0.703584,0.684112,4.689659,659.416747,1273.108348,43.31628,0.326651
golden-p1-0-0bd6d0b59820,split,clip,CLOUD_PROVIDER_AWS/eu-south-2,NEITHER,1894.150225,1240.824909,1238.070864,1215.388572,1242.704296,478.215238,1.879387,265.567456,1215.421021,949.853564,True,243,243,243,243,0,0,0,0.653629,0.655083,0.641654,2.754045,653.325316,949.821116,25.436337,0.385401
golden-p1-0-92ee88eb928e,split,clip,CLOUD_PROVIDER_GCP/us-south1,NEITHER,1482.736724,1052.279686,1048.868927,1043.429822,1054.799035,355.579133,2.519349,157.385889,1042.005859,884.619971,True,243,243,243,243,0,0,0,0.707387,0.709687,0.703719,3.410759,430.457038,886.043933,8.849864,0.337913
golden-p1-0-08da5cf6fc04,split,clip,CLOUD_PROVIDER_GCP/us-central1,NEITHER,1321.486599,880.131683,878.507833,872.150017,882.395902,311.211893,2.264219,174.280576,872.124634,697.844058,True,243,243,243,243,0,0,0,0.664788,0.666016,0.659976,1.62385,441.354916,697.869441,7.981666,0.353597
golden-p1-0-c54c61498d47,split,clip,CLOUD_PROVIDER_AWS/us-east-2,NEITHER,1927.174,1315.633468,1314.005606,1294.60387,1318.340049,369.570015,2.706581,193.129248,1294.520142,1101.390894,True,243,243,243,243,0,0,0,0.68183,0.682675,0.671763,1.627862,611.540532,1101.474622,21.029598,0.280907
golden-p1-0-438132260083,split,clip,CLOUD_PROVIDER_AWS/eu-south-2,NEITHER,2073.946004,1464.366838,1462.078304,1443.138907,1466.813127,459.704704,2.446289,247.397792,1443.044922,1195.64713,True,243,243,243,243,0,0,0,0.704974,0.706078,0.695842,2.288534,609.579166,1195.741115,21.227931,0.313927
golden-p1-0-3826114a6c00,split,clip,CLOUD_PROVIDER_GCP/us-east1,UNET_SICK_ONLY,3363.408682,2818.877885,2776.62076,2796.675565,2821.791165,488.991573,2.91328,207.9184,2801.738281,2593.819881,True,243,243,243,243,0,0,0,0.825538,0.838102,0.8315,42.257125,544.530797,2588.757165,22.20232,0.17347
golden-p1-0-925d7329000b,split,clip,CLOUD_PROVIDER_GCP/us-east1,NEITHER,1709.588296,1216.774848,1214.633901,1209.607598,1219.042365,346.12677,2.267517,164.763136,1209.7052,1044.942064,True,243,243,243,243,0,0,0,0.710483,0.711736,0.707543,2.140947,492.813448,1044.844462,7.16725,0.284462
golden-p1-0-6a375dac8927,split,clip,CLOUD_PROVIDER_GCP/us-west4,NEITHER,1508.886023,1044.256438,1041.597233,1005.555199,1046.865011,363.704842,2.608573,177.648192,1005.618225,827.970033,True,243,243,243,243,0,0,0,0.690309,0.692071,0.666422,2.659205,464.629585,827.907007,38.701239,0.348291
golden-p1-0-db19026e4982,split,clip,CLOUD_PROVIDER_GCP/us-west1,NEITHER,1733.943943,1270.6835,1268.40223,1263.37462,1273.49012,421.551812,2.80662,173.84368,1263.433594,1089.589914,True,243,243,243,243,0,0,0,0.731513,0.732828,0.728613,2.28127,463.260443,1089.53094,7.30888,0.331752
golden-p1-0-0ccc2b0f86af,split,clip,CLOUD_PROVIDER_GCP/us-south1,NEITHER,1553.382306,1074.066027,1062.524497,1063.721079,1076.756377,402.363944,2.69035,190.985024,1063.593018,872.607994,True,243,243,243,243,0,0,0,0.684007,0.691437,0.684777,11.54153,479.316279,872.736055,10.344948,0.374618
golden-p1-0-d28e7a1afa46,split,clip,CLOUD_PROVIDER_AWS/eu-south-2,NEITHER,2114.28347,1475.242726,1473.333988,1453.923268,1477.422624,347.54199,2.179898,199.9128,1453.838745,1253.925945,True,243,243,243,243,0,0,0,0.696848,0.697751,0.687667,1.908738,639.040744,1254.010468,21.319458,0.235583
golden-p1-0-61ebd33e8658,split,clip,CLOUD_PROVIDER_GCP/us-east1,NEITHER,1410.46729,938.808604,937.415705,918.213871,941.180652,329.161878,2.372048,153.678112,918.072144,764.394032,True,243,243,243,243,0,0,0,0.664614,0.665601,0.651,1.392899,471.658686,764.535759,20.594733,0.350617
golden-p1-0-26c81b6fbbba,split,clip,CLOUD_PROVIDER_AWS/eu-south-2,NEITHER,2154.171011,1497.602034,1496.856977,1473.045197,1500.838018,451.459511,3.235984,241.659713,1473.050171,1231.390457,True,243,243,243,243,0,0,0,0.694865,0.69521,0.683811,0.745057,656.568977,1231.385484,24.556837,0.301455
golden-p1-0-b372d8d741ca,split,clip,CLOUD_PROVIDER_GCP/us-east1,NEITHER,1518.697809,1066.566342,1065.319842,1051.147992,1069.372512,356.100006,2.80617,165.587808,1051.07312,885.485312,True,243,243,243,243,0,0,0,0.701469,0.70229,0.692138,1.2465,452.131467,885.560184,15.41835,0.333875
golden-p1-0-19dc038244e2,split,clip,CLOUD_PROVIDER_AWS/eu-south-2,NEITHER,2118.859254,1470.073551,1467.956214,1446.939505,1472.398814,443.698005,2.325263,231.119392,1446.896729,1215.777336,True,243,243,243,243,0,0,0,0.692805,0.693804,0.682886,2.117337,648.785703,1215.820113,23.134046,0.30182
golden-p1-0-5f9470cfb95a,split,clip,CLOUD_PROVIDER_GCP/us-east1,UNET_SICK_ONLY,3427.877348,2908.335978,2887.632867,2908.638679,2911.613447,730.653121,3.277469,313.379906,2908.439453,2595.059548,True,243,243,243,243,0,0,0,0.842397,0.848436,0.848525,20.703111,519.54137,2595.258773,-0.302701,0.251227
golden-p1-0-080ebc80f2a1,split,clip,CLOUD_PROVIDER_GCP/us-central1,NEITHER,1540.927111,1092.289437,1091.481497,1084.70166,1094.579726,349.08678,2.290289,165.299904,1084.668213,919.368309,True,243,243,243,243,0,0,0,0.708328,0.708852,0.703928,0.80794,448.637674,919.401756,7.587777,0.319592
golden-p1-0-815ebd6fa268,split,clip,CLOUD_PROVIDER_GCP/us-east1,NEITHER,1830.238935,1358.688227,1356.372647,1347.160227,1361.036647,400.107099,2.34842,178.908352,1347.099121,1168.190769,True,243,243,243,243,0,0,0,0.74109,0.742356,0.736057,2.31558,471.550708,1168.251875,11.528,0.29448
golden-p1-0-3d5e14441945,split,clip,CLOUD_PROVIDER_GCP/us-east4,NEITHER,1475.258778,1005.727608,1004.333328,998.81054,1008.984527,342.091133,3.256919,178.144351,998.606323,820.461972,True,243,243,243,243,0,0,0,0.680785,0.68173,0.677041,1.39428,469.53117,820.666189,6.917068,0.340143
golden-p1-0-a0886fd5a439,split,clip,CLOUD_PROVIDER_AWS/us-east-2,NEITHER,1867.835199,1220.908923,1218.356983,1199.927546,1223.734007,407.517671,2.825084,175.511264,1199.901978,1024.390714,True,243,243,243,243,0,0,0,0.652283,0.653649,0.642416,2.55194,646.926276,1024.416282,20.981377,0.333782
golden-p1-0-4564becda83e,split,clip,CLOUD_PROVIDER_AWS/us-east-1,NEITHER,2125.47345,1500.198484,1495.848061,1477.267344,1502.720088,448.74625,2.521604,276.671646,1477.140625,1200.468979,True,243,243,243,243,0,0,0,0.703772,0.705819,0.69503,4.350423,625.274966,1200.595698,22.93114,0.299125
golden-p1-0-a6dc8b7b28bb,split,clip,CLOUD_PROVIDER_AWS/eu-south-2,NEITHER,2078.755768,1423.497774,1420.743257,1402.900828,1426.00092,429.5201,2.503146,215.29568,1402.977539,1187.681859,True,243,243,243,243,0,0,0,0.683458,0.684784,0.674875,2.754517,655.257994,1187.605148,20.596946,0.301736
golden-p1-0-fdb090816a7d,split,clip,CLOUD_PROVIDER_GCP/us-east1,NEITHER,1616.91401,1167.077649,1159.710192,1154.967892,1169.538259,347.846581,2.46061,170.710528,1154.970093,984.259565,True,243,243,243,243,0,0,0,0.717237,0.721793,0.714304,7.367457,449.836361,984.257364,12.109757,0.298049
golden-p1-0-6855fe838f22,split,clip,CLOUD_PROVIDER_GCP/us-east4,NEITHER,1726.522383,1226.97259,1225.90145,1207.48145,1228.92506,413.752852,1.95247,167.822976,1207.421143,1039.598166,True,243,243,243,243,0,0,0,0.710041,0.710661,0.699372,1.07114,499.549793,1039.658474,19.49114,0.337214
golden-p1-0-71b662facb86,split,clip,CLOUD_PROVIDER_AWS/eu-south-2,NEITHER,2239.432999,1586.489002,1584.143156,1564.844558,1589.458768,412.760251,2.969766,227.117728,1564.859253,1337.741525,True,243,243,243,243,0,0,0,0.707386,0.708433,0.698768,2.345846,652.943997,1337.72683,21.644444,0.260172
golden-p1-0-5c29e07fa082,split,clip,CLOUD_PROVIDER_AWS/us-east-1,NEITHER,2133.894198,1501.025503,1499.534332,1477.533826,1503.582282,488.741658,2.556779,251.157344,1477.446533,1226.289189,True,243,243,243,243,0,0,0,0.702722,0.703421,0.692412,1.491171,632.868695,1226.376482,23.491677,0.325605
golden-p1-0-819491c39d01,split,clip,CLOUD_PROVIDER_GCP/us-east1,NEITHER,1741.34298,1255.443211,1253.076911,1244.864701,1257.153351,379.558731,1.71014,173.516992,1244.85437,1071.337378,True,243,243,243,243,0,0,0,0.719604,0.720963,0.714888,2.3663,485.899769,1071.347709,10.57851,0.30233
golden-p1-0-adbed01eb5ec,split,clip,CLOUD_PROVIDER_GCP/us-east1,NEITHER,1593.802109,1111.180099,1099.092491,1100.466139,1113.842918,386.827858,2.662819,186.195072,1100.549805,914.354733,True,243,243,243,243,0,0,0,0.689604,0.697188,0.690466,12.087608,482.62201,914.271067,10.71396,0.348123
golden-p1-0-521732d73d73,split,clip,CLOUD_PROVIDER_GCP/us-east1,NEITHER,1783.202702,1301.655277,1298.420747,1294.097546,1304.701877,397.223573,3.0466,207.119713,1294.307495,1087.187782,True,243,243,243,243,0,0,0,0.72814,0.729954,0.725715,3.23453,481.547425,1086.977833,7.557731,0.305168
golden-p1-0-034908961bcd,split,clip,CLOUD_PROVIDER_GCP/us-west1,NEITHER,1465.944318,1008.36249,1006.62681,993.889873,1010.73975,333.299088,2.37726,157.270271,993.885193,836.614922,True,243,243,243,243,0,0,0,0.686675,0.687859,0.677986,1.73568,457.581828,836.619602,14.472617,0.330535
golden-p1-0-8013bf52d6d3,split,clip,CLOUD_PROVIDER_AWS/us-east-2,NEITHER,1895.241061,1291.008522,1289.522644,1271.114797,1292.83745,401.720459,1.828928,191.079039,1271.075928,1079.996888,True,243,243,243,243,0,0,0,0.6804,0.681184,0.670688,1.485878,604.232539,1080.035758,19.893725,0.311168
golden-p1-0-a56ff2430f82,split,clip,CLOUD_PROVIDER_GCP/us-west1,NEITHER,1571.672572,1104.501641,1102.238161,1074.733032,1106.569651,354.799031,2.06801,180.573568,1074.003052,893.429484,True,243,243,243,243,0,0,0,0.701315,0.702756,0.683815,2.26348,467.170931,894.159464,29.768609,0.32123
golden-p1-0-13cc58571476,split,clip,CLOUD_PROVIDER_AWS/eu-south-2,NEITHER,2109.589768,1478.416243,1476.58217,1434.398274,1480.36281,369.800595,1.946567,197.017504,1434.344238,1237.326734,True,243,243,243,243,0,0,0,0.699938,0.700807,0.679942,1.834073,631.173525,1237.38077,44.017969,0.250133
golden-p1-0-948229b05e77,split,clip,CLOUD_PROVIDER_GCP/us-west1,NEITHER,1596.98317,1135.960857,1133.888467,1126.92075,1138.691975,354.404764,2.731118,164.392352,1126.890381,962.498029,True,243,243,243,243,0,0,0,0.710019,0.711317,0.705656,2.07239,461.022313,962.528398,9.040107,0.311987
golden-p1-0-1f654c460ae1,split,clip,CLOUD_PROVIDER_AWS/us-east-2,NEITHER,2009.601261,1405.376389,1403.245288,1384.525827,1407.243827,384.71455,1.867438,232.416191,1384.440796,1152.024604,True,243,243,243,243,0,0,0,0.698271,0.699331,0.688955,2.131101,604.224872,1152.109636,20.850562,0.273745
golden-p1-0-cf4f240d3d6c,split,clip,CLOUD_PROVIDER_GCP/us-west4,UNET_SICK_ONLY,2651.117738,2036.118205,2004.850331,2007.313142,2037.710273,675.781767,1.592068,415.583585,2012.652954,1597.06937,True,243,243,243,243,0,0,0,0.756228,0.768023,0.757157,31.267874,614.999533,1591.729557,28.805063,0.331897
golden-p1-0-a8a983bb3c06,split,clip,CLOUD_PROVIDER_AWS/eu-south-2,NEITHER,2098.190963,1454.220263,1452.52896,1433.761958,1457.267077,440.417938,3.046814,238.90432,1433.715332,1194.811012,True,243,243,243,243,0,0,0,0.692277,0.693083,0.683332,1.691303,643.9707,1194.857638,20.458305,0.302855
golden-p1-0-1cf36f1ccb7b,split,clip,CLOUD_PROVIDER_AWS/eu-south-2,NEITHER,2145.909391,1500.143349,1498.377865,1477.740502,1502.973459,344.266148,2.83011,188.710272,1477.721802,1289.01153,True,243,243,243,243,0,0,0,0.698248,0.699071,0.688631,1.765484,645.766042,1289.03023,22.402847,0.229489
golden-p1-0-5d6d28753d08,split,clip,CLOUD_PROVIDER_GCP/us-east1,NEITHER,1514.294819,1054.752673,1049.403043,1044.764394,1057.017623,419.840423,2.26495,218.344801,1044.797852,826.45305,True,243,243,243,243,0,0,0,0.692998,0.696531,0.689935,5.34963,459.542146,826.419593,9.988279,0.398046
golden-p1-0-3eac9865036a,split,clip,CLOUD_PROVIDER_GCP/us-east1,NEITHER,1404.381714,1000.399096,999.240266,992.448999,1002.875165,323.53298,2.476069,161.454944,992.408752,830.953808,True,243,243,243,243,0,0,0,0.711516,0.712341,0.70668,1.15883,403.982618,830.994055,7.950097,0.323404
golden-p1-0-992e5f8837b7,split,clip,CLOUD_PROVIDER_AWS/eu-south-2,NEITHER,2121.036745,1471.888687,1467.594165,1446.620483,1473.797097,434.451151,1.90841,225.482689,1446.522217,1221.039528,True,243,243,243,243,0,0,0,0.691923,0.693948,0.682035,4.294522,649.148058,1221.137794,25.268204,0.295166
golden-p1-0-c55c57780a51,split,clip,CLOUD_PROVIDER_AWS/eu-south-2,NEITHER,2128.819334,1511.937543,1510.036964,1485.060003,1514.45744,457.711274,2.519897,232.747232,1485.020752,1252.27352,True,243,243,243,243,0,0,0,0.709331,0.710224,0.697598,1.900579,616.881791,1252.312771,26.87754,0.302732
golden-p1-0-c276ea38dc2a,split,clip,CLOUD_PROVIDER_AWS/eu-south-2,NEITHER,2087.548136,1429.090773,1426.800181,1407.381582,1431.092186,445.377734,2.001413,241.467168,1407.397217,1165.930049,True,243,243,243,243,0,0,0,0.683481,0.684579,0.674179,2.290592,658.457363,1165.914414,21.709191,0.311651
golden-p1-0-ee8b85f1ff10,split,clip,CLOUD_PROVIDER_AWS/eu-south-2,NEITHER,2039.834569,1385.264664,1384.218576,1363.197293,1387.756581,513.321342,2.491917,308.183394,1363.187256,1055.003862,True,243,243,243,243,0,0,0,0.678594,0.679106,0.668288,1.046088,654.569905,1055.013899,22.067371,0.370558
golden-p1-0-c62b32c32ac0,split,clip,CLOUD_PROVIDER_GCP/us-east1,NEITHER,1504.429714,1039.634636,1036.781866,1031.174308,1042.005495,382.569221,2.370859,212.010783,1031.324341,819.313558,True,243,243,243,243,0,0,0,0.689153,0.691049,0.685425,2.85277,464.795078,819.163525,8.460328,0.367984
golden-p1-0-cedc092413a6,split,clip,CLOUD_PROVIDER_GCP/us-east1,NEITHER,1708.080567,1229.435256,1226.929906,1220.503967,1232.008646,342.526477,2.57339,163.953825,1220.42749,1056.473666,True,243,243,243,243,0,0,0,0.718309,0.719776,0.714547,2.50535,478.645311,1056.550142,8.931289,0.278605
golden-p1-0-1e1dbd49c07b,split,clip,CLOUD_PROVIDER_AWS/us-east-2,NEITHER,2240.646552,1586.379622,1584.757093,1562.120687,1588.614109,440.418685,2.234487,227.715935,1562.034424,1334.318489,True,243,243,243,243,0,0,0,0.707277,0.708001,0.697174,1.622529,654.26693,1334.404752,24.258935,0.277625
golden-p1-0-f795b3a3281f,split,clip,CLOUD_PROVIDER_GCP/us-east1,NEITHER,1741.23967,1258.509294,1256.573954,1248.153914,1260.149654,356.766843,1.64036,162.147424,1248.115479,1085.968054,True,243,243,243,243,0,0,0,0.721655,0.722766,0.716819,1.93534,482.730376,1086.00649,10.35538,0.283484
golden-p1-0-38daa20127f0,split,clip,CLOUD_PROVIDER_GCP/us-south1,NEITHER,1580.909837,1113.177311,1111.307492,1101.124088,1115.816679,343.434253,2.639368,154.297344,1100.829834,946.53249,True,243,243,243,243,0,0,0,0.702954,0.704137,0.696513,1.869819,467.732526,946.826744,12.053223,0.308517
golden-p1-0-b0d11b238ecb,split,clip,CLOUD_PROVIDER_GCP/us-central1,NEITHER,1685.275791,1241.563948,1239.805538,1233.152877,1243.887047,328.371517,2.323099,157.30656,1233.125854,1075.819294,True,243,243,243,243,0,0,0,0.735669,0.736713,0.731722,1.75841,443.711843,1075.846317,8.411071,0.264482
golden-p1-0-8cb52394d927,split,clip,CLOUD_PROVIDER_AWS/eu-south-2,NEITHER,3698.337518,1890.149233,1886.361092,1888.393794,1892.316945,370.7352,2.167712,173.500288,1888.322998,1714.82271,True,243,243,243,243,0,0,0,0.510057,0.511081,0.510606,3.788141,1808.188285,1714.893506,1.755439,0.196141
golden-p1-0-9638593aac2b,split,clip,CLOUD_PROVIDER_AWS/eu-south-2,NEITHER,2077.207801,1462.321236,1461.086114,1422.126753,1464.344798,449.195543,2.023562,247.399104,1422.22998,1174.830876,True,243,243,243,243,0,0,0,0.703389,0.703984,0.684634,1.235122,614.886565,1174.727649,40.194483,0.30718
golden-p1-0-4c1077909e17,split,clip,CLOUD_PROVIDER_GCP/us-east1,NEITHER,1865.981871,1368.971854,1353.826546,1357.543586,1372.385237,410.921574,3.413383,195.412896,1358.177002,1162.764106,True,243,243,243,243,0,0,0,0.72553,0.733647,0.727522,15.145308,497.010017,1162.13069,11.428268,0.300168
golden-p1-0-c55e34b7dff1,split,clip,CLOUD_PROVIDER_GCP/us-east1,NEITHER,1697.58067,1257.465609,1255.10885,1181.313908,1259.435417,404.401746,1.969808,225.390241,1181.320801,955.93056,True,243,243,243,243,0,0,0,0.739352,0.74074,0.695881,2.356759,440.115061,955.923667,76.151701,0.321601
golden-p1-0-f5508707fe42,split,clip,CLOUD_PROVIDER_GCP/us-east1,CLIP_SICK_ONLY,5137.022255,4434.147403,4420.252631,2655.720974,4436.393455,1760.375967,2.246052,214.315169,2655.265625,2440.950456,True,243,243,243,243,0,0,0,0.86047,0.863175,0.516977,13.894772,702.874852,2441.405805,1778.426429,0.397004
golden-p1-0-f18b437f0d56,split,clip,CLOUD_PROVIDER_GCP/us-west1,BOTH_SICK,8926.397134,8472.700099,8465.453193,8418.5597,8474.853169,4106.865333,2.15307,163.337664,8418.606445,8255.268781,True,243,243,243,243,0,0,0,0.948362,0.949174,0.943108,7.246906,453.697035,8255.222036,54.140399,0.484717
golden-p1-0-5847f34ad00d,split,clip,CLOUD_PROVIDER_GCP/us-central1,NEITHER,1581.132519,1131.495301,1129.064611,1121.349496,1133.41258,370.043061,1.917279,177.551136,1121.320068,943.768932,True,243,243,243,243,0,0,0,0.714086,0.715623,0.709207,2.43069,449.637218,943.79836,10.145805,0.327039
golden-p1-0-9ea42fdf37d7,split,clip,CLOUD_PROVIDER_AWS/eu-south-2,NEITHER,2004.647197,1394.351176,1392.350698,1368.614667,1396.09893,461.53475,1.747754,235.746081,1368.536499,1132.790418,True,243,243,243,243,0,0,0,0.694561,0.695559,0.682721,2.000478,610.296021,1132.868586,25.736509,0.331003
golden-p1-0-820634ee0c50,split,clip,CLOUD_PROVIDER_GCP/us-central1,NEITHER,1747.745086,1305.099248,1303.284937,1297.495295,1307.329167,345.207287,2.229919,163.496032,1297.483032,1133.987001,True,243,243,243,243,0,0,0,0.745695,0.746733,0.742382,1.814311,442.645838,1133.999263,7.603953,0.264507
golden-p1-0-086561d7f5f6,split,clip,CLOUD_PROVIDER_AWS/us-east-2,NEITHER,2030.592365,1379.75206,1377.587136,1356.838095,1381.520147,343.228171,1.768087,208.731712,1356.842163,1148.110451,True,243,243,243,243,0,0,0,0.678416,0.679483,0.668198,2.164924,650.840305,1148.106383,22.913965,0.248761
golden-p1-0-e0ddcc0aee55,split,clip,CLOUD_PROVIDER_AWS/us-east-1,NEITHER,2110.174193,1448.498316,1446.074985,1425.839955,1450.96384,484.845572,2.465524,242.281537,1425.751343,1183.469806,True,243,243,243,243,0,0,0,0.685287,0.686435,0.675698,2.423331,661.675877,1183.558418,22.658361,0.334723
golden-p1-0-813f62916c5d,split,clip,CLOUD_PROVIDER_GCP/us-west1,NEITHER,1498.615604,1078.773839,1078.0893,1054.478198,1080.610008,333.142243,1.836169,175.346143,,0.0,True,243,243,243,243,0,0,0,0.71939,0.719847,0.703635,0.684539,419.841765,879.132055,24.295641,0.308816
golden-p1-0-1742b7c9b560,split,clip,CLOUD_PROVIDER_GCP/us-east1,CLIP_SICK_ONLY,2598.543061,2079.021459,2068.462,2066.679068,2081.746018,433.338336,2.724559,175.902016,2066.621094,1890.719077,True,243,243,243,243,0,0,0,0.796008,0.800072,0.795322,10.559459,519.521602,1890.777052,12.342391,0.208434
golden-p1-0-b42ae3093492,split,clip,CLOUD_PROVIDER_GCP/us-central1,NEITHER,1313.09246,873.755001,871.127211,865.586305,876.289359,377.078869,2.534358,193.25872,865.519531,672.260812,True,243,243,243,243,0,0,0,0.663417,0.665418,0.659197,2.62779,439.337459,672.327585,8.168696,0.431561
golden-p1-0-0c642e4dc5a7,split,clip,CLOUD_PROVIDER_GCP/us-central1,NEITHER,1420.017485,986.366992,984.469702,978.895535,988.101922,344.285997,1.73493,169.566272,978.873596,809.307325,True,243,243,243,243,0,0,0,0.69328,0.694616,0.689355,1.89729,433.650493,809.329263,7.471457,0.349045
golden-p1-0-4b3254147d4a,split,clip,CLOUD_PROVIDER_AWS/eu-south-2,NEITHER,2165.776475,1556.575693,1554.824437,1517.801555,1559.234685,439.286685,2.658992,233.689759,1517.705688,1284.015929,True,243,243,243,243,0,0,0,0.717906,0.718715,0.700812,1.751256,609.200782,1284.111796,38.774138,0.282214
golden-p1-0-fc03c6c814e9,split,clip,CLOUD_PROVIDER_GCP/us-south1,NEITHER,1699.248603,1227.769012,1225.468812,1216.784344,1230.072482,374.977089,2.30347,178.606752,1216.789307,1038.182554,True,243,243,243,243,0,0,0,0.721183,0.722536,0.716072,2.3002,471.479591,1038.177592,10.984668,0.305413
golden-p1-0-d8df15190c1e,split,clip,CLOUD_PROVIDER_GCP/us-east1,CLIP_SICK_ONLY,2928.566083,2424.47244,2419.250767,2402.604942,2427.287214,475.358897,2.814774,207.558816,2402.227539,2194.668723,True,243,243,243,243,0,0,0,0.826087,0.82787,0.820403,5.221673,504.093643,2195.046126,21.867498,0.196067
golden-p1-0-9c18ee29b69b,split,clip,CLOUD_PROVIDER_AWS/eu-south-2,NEITHER,2076.670007,1458.369219,1455.214374,1416.430362,1461.022279,470.07711,2.65306,269.430206,1416.325928,1146.895721,True,243,243,243,243,0,0,0,0.700744,0.702263,0.682068,3.154845,618.300788,1147.000156,41.938857,0.322331
golden-p1-0-27fb0c70c6c7,split,clip,CLOUD_PROVIDER_GCP/us-west1,NEITHER,1666.856228,1260.139401,1253.936668,1069.561311,1262.32814,364.583347,2.188739,185.403648,1069.494263,884.090614,True,243,243,243,243,0,0,0,0.752276,0.755998,0.641664,6.202733,406.716827,884.157663,190.57809,0.28932
golden-p1-0-8cade6264875,split,clip,CLOUD_PROVIDER_GCP/us-east4,NEITHER,1547.186766,1102.290009,1098.925339,1087.53521,1103.974159,344.144638,1.68415,159.353088,1087.572144,928.219055,True,243,243,243,243,0,0,0,0.710273,0.712448,0.702911,3.36467,444.896757,928.182122,14.754799,0.312209
golden-p1-0-0167b0745ad1,sham,unet,CLOUD_PROVIDER_GCP/us-east1,BOTH_SICK,4339.760444,3812.897065,3807.518358,3797.090311,3815.6805,1266.501767,2.783435,638.037875,3797.170166,3159.132291,True,370,370,370,370,0,0,0,0.877357,0.878596,0.874954,5.378707,526.863379,3159.052436,15.806754,0.332163
golden-p1-0-55de4bb7d00d,sham,unet,CLOUD_PROVIDER_GCP/us-east1,NEITHER,1927.683635,1728.847555,1726.219057,1720.262483,1731.092663,544.985223,2.245108,281.21792,1720.335327,1439.117407,True,370,370,370,370,0,0,0,0.895489,0.896852,0.892399,2.628498,198.83608,1439.044563,8.585072,0.31523
golden-p1-0-8192e1970042,sham,unet,CLOUD_PROVIDER_AWS/us-east-1,NEITHER,2657.126289,2358.850305,2354.929019,2335.62763,2359.63946,612.07422,0.789155,298.908831,2335.658691,2036.74986,True,370,370,370,370,0,0,0,0.886269,0.887745,0.879005,3.921286,298.275984,2036.718799,23.222675,0.25948
golden-p1-0-5e93a6427ce9,sham,unet,CLOUD_PROVIDER_GCP/us-east1,NEITHER,1770.597864,1570.648595,1568.785224,1561.379621,1571.928342,582.126884,1.279747,298.164192,1561.190063,1263.025872,True,370,370,370,370,0,0,0,0.88602,0.887072,0.881838,1.863371,199.949269,1263.215429,9.268974,0.370628
golden-p1-0-094316185d23,sham,unet,CLOUD_PROVIDER_GCP/us-west1,NEITHER,2003.866125,1797.976141,1796.520172,1788.014486,1799.66641,614.038948,1.690269,292.1776,1787.930542,1495.752942,True,370,370,370,370,0,0,0,0.896527,0.897254,0.892282,1.455969,205.889984,1495.836886,9.961655,0.341517
golden-p1-0-126cf4cbe4a8,sham,unet,CLOUD_PROVIDER_GCP/us-east1,CLIP_SICK_ONLY,1700.077282,1502.789127,1500.656137,1493.871108,1505.350847,544.353725,2.56172,275.212192,1493.905762,1218.69357,True,370,370,370,370,0,0,0,0.882699,0.883953,0.878708,2.13299,197.288155,1218.658916,8.918019,0.362229
golden-p1-0-7fdd4ac76369,sham,unet,CLOUD_PROVIDER_GCP/us-east1,BOTH_SICK,4863.297125,3269.120419,3264.101909,2769.81905,3271.234218,1742.716759,2.113799,252.263968,2769.83252,2517.568552,True,370,370,370,370,0,0,0,0.671171,0.672202,0.569535,5.01851,1594.176706,2517.555082,499.301369,0.533084
golden-p1-0-989a779e3893,sham,unet,CLOUD_PROVIDER_UNSPECIFIED/us-central1,UNET_SICK_ONLY,6147.987711,5083.413859,5031.954449,5061.703501,5090.033683,1536.184008,6.619824,1115.817627,5062.867676,3947.050049,True,370,370,370,370,0,0,0,0.818472,0.826842,0.823311,51.45941,1064.573852,3945.885874,21.710358,0.302195
golden-p1-0-5afaa232fa50,sham,unet,CLOUD_PROVIDER_GCP/us-east1,NEITHER,2861.53783,2436.129996,2429.148841,2283.227274,2438.840805,748.847728,2.710809,436.36464,2283.242432,1846.877792,True,370,370,370,370,0,0,0,0.848896,0.851336,0.797902,6.981155,425.407834,1846.862634,152.902722,0.307392
golden-p1-0-44439fe87d78,sham,unet,CLOUD_PROVIDER_GCP/us-east1,NEITHER,1973.273534,1766.38937,1763.394662,1757.852886,1768.413938,558.758265,2.024568,240.665632,1757.906128,1517.240496,True,370,370,370,370,0,0,0,0.893639,0.895157,0.890831,2.994708,206.884164,1517.187254,8.536484,0.316328
golden-p1-0-b0fefeb2a4cb,sham,unet,CLOUD_PROVIDER_GCP/us-east1,NEITHER,1924.583044,1727.973462,1726.643572,1717.170389,1729.876802,532.048438,1.90334,265.922272,1717.280884,1451.358612,True,370,370,370,370,0,0,0,0.897152,0.897843,0.89223,1.32989,196.609582,1451.248117,10.803073,0.307903
golden-p1-0-42f17541d477,sham,unet,CLOUD_PROVIDER_GCP/us-central1,NEITHER,1826.86505,1616.672924,1614.548886,1617.914584,1627.198399,528.074817,10.525475,237.819392,1617.966431,1380.147038,True,370,370,370,370,0,0,0,0.883781,0.884944,0.885623,2.124038,210.192126,1380.095192,-1.24166,0.326643
golden-p1-0-d52ea2cbe79a,sham,unet,CLOUD_PROVIDER_GCP/us-east1,NEITHER,4560.76759,4307.207877,4305.800649,4059.071101,4307.956137,666.269219,0.74826,261.804096,4059.070068,3797.265972,True,370,370,370,370,0,0,0,0.944096,0.944404,0.889997,1.407228,253.559713,3797.267005,248.136776,0.154687
golden-p1-0-716326690293,sham,unet,CLOUD_PROVIDER_GCP/us-central1,NEITHER,1965.772994,1768.79622,1767.54859,1755.229753,1769.50183,543.77114,0.70561,263.458336,1755.239624,1491.781288,True,370,370,370,370,0,0,0,0.899162,0.899797,0.892895,1.24763,196.976774,1491.771417,13.566467,0.307424
golden-p1-0-2143dadd54c0,sham,unet,CLOUD_PROVIDER_GCP/us-central1,NEITHER,1935.940519,1727.234605,1725.242515,1641.96578,1729.818384,571.814386,2.583779,287.991969,1641.947388,1353.955419,True,370,370,370,370,0,0,0,0.891165,0.892194,0.848149,1.99209,208.705914,1353.973811,85.268825,0.331058
golden-p1-0-053b292b0476,sham,unet,CLOUD_PROVIDER_GCP/us-east1,BOTH_SICK,5673.259166,5298.821546,5286.813003,4938.827393,5300.938514,2217.978272,2.116968,310.642497,4938.844727,4628.20223,True,370,370,370,370,0,0,0,0.931883,0.934,0.870545,12.008543,374.43762,4628.184896,359.994153,0.41858
golden-p1-0-2374faf758b9,sham,unet,CLOUD_PROVIDER_GCP/us-east1,NEITHER,2121.302458,1925.71735,1923.8658,1916.187021,1927.36875,545.537455,1.6514,246.547424,1916.160889,1669.613465,True,370,370,370,370,0,0,0,0.906927,0.9078,0.903307,1.85155,195.585108,1669.639597,9.530329,0.283291
golden-p1-0-2af1b6579b10,sham,unet,CLOUD_PROVIDER_GCP/us-east1,NEITHER,1846.518262,1648.561918,1646.684621,1642.436823,1651.434336,572.060929,2.872418,254.8584,1642.511353,1387.652953,True,370,370,370,370,0,0,0,0.891778,0.892795,0.889478,1.877297,197.956344,1387.578423,6.125095,0.347006
golden-p1-0-601c2c13910d,sham,unet,CLOUD_PROVIDER_GCP/us-east1,NEITHER,1782.605654,1582.153113,1580.696964,1573.220875,1584.680332,574.070561,2.527219,266.215424,1573.243286,1307.027862,True,370,370,370,370,0,0,0,0.886734,0.887551,0.88254,1.456149,200.452541,1307.005451,8.932238,0.362841
golden-p1-0-bca55ee4d4f5,sham,unet,CLOUD_PROVIDER_AWS/us-east-2,CLIP_SICK_ONLY,3406.11612,2945.212573,2941.195939,2656.396168,2947.163789,616.135183,1.951216,270.156672,2656.34375,2386.187078,True,370,370,370,370,0,0,0,0.863504,0.864684,0.77989,4.016634,460.903547,2386.239496,288.816405,0.209199
golden-p1-0-82472cd98951,sham,unet,CLOUD_PROVIDER_GCP/us-east1,NEITHER,2354.423737,2150.500254,2149.328744,2016.883316,2152.815493,595.885848,2.315239,293.87984,2016.88208,1723.00224,True,370,370,370,370,0,0,0,0.91289,0.913387,0.856636,1.17151,203.923483,1723.003476,133.616938,0.277092
golden-p1-0-44475e59cc45,sham,unet,CLOUD_PROVIDER_AWS/us-east-1,NEITHER,2448.527422,2160.584778,2159.238894,2139.414369,2163.266447,572.661125,2.681669,332.619552,2139.440674,1806.821121,True,370,370,370,370,0,0,0,0.881852,0.882402,0.873756,1.345884,287.942644,1806.794817,21.170409,0.265049
golden-p1-0-c9f6a763f3e8,sham,unet,CLOUD_PROVIDER_GCP/us-east1,NEITHER,2171.937673,1975.115658,1973.28718,1966.146552,1976.862938,504.96488,1.74728,248.718304,1966.20166,1717.483356,True,370,370,370,370,0,0,0,0.908538,0.90938,0.90525,1.828478,196.822015,1717.428248,8.969106,0.255663
golden-p1-0-c65fa1dd507f,sham,unet,CLOUD_PROVIDER_GCP/us-east1,NEITHER,3325.827609,2903.661483,2899.445407,2656.236446,2906.035111,590.571225,2.373628,255.846688,2656.253174,2400.406486,True,370,370,370,370,0,0,0,0.871797,0.873064,0.798669,4.216076,422.166126,2400.389758,247.425037,0.203388
golden-p1-0-4ab2a4b26325,sham,unet,CLOUD_PROVIDER_AWS/us-east-2,NEITHER,2219.122012,1928.352615,1926.930024,1901.285661,1930.500742,550.131378,2.148127,266.971424,1901.40625,1634.434826,True,370,370,370,370,0,0,0,0.86833,0.868971,0.856774,1.422591,290.769397,1634.314237,27.066954,0.285286
golden-p1-0-3a4aeb5f8f7b,sham,unet,CLOUD_PROVIDER_GCP/us-east1,NEITHER,3073.123929,2606.400087,2602.64934,2435.218409,2609.091774,555.868763,2.691687,263.853376,2435.194336,2171.34096,True,370,370,370,370,0,0,0,0.846907,0.848127,0.792424,3.750747,466.723842,2171.365033,171.181678,0.213271
golden-p1-0-dcdb533a6c45,sham,unet,CLOUD_PROVIDER_GCP/us-east1,NEITHER,1912.186184,1709.708347,1708.638687,1696.551415,1711.935625,547.776408,2.227278,251.638592,1696.530151,1444.891559,True,370,370,370,370,0,0,0,0.893552,0.894112,0.887231,1.06966,202.477837,1444.912823,13.156932,0.320392
golden-p1-0-49cd54fb17f9,sham,unet,CLOUD_PROVIDER_GCP/us-east1,BOTH_SICK,3362.514712,3014.443696,3006.448008,2846.203061,3016.647379,1567.470381,2.203683,1268.639811,2845.556152,1576.916341,True,370,370,370,370,0,0,0,0.894107,0.896485,0.846451,7.995688,348.071016,1577.56325,168.240635,0.519987
golden-p1-0-36ae7d4406d0,sham,unet,CLOUD_PROVIDER_GCP/us-east1,NEITHER,2007.881942,1805.139126,1804.015306,1797.740636,1807.454586,538.035701,2.31546,253.171359,1797.779297,1544.607938,True,370,370,370,370,0,0,0,0.898467,0.899027,0.895342,1.12382,202.742816,1544.569277,7.39849,0.298058
golden-p1-0-20ffd3348a64,sham,unet,CLOUD_PROVIDER_AWS/us-east-2,CLIP_SICK_ONLY,3707.331334,3185.807603,3180.136775,2941.359244,3187.749643,614.378814,1.94204,273.52464,2941.404053,2667.879412,True,370,370,370,370,0,0,0,0.857797,0.859326,0.79339,5.670828,521.523731,2667.834604,244.448359,0.192849
golden-p1-0-2eeba36e26ca,sham,unet,CLOUD_PROVIDER_GCP/us-east1,NEITHER,1726.817282,1529.655848,1527.576369,1521.248374,1531.450427,563.857192,1.794579,244.875328,,0.0,True,370,370,370,370,0,0,0,0.88462,0.885824,0.880955,2.079479,197.161434,1276.373046,8.407474,0.368617
golden-p1-0-50c2f8922166,sham,unet,CLOUD_PROVIDER_GCP/us-east1,NEITHER,2994.218684,2570.416991,2566.323215,2483.6543,2573.10557,561.95264,2.688579,256.472384,,0.0,True,370,370,370,370,0,0,0,0.857093,0.85846,0.829483,4.093776,423.801693,2227.181916,86.762691,0.218623
golden-p1-0-31bfc8941f50,sham,unet,CLOUD_PROVIDER_AWS/us-east-2,NEITHER,3619.739349,2841.529034,2832.436526,2814.974718,2843.273984,687.995199,1.74495,414.343267,2815.003174,2400.659907,True,370,370,370,370,0,0,0,0.782497,0.785009,0.777673,9.092508,778.210315,2400.631451,26.554316,0.242121
golden-p1-0-ae39c1188c47,sham,unet,CLOUD_PROVIDER_GCP/us-central1,NEITHER,2979.763471,2490.510578,2487.676712,2342.043699,2492.263388,548.836449,1.75281,262.601663,2341.973145,2079.371481,True,370,370,370,370,0,0,0,0.834857,0.835808,0.785983,2.833866,489.252893,2079.442036,148.466879,0.220371
golden-p1-0-59be1bb3d1ab,sham,unet,CLOUD_PROVIDER_GCP/us-central1,NEITHER,1829.551994,1629.517615,1627.853185,1620.782715,1632.543585,567.527469,3.02597,248.543743,1620.829346,1372.285602,True,370,370,370,370,0,0,0,0.889755,0.890665,0.88589,1.66443,200.034379,1372.238972,8.7349,0.348279
golden-p1-0-057743d5e38b,sham,unet,CLOUD_PROVIDER_GCP/us-east4,NEITHER,1906.024041,1697.563244,1695.871466,1688.880938,1700.604883,587.862045,3.041639,302.289374,1688.885254,1386.595879,True,370,370,370,370,0,0,0,0.889743,0.890631,0.886075,1.691778,208.460797,1386.591564,8.682306,0.346298
golden-p1-0-713c16a9741b,sham,unet,CLOUD_PROVIDER_GCP/us-east1,NEITHER,2086.72718,1895.2911,1893.885007,1885.587719,1896.974126,538.054929,1.683026,239.365408,,0.0,True,370,370,370,370,0,0,0,0.907586,0.90826,0.90361,1.406093,191.43608,1646.222311,9.703381,0.28389
golden-p1-0-4a6d91e34623,sham,unet,CLOUD_PROVIDER_GCP/us-central1,NEITHER,1832.778238,1631.091493,1628.717923,1623.269977,1631.769663,529.764382,0.67817,236.331392,1623.244751,1386.913359,True,370,370,370,370,0,0,0,0.888661,0.889956,0.885688,2.37357,201.686745,1386.938585,7.821516,0.324791
golden-p1-0-61154fff0d74,sham,unet,CLOUD_PROVIDER_GCP/us-east1,NEITHER,1967.608678,1767.598765,1764.457517,1757.630831,1769.880093,542.84569,2.281328,237.432001,1757.697266,1520.265265,True,370,370,370,370,0,0,0,0.896752,0.898349,0.893283,3.141248,200.009913,1520.19883,9.967934,0.307109
golden-p1-0-48240aac9c05,sham,unet,CLOUD_PROVIDER_GCP/us-east1,NEITHER,2112.001678,1915.848581,1914.880291,1905.382068,1916.459271,509.819651,0.61069,259.939168,1905.441284,1645.502116,True,370,370,370,370,0,0,0,0.906666,0.907125,0.902169,0.96829,196.153097,1645.4429,10.466513,0.266106
golden-p1-0-882148b2eca0,sham,unet,CLOUD_PROVIDER_AWS/eu-south-2,NEITHER,2069.303768,1783.071958,1782.321886,1760.945276,1784.984761,619.560831,1.912803,291.037151,1760.946533,1469.909382,True,370,370,370,370,0,0,0,0.861315,0.861677,0.850984,0.750072,286.23181,1469.908125,22.126682,0.347468
golden-p1-0-2d6604576096,sham,unet,CLOUD_PROVIDER_AWS/us-east-2,NEITHER,3528.243969,3067.338819,3061.804579,2987.888789,3069.46841,726.426335,2.129591,401.377596,2987.915283,2586.537687,True,370,370,370,370,0,0,0,0.867798,0.869367,0.846849,5.53424,460.90515,2586.511193,79.45003,0.236826
golden-p1-0-5ae9efa67e60,sham,unet,CLOUD_PROVIDER_GCP/us-east1,UNET_SICK_ONLY,3266.18968,2856.708929,2850.453249,2700.684497,2858.809988,728.039694,2.101059,256.900352,2700.730225,2443.829872,True,370,370,370,370,0,0,0,0.872715,0.87463,0.826861,6.25568,409.480751,2443.784145,156.024432,0.254853
golden-p1-0-1ef32fc4f4cb,sham,unet,CLOUD_PROVIDER_GCP/us-east1,NEITHER,2091.665982,1888.364994,1884.762386,1879.947577,1891.522253,546.012694,3.157259,240.878049,1880.062256,1639.184207,True,370,370,370,370,0,0,0,0.901082,0.902804,0.89878,3.602608,203.300988,1639.069528,8.417417,0.289146
golden-p1-0-937a1515d926,sham,unet,CLOUD_PROVIDER_GCP/us-east1,NEITHER,2074.626667,1871.72396,1869.19322,1862.97453,1872.4993,547.485703,0.77534,256.837921,1863.076538,1606.238618,True,370,370,370,370,0,0,0,0.900978,0.902198,0.897981,2.53074,202.902707,1606.136609,8.74943,0.292503
golden-p1-0-fa5ee5036931,sham,unet,CLOUD_PROVIDER_GCP/us-central1,NEITHER,1697.747228,1501.489572,1499.349662,1491.221027,1503.164472,595.318828,1.6749,278.465984,1491.236328,1212.770344,True,370,370,370,370,0,0,0,0.883141,0.884401,0.878353,2.13991,196.257656,1212.755043,10.268545,0.396485
golden-p1-0-5f7757c48a80,sham,unet,CLOUD_PROVIDER_GCP/us-east1,NEITHER,3140.001656,2828.369351,2819.752546,2531.169014,2831.04455,1100.155262,2.675199,797.968666,2531.241943,1733.273277,True,370,370,370,370,0,0,0,0.89801,0.900754,0.806104,8.616805,311.632305,1733.200348,297.200337,0.388972
golden-p1-0-907303a11d5c,sham,unet,CLOUD_PROVIDER_GCP/us-east1,UNET_SICK_ONLY,3215.81793,2240.357586,2235.793217,2104.747874,2241.125306,750.291488,0.76772,259.067776,2104.601807,1845.534031,True,370,370,370,370,0,0,0,0.695249,0.696668,0.654498,4.564369,975.460344,1845.680098,135.609712,0.334898
golden-p1-0-d15a1e39801b,sham,unet,CLOUD_PROVIDER_GCP/us-east1,NEITHER,1967.395077,1766.530219,1764.87381,1757.717682,1768.713438,544.264463,2.183219,238.32544,1757.777954,1519.452514,True,370,370,370,370,0,0,0,0.897061,0.897903,0.893424,1.656409,200.864858,1519.392242,8.812537,0.308098
golden-p1-0-0b56ab29f792,sham,unet,CLOUD_PROVIDER_GCP/us-east1,BOTH_SICK,3684.521101,3127.53406,3125.364552,1704.295669,3129.863428,523.648484,2.329368,254.457184,1704.242065,1449.784882,True,370,370,370,370,0,0,0,0.848242,0.848831,0.462556,2.169508,556.987041,1449.838485,1423.238391,0.167432
golden-p1-0-daa5bf313c61,sham,unet,CLOUD_PROVIDER_GCP/us-central1,NEITHER,1674.592506,1480.302168,1478.170038,1470.23561,1480.913428,499.717088,0.61126,241.80656,1470.267578,1228.461018,True,370,370,370,370,0,0,0,0.882704,0.883978,0.877966,2.13213,194.290338,1228.42905,10.066558,0.337578
golden-p1-0-c567cb9ddeb6,sham,unet,CLOUD_PROVIDER_AWS/eu-south-2,NEITHER,2589.583215,2301.875855,2300.903095,2279.033387,2304.924186,668.254517,3.048331,344.592736,2279.140625,1934.547889,True,370,370,370,370,0,0,0,0.888523,0.888898,0.880077,0.97276,287.70736,1934.440651,22.842468,0.290309
golden-p1-0-da67cc9d8d0b,sham,unet,CLOUD_PROVIDER_AWS/eu-south-2,NEITHER,2515.920126,2220.213127,2217.841687,2195.701653,2222.541945,616.89178,2.328818,347.279171,2195.753174,1848.474003,True,370,370,370,370,0,0,0,0.881523,0.882466,0.872723,2.37144,295.706999,1848.422482,24.511474,0.277853
golden-p1-0-b7fdd92f9e9e,sham,unet,CLOUD_PROVIDER_AWS/us-east-2,NEITHER,2583.834936,2298.480225,2295.988341,2275.452821,2299.193919,538.558547,0.713694,266.683648,2275.466553,2008.782905,True,370,370,370,370,0,0,0,0.888597,0.889562,0.880649,2.491884,285.354711,2008.769173,23.027404,0.234311
golden-p1-0-a131424e6113,sham,unet,CLOUD_PROVIDER_GCP/us-east1,NEITHER,1960.259964,1746.916788,1746.449858,1730.171325,1749.160657,555.833956,2.243869,289.772544,1730.160889,1440.388345,True,370,370,370,370,0,0,0,0.890928,0.891166,0.882623,0.46693,213.343176,1440.398781,16.745463,0.31818
golden-p1-0-57b4759a4ad6,split,unet,CLOUD_PROVIDER_GCP/us-central1,NEITHER,1948.834482,1749.011633,1747.175293,1736.941243,1749.959963,566.350677,0.94833,325.835617,1736.964478,1411.128861,True,370,370,370,370,0,0,0,0.896523,0.897465,0.891272,1.83634,199.822849,1411.105626,12.07039,0.323812
golden-p1-0-4fa535221943,split,unet,CLOUD_PROVIDER_AWS/us-east-2,NEITHER,2116.131211,1829.907031,1828.54082,1808.97562,1830.854752,532.186228,0.947721,281.754144,1809.004028,1527.249885,True,370,370,370,370,0,0,0,0.864096,0.864742,0.85485,1.366211,286.22418,1527.221476,20.931411,0.290827
golden-p1-0-b451904156c4,split,unet,CLOUD_PROVIDER_AWS/eu-south-2,CLIP_SICK_ONLY,2343.870788,2054.613751,2052.523953,2034.830168,2056.847794,534.28344,2.234043,295.381695,2034.814453,1739.432758,True,370,370,370,370,0,0,0,0.875698,0.87659,0.868149,2.089798,289.257037,1739.448473,19.783583,0.260041
golden-p1-0-296923abcf59,split,unet,CLOUD_PROVIDER_AWS/eu-south-2,NEITHER,2223.799001,1936.694248,1935.718865,1915.276475,1938.949609,608.267092,2.255361,300.763233,1915.305542,1614.542309,True,370,370,370,370,0,0,0,0.870456,0.870894,0.861263,0.975383,287.104753,1614.513242,21.417773,0.314075
golden-p1-0-1d519563ba2e,split,unet,CLOUD_PROVIDER_AWS/eu-south-2,NEITHER,1930.128575,1644.793725,1643.233337,1624.651171,1648.17067,635.17528,3.376945,270.397696,1624.634644,1354.236948,True,370,370,370,370,0,0,0,0.85136,0.852168,0.841732,1.560388,285.33485,1354.253475,20.142554,0.386173
golden-p1-0-7c30e10e3e03,split,unet,CLOUD_PROVIDER_AWS/us-east-2,NEITHER,2570.955636,2282.012247,2281.424928,2259.620839,2284.096572,514.249944,2.084325,269.307456,2259.695068,1990.387612,True,370,370,370,370,0,0,0,0.887384,0.887612,0.878903,0.587319,288.943389,1990.313383,22.391408,0.225349
golden-p1-0-b27b71fd9862,split,unet,CLOUD_PROVIDER_AWS/eu-south-2,NEITHER,2960.033576,2643.967155,2639.398812,2618.824194,2646.541607,695.11717,2.574452,312.519456,2618.824463,2306.305007,True,370,370,370,370,0,0,0,0.891679,0.893222,0.884728,4.568343,316.066421,2306.304738,25.142961,0.262907
golden-p1-0-292b8fcb144e,split,unet,CLOUD_PROVIDER_GCP/us-west1,NEITHER,2048.090688,1813.996213,1813.093563,1803.138749,1821.625049,591.146255,7.628836,263.543679,1803.154663,1539.610984,True,370,370,370,370,0,0,0,0.88526,0.885701,0.8804,0.90265,234.094475,1539.59507,10.857464,0.325881
golden-p1-0-8a94295fb53e,split,unet,CLOUD_PROVIDER_GCP/us-west1,NEITHER,1964.129512,1767.153459,1765.336169,1739.418624,1767.791568,507.685588,0.638109,245.93856,1739.375,1493.43644,True,370,370,370,370,0,0,0,0.898788,0.899713,0.885593,1.81729,196.976053,1493.480064,27.734835,0.28729
golden-p1-0-ae58e06b7153,split,unet,CLOUD_PROVIDER_AWS/eu-south-2,NEITHER,2567.219816,2268.433277,2267.467461,2244.981184,2270.856349,686.692703,2.423072,366.083711,2245.008789,1878.925078,True,370,370,370,370,0,0,0,0.883239,0.883615,0.87448,0.965816,298.786539,1878.897473,23.452093,0.302717
golden-p1-0-51fd5230eeee,split,unet,CLOUD_PROVIDER_GCP/us-east1,CLIP_SICK_ONLY,2039.825746,1833.879715,1832.553455,1823.648606,1834.656495,556.879064,0.77678,245.683744,1823.716553,1578.032809,True,370,370,370,370,0,0,0,0.898387,0.899037,0.894022,1.32626,205.946031,1577.964862,10.231109,0.303662
golden-p1-0-6b48551a89bf,split,unet,CLOUD_PROVIDER_GCP/us-east1,NEITHER,2312.594667,2102.121345,2094.255591,2091.880603,2104.177714,723.711864,2.056369,318.753472,2091.938477,1773.185005,True,370,370,370,370,0,0,0,0.905587,0.908988,0.90456,7.865754,210.473322,1773.127131,10.240742,0.344277
golden-p1-0-723ef1b9aba2,split,unet,CLOUD_PROVIDER_AWS/eu-south-2,NEITHER,2553.864791,2259.433175,2257.344515,2237.959597,2260.226252,530.728355,0.793077,280.990656,2237.968262,1956.977606,True,370,370,370,370,0,0,0,0.883894,0.884711,0.876303,2.08866,294.431616,1956.968941,21.473578,0.234894
golden-p1-0-824abddc8534,split,unet,CLOUD_PROVIDER_GCP/us-south1,NEITHER,1980.330326,1771.88349,1768.980431,1759.621017,1773.938599,578.988726,2.055109,289.692096,1759.685669,1469.993573,True,370,370,370,370,0,0,0,0.893275,0.894741,0.888549,2.903059,208.446836,1469.928921,12.262473,0.326765
golden-p1-0-79d116930c41,split,unet,CLOUD_PROVIDER_AWS/eu-south-2,NEITHER,2627.756021,2339.291028,2337.876314,2310.656806,2341.664504,671.481076,2.373476,368.555712,2310.672852,1942.117139,True,370,370,370,370,0,0,0,0.889685,0.890224,0.879327,1.414714,288.464993,1942.101094,28.634222,0.287045
golden-p1-0-0bd6d0b59820,split,unet,CLOUD_PROVIDER_AWS/eu-south-2,NEITHER,2331.504919,2044.602224,2041.786442,2022.428599,2045.545642,517.282251,0.943418,273.032768,2022.505981,1749.473214,True,370,370,370,370,0,0,0,0.875738,0.876945,0.867435,2.815782,286.902695,1749.395831,22.173625,0.252999
golden-p1-0-92ee88eb928e,split,unet,CLOUD_PROVIDER_GCP/us-south1,NEITHER,2177.895476,1973.88076,1972.05736,1961.388657,1976.762668,540.570962,2.881908,242.961472,1961.439331,1718.477859,True,370,370,370,370,0,0,0,0.905488,0.906325,0.900589,1.8234,204.014716,1718.427185,12.492103,0.273862
golden-p1-0-08da5cf6fc04,split,unet,CLOUD_PROVIDER_GCP/us-central1,NEITHER,1893.574965,1687.444046,1685.946406,1679.39244,1690.267025,496.345953,2.822979,243.380032,1679.377686,1435.997654,True,370,370,370,370,0,0,0,0.890351,0.891142,0.88689,1.49764,206.130919,1436.012408,8.051606,0.294141
golden-p1-0-c54c61498d47,split,unet,CLOUD_PROVIDER_AWS/us-east-2,NEITHER,2504.961063,2218.10732,2216.314629,2197.476754,2220.317663,560.351512,2.210343,296.542495,2197.542969,1901.000473,True,370,370,370,370,0,0,0,0.88477,0.885486,0.87725,1.792691,286.853743,1900.934259,20.630566,0.252626
golden-p1-0-438132260083,split,unet,CLOUD_PROVIDER_AWS/eu-south-2,NEITHER,2309.409489,2023.720716,2022.130588,2002.897305,2026.356375,637.468124,2.635659,341.046464,2002.864746,1661.818282,True,370,370,370,370,0,0,0,0.875605,0.876294,0.867277,1.590128,285.688773,1661.850841,20.823411,0.314998
golden-p1-0-3826114a6c00,split,unet,CLOUD_PROVIDER_GCP/us-east1,UNET_SICK_ONLY,6354.433696,6125.573115,6094.287561,6115.004033,6126.958849,1316.443184,1.385734,318.065472,6114.347168,5796.281696,True,370,370,370,370,0,0,0,0.959061,0.963984,0.962321,31.285554,228.860581,5796.938561,10.569082,0.214909
golden-p1-0-925d7329000b,split,unet,CLOUD_PROVIDER_GCP/us-east1,NEITHER,2017.225818,1804.282177,1801.231768,1797.525889,1806.317702,535.483869,2.035525,252.391712,1797.921875,1545.530163,True,370,370,370,370,0,0,0,0.892925,0.894437,0.891088,3.050409,212.943641,1545.134177,6.756288,0.296785
golden-p1-0-6a375dac8927,split,unet,CLOUD_PROVIDER_GCP/us-west4,NEITHER,1687.147812,1488.894312,1486.849899,1477.845756,1489.578116,548.541862,0.683804,310.352065,1478.095337,1167.743272,True,370,370,370,370,0,0,0,0.88128,0.882492,0.875943,2.044413,198.2535,1167.493691,11.048556,0.368422
golden-p1-0-db19026e4982,split,unet,CLOUD_PROVIDER_GCP/us-west1,NEITHER,1777.118404,1577.960386,1576.817866,1569.369286,1580.235116,523.148349,2.27473,247.500352,1569.376831,1321.876479,True,370,370,370,370,0,0,0,0.887289,0.887932,0.883098,1.14252,199.158018,1321.868934,8.5911,0.331535
golden-p1-0-0ccc2b0f86af,split,unet,CLOUD_PROVIDER_GCP/us-south1,NEITHER,1496.173072,1300.142704,1297.627004,1291.713165,1302.779284,545.167897,2.63658,270.220736,1291.699585,1021.478849,True,370,370,370,370,0,0,0,0.867297,0.868979,0.863345,2.5157,196.030368,1021.492429,8.429539,0.419314
golden-p1-0-d28e7a1afa46,split,unet,CLOUD_PROVIDER_AWS/eu-south-2,NEITHER,2458.012366,2168.095424,2166.678637,2147.817654,2170.425146,541.774702,2.329722,268.717888,2147.880371,1879.162483,True,370,370,370,370,0,0,0,0.881476,0.882052,0.873803,1.416787,289.916942,1879.099766,20.27777,0.249885
golden-p1-0-61ebd33e8658,split,unet,CLOUD_PROVIDER_GCP/us-east1,NEITHER,2185.587064,1977.188925,1976.336036,1966.523275,1979.300354,516.717937,2.111429,260.172832,1966.588257,1706.415425,True,370,370,370,370,0,0,0,0.904259,0.904649,0.899769,0.852889,208.398139,1706.350443,10.66565,0.26134
golden-p1-0-26c81b6fbbba,split,unet,CLOUD_PROVIDER_AWS/eu-south-2,NEITHER,2549.062643,2260.735497,2259.358207,2231.15725,2263.44163,680.981856,2.706133,357.082208,2231.170654,1874.088446,True,370,370,370,370,0,0,0,0.886349,0.886889,0.875285,1.37729,288.327146,1874.075042,29.578247,0.301221
golden-p1-0-b372d8d741ca,split,unet,CLOUD_PROVIDER_GCP/us-east1,NEITHER,2183.327155,1983.180627,1981.305057,1854.344239,1983.808377,543.793904,0.62775,244.318752,1854.373413,1610.054661,True,370,370,370,370,0,0,0,0.907471,0.90833,0.84932,1.87557,200.146528,1610.025487,128.836388,0.274203
golden-p1-0-19dc038244e2,split,unet,CLOUD_PROVIDER_AWS/eu-south-2,NEITHER,2394.150777,2107.090985,2104.993148,2082.972791,2108.109377,698.036446,1.018392,383.391006,2083.025635,1699.634628,True,370,370,370,370,0,0,0,0.879223,0.8801,0.870026,2.097837,287.059792,1699.581785,24.118194,0.33128
golden-p1-0-5f9470cfb95a,split,unet,CLOUD_PROVIDER_GCP/us-east1,UNET_SICK_ONLY,5374.823169,5163.486668,5152.952067,5151.688517,5165.567131,1202.697413,2.080463,294.26272,5151.228027,4856.965308,True,370,370,370,370,0,0,0,0.95872,0.96068,0.958485,10.534601,211.336501,4857.425797,11.798151,0.232924
golden-p1-0-080ebc80f2a1,split,unet,CLOUD_PROVIDER_GCP/us-central1,NEITHER,1867.016994,1667.890859,1665.016879,1659.757383,1670.656328,507.544129,2.765469,263.021024,1659.823364,1396.80234,True,370,370,370,370,0,0,0,0.891806,0.893345,0.888989,2.87398,199.126135,1396.736359,8.133476,0.304303
golden-p1-0-815ebd6fa268,split,unet,CLOUD_PROVIDER_GCP/us-east1,NEITHER,1752.312021,1545.909224,1544.306944,1534.542645,1547.671284,505.616278,1.76206,245.18992,,0.0,True,370,370,370,370,0,0,0,0.881297,0.882211,0.875725,1.60228,206.402797,1289.352725,11.366579,0.327067
golden-p1-0-3d5e14441945,split,unet,CLOUD_PROVIDER_GCP/us-east4,NEITHER,1932.215747,1739.84468,1738.622321,1732.801242,1741.59293,534.126646,1.74825,260.445313,1732.795654,1472.350342,True,370,370,370,370,0,0,0,0.899808,0.90044,0.896795,1.222359,192.371067,1472.355929,7.043438,0.306997
golden-p1-0-a0886fd5a439,split,unet,CLOUD_PROVIDER_AWS/us-east-2,NEITHER,2224.488791,1936.964719,1935.123945,1914.429039,1938.922295,546.976281,1.957576,263.870784,1914.482544,1650.61176,True,370,370,370,370,0,0,0,0.869918,0.870746,0.860615,1.840774,287.524072,1650.558255,22.53568,0.282388
golden-p1-0-4564becda83e,split,unet,CLOUD_PROVIDER_AWS/us-east-1,NEITHER,2579.132087,2291.278084,2289.873053,2268.499014,2292.065337,628.24767,0.787253,358.110241,2268.571777,1910.461537,True,370,370,370,370,0,0,0,0.887846,0.888391,0.879559,1.405031,287.854003,1910.388773,22.77907,0.274191
golden-p1-0-a6dc8b7b28bb,split,unet,CLOUD_PROVIDER_AWS/eu-south-2,NEITHER,2322.705792,2033.869174,2032.633826,2007.869799,2036.489897,614.914225,2.620723,309.642943,2007.901001,1698.258058,True,370,370,370,370,0,0,0,0.875115,0.875646,0.864453,1.235348,288.836618,1698.226856,25.999375,0.302337
golden-p1-0-fdb090816a7d,split,unet,CLOUD_PROVIDER_GCP/us-east1,NEITHER,1785.567076,1584.549034,1582.266004,1570.854197,1586.578624,493.377721,2.02959,255.45424,1570.890747,1315.436507,True,370,370,370,370,0,0,0,0.886142,0.887421,0.879751,2.28303,201.018042,1315.399957,13.694837,0.311368
golden-p1-0-6855fe838f22,split,unet,CLOUD_PROVIDER_GCP/us-east4,NEITHER,2074.477819,1834.747032,1832.936702,1809.462093,1836.616462,617.385304,1.86943,276.849472,1809.48291,1532.633438,True,370,370,370,370,0,0,0,0.883565,0.884438,0.872249,1.81033,239.730787,1532.612621,25.284939,0.336496
golden-p1-0-71b662facb86,split,unet,CLOUD_PROVIDER_AWS/eu-south-2,NEITHER,2415.146367,2124.920276,2124.14416,2103.346179,2127.359729,619.591624,2.439453,361.486944,2103.41748,1741.930536,True,370,370,370,370,0,0,0,0.879509,0.879831,0.870898,0.776116,290.226091,1741.859235,21.574097,0.291583
golden-p1-0-5c29e07fa082,split,unet,CLOUD_PROVIDER_AWS/us-east-1,NEITHER,2364.144111,2079.731371,2077.262026,2056.098657,2081.983048,711.994289,2.251677,359.220896,2056.120117,1696.899221,True,370,370,370,370,0,0,0,0.878653,0.879697,0.869701,2.469345,284.41274,1696.877761,23.632714,0.342349
golden-p1-0-819491c39d01,split,unet,CLOUD_PROVIDER_GCP/us-east1,NEITHER,2147.004306,1946.62948,1945.4757,1936.98539,1947.2427,588.81499,0.61322,257.437568,1936.95752,1679.519952,True,370,370,370,370,0,0,0,0.906135,0.906672,0.90218,1.15378,200.374826,1679.547822,9.64409,0.302479
golden-p1-0-adbed01eb5ec,split,unet,CLOUD_PROVIDER_GCP/us-east1,NEITHER,1819.687386,1623.938657,1622.772007,1616.732218,1625.839226,537.540402,1.900569,250.317408,1616.706543,1366.389135,True,370,370,370,370,0,0,0,0.891786,0.892427,0.888467,1.16665,195.748729,1366.41481,7.206439,0.33101
golden-p1-0-521732d73d73,split,unet,CLOUD_PROVIDER_GCP/us-east1,NEITHER,2198.94158,1977.217154,1974.219384,1955.707975,1979.531674,586.577702,2.31452,277.6312,1955.679443,1678.048243,True,370,370,370,370,0,0,0,0.897804,0.899168,0.889386,2.99777,221.724426,1678.076775,21.509179,0.296668
golden-p1-0-034908961bcd,split,unet,CLOUD_PROVIDER_GCP/us-west1,NEITHER,1861.257686,1660.070264,1658.398444,1648.295317,1660.869464,519.219475,0.7992,234.965696,1648.275391,1413.309695,True,370,370,370,370,0,0,0,0.89101,0.891908,0.885581,1.67182,201.187422,1413.329621,11.774947,0.31277
golden-p1-0-8013bf52d6d3,split,unet,CLOUD_PROVIDER_AWS/us-east-2,NEITHER,2215.881975,1928.493995,1927.267966,1908.773433,1930.579114,589.391234,2.085119,270.755968,1908.815796,1638.059828,True,370,370,370,370,0,0,0,0.869752,0.870305,0.861406,1.226029,287.38798,1638.017465,19.720562,0.305623
golden-p1-0-a56ff2430f82,split,unet,CLOUD_PROVIDER_GCP/us-west1,NEITHER,2046.197641,1837.91489,1835.7905,1827.18645,1838.6805,569.836447,0.76561,259.893472,1827.19873,1567.305259,True,370,370,370,370,0,0,0,0.897172,0.89821,0.892967,2.12439,208.282751,1567.292978,10.72844,0.310045
golden-p1-0-13cc58571476,split,unet,CLOUD_PROVIDER_AWS/eu-south-2,NEITHER,2021.247465,1735.074779,1732.924258,1714.38653,1737.701677,571.98619,2.626898,299.637025,1714.388428,1414.751403,True,370,370,370,370,0,0,0,0.857354,0.858418,0.848182,2.150521,286.172686,1414.749505,20.688249,0.329661
golden-p1-0-948229b05e77,split,unet,CLOUD_PROVIDER_GCP/us-west1,NEITHER,1834.067431,1634.754833,1633.196783,1618.610172,1637.093922,527.539835,2.339089,235.64608,1618.68396,1383.03788,True,370,370,370,370,0,0,0,0.890478,0.891328,0.882525,1.55805,199.312598,1382.964092,16.144661,0.322703
golden-p1-0-1f654c460ae1,split,unet,CLOUD_PROVIDER_AWS/us-east-2,NEITHER,2450.852202,2166.427333,2163.548745,2144.481576,2168.347932,560.613197,1.920599,270.684288,2144.606201,1873.921913,True,370,370,370,370,0,0,0,0.882774,0.883949,0.874994,2.878588,284.424869,1873.797288,21.945757,0.258773
golden-p1-0-cf4f240d3d6c,split,unet,CLOUD_PROVIDER_GCP/us-west4,UNET_SICK_ONLY,4452.071665,4224.804441,4212.022092,4210.578508,4227.415328,753.800589,2.610887,326.376768,4222.078125,3895.701357,True,370,370,370,370,0,0,0,0.946081,0.948952,0.945757,12.782349,227.267224,3884.20174,14.225933,0.178423
golden-p1-0-a8a983bb3c06,split,unet,CLOUD_PROVIDER_AWS/eu-south-2,NEITHER,2620.866708,2326.103645,2325.174459,2303.255448,2328.79233,692.822414,2.688685,374.270272,2303.27124,1929.000969,True,370,370,370,370,0,0,0,0.887178,0.887532,0.878814,0.929186,294.763063,1928.985176,22.848197,0.297847
golden-p1-0-1cf36f1ccb7b,split,unet,CLOUD_PROVIDER_AWS/eu-south-2,NEITHER,2360.755156,2065.790926,2063.454925,2026.1875,2067.868255,571.173308,2.077329,287.616097,2026.219727,1738.60363,True,370,370,370,370,0,0,0,0.874066,0.875055,0.858279,2.336001,294.96423,1738.571403,39.603426,0.276491
golden-p1-0-5d6d28753d08,split,unet,CLOUD_PROVIDER_GCP/us-east1,NEITHER,2197.56932,1993.523082,1992.337922,1984.264942,1995.621542,533.57628,2.09846,257.19808,1984.346558,1727.148477,True,370,370,370,370,0,0,0,0.90661,0.907149,0.902936,1.18516,204.046238,1727.066862,9.25814,0.267655
golden-p1-0-3eac9865036a,split,unet,CLOUD_PROVIDER_GCP/us-east1,NEITHER,1983.122735,1781.743469,1780.00566,1773.978432,1784.061448,522.676313,2.317979,253.555488,1773.992798,1520.43731,True,370,370,370,370,0,0,0,0.897577,0.898453,0.894538,1.737809,201.379266,1520.422944,7.765037,0.293351
golden-p1-0-992e5f8837b7,split,unet,CLOUD_PROVIDER_AWS/eu-south-2,NEITHER,2412.440133,2124.483995,2122.195971,2103.468831,2126.920918,599.561956,2.436923,310.574944,2103.544922,1792.969978,True,370,370,370,370,0,0,0,0.879689,0.880637,0.871926,2.288024,287.956138,1792.893887,21.015164,0.282215
golden-p1-0-c55c57780a51,split,unet,CLOUD_PROVIDER_AWS/eu-south-2,NEITHER,2435.619668,2147.889773,2146.458184,2124.248823,2150.023219,678.065164,2.133446,377.322463,2124.331787,1747.009324,True,370,370,370,370,0,0,0,0.881278,0.881866,0.872159,1.431589,287.729895,1746.92636,23.64095,0.315689
golden-p1-0-c276ea38dc2a,split,unet,CLOUD_PROVIDER_AWS/eu-south-2,NEITHER,2626.762067,2336.153103,2333.541861,2310.55816,2338.930303,672.55948,2.7772,363.960255,2310.644043,1946.683788,True,370,370,370,370,0,0,0,0.888372,0.889366,0.879622,2.611242,290.608964,1946.597905,25.594943,0.287892
golden-p1-0-ee8b85f1ff10,split,unet,CLOUD_PROVIDER_AWS/eu-south-2,NEITHER,2414.82409,2127.31183,2126.669718,2106.062873,2129.660859,666.965225,2.349029,337.010976,2106.125,1769.114024,True,370,370,370,370,0,0,0,0.880673,0.880939,0.872139,0.642112,287.51226,1769.051897,21.248957,0.313525
golden-p1-0-c62b32c32ac0,split,unet,CLOUD_PROVIDER_GCP/us-east1,NEITHER,1845.943053,1650.799599,1649.47723,1641.614963,1652.724988,530.52449,1.925389,260.657217,1641.589111,1380.931894,True,370,370,370,370,0,0,0,0.893569,0.894285,0.88931,1.322369,195.143454,1380.957746,9.184636,0.321374
golden-p1-0-cedc092413a6,split,unet,CLOUD_PROVIDER_GCP/us-east1,NEITHER,2029.526722,1824.535785,1822.623435,1816.146146,1825.276655,521.82685,0.74087,235.038656,1816.193237,1581.154581,True,370,370,370,370,0,0,0,0.898053,0.898996,0.894862,1.91235,204.990937,1581.10749,8.389639,0.286005
golden-p1-0-1e1dbd49c07b,split,unet,CLOUD_PROVIDER_AWS/us-east-2,NEITHER,2660.99523,2375.005265,2373.539002,2350.25768,2377.441068,622.795674,2.435803,342.258304,2350.346924,2008.08862,True,370,370,370,370,0,0,0,0.891974,0.892525,0.883225,1.466263,285.989965,2007.999376,24.747585,0.262229
golden-p1-0-f795b3a3281f,split,unet,CLOUD_PROVIDER_GCP/us-east1,NEITHER,1974.177148,1770.781278,1768.730638,1760.538218,1771.581408,535.001199,0.80013,239.997312,1760.578369,1520.581057,True,370,370,370,370,0,0,0,0.895933,0.896972,0.891783,2.05064,203.39587,1520.540906,10.24306,0.302127
golden-p1-0-38daa20127f0,split,unet,CLOUD_PROVIDER_GCP/us-south1,NEITHER,2154.266551,1955.954289,1955.47621,1945.860416,1958.370098,534.31128,2.415809,246.740319,1945.900391,1699.160071,True,370,370,370,370,0,0,0,0.907722,0.907944,0.903259,0.478079,198.312262,1699.120097,10.093873,0.273172
golden-p1-0-b0d11b238ecb,split,unet,CLOUD_PROVIDER_GCP/us-central1,NEITHER,2132.843748,1932.103018,1930.718258,1923.006378,1934.207288,543.32088,2.10427,238.015392,1923.071899,1685.056508,True,370,370,370,370,0,0,0,0.905232,0.905881,0.901616,1.38476,200.74073,1684.990986,9.09664,0.281207
golden-p1-0-8cb52394d927,split,unet,CLOUD_PROVIDER_AWS/eu-south-2,NEITHER,4307.383338,3275.447403,3272.347876,2802.840415,3278.245603,655.385425,2.7982,332.16656,2802.723877,2470.557317,True,370,370,370,370,0,0,0,0.759707,0.760426,0.650706,3.099527,1031.935935,2470.673855,472.606988,0.20009
golden-p1-0-9638593aac2b,split,unet,CLOUD_PROVIDER_AWS/eu-south-2,NEITHER,2149.396066,1863.751729,1862.800286,1839.406194,1865.849327,646.950839,2.097598,288.572512,1839.437256,1550.864744,True,370,370,370,370,0,0,0,0.866662,0.867105,0.855778,0.951443,285.644337,1550.833682,24.345535,0.347123
golden-p1-0-4c1077909e17,split,unet,CLOUD_PROVIDER_GCP/us-east1,NEITHER,1667.969515,1468.154437,1466.9864,1456.962337,1468.860842,514.316079,0.706405,250.761888,1456.935425,1206.173537,True,370,370,370,370,0,0,0,0.879504,0.880205,0.873495,1.168037,199.815078,1206.200449,11.1921,0.350315
golden-p1-0-c55e34b7dff1,split,unet,CLOUD_PROVIDER_GCP/us-east1,NEITHER,1784.434409,1581.727438,1579.014491,1574.093134,1583.785907,565.334963,2.058469,234.128192,1574.19458,1340.066388,True,370,370,370,370,0,0,0,0.884882,0.886403,0.882124,2.712947,202.706971,1339.964942,7.634304,0.357416
golden-p1-0-f5508707fe42,split,unet,CLOUD_PROVIDER_GCP/us-east1,CLIP_SICK_ONLY,1877.950027,1672.745244,1668.760715,1661.907599,1673.474553,531.927835,0.729309,237.169216,,0.0,True,370,370,370,370,0,0,0,0.888608,0.890729,0.884958,3.984529,205.204783,1424.738383,10.837645,0.317997
golden-p1-0-f18b437f0d56,split,unet,CLOUD_PROVIDER_GCP/us-west1,BOTH_SICK,2568.72712,2356.178081,2348.051364,2344.758405,2357.99977,539.776894,1.821689,235.34304,2344.76416,2109.42112,True,370,370,370,370,0,0,0,0.914091,0.917255,0.912809,8.126717,212.549039,2109.415365,11.419676,0.22909
golden-p1-0-5847f34ad00d,split,unet,CLOUD_PROVIDER_GCP/us-central1,NEITHER,1860.151415,1653.32433,1651.369262,1645.976913,1655.964399,524.52433,2.640069,236.239936,1646.048096,1409.808159,True,370,370,370,370,0,0,0,0.887761,0.888812,0.884862,1.955068,206.827085,1409.736977,7.347417,0.317254
golden-p1-0-9ea42fdf37d7,split,unet,CLOUD_PROVIDER_AWS/eu-south-2,NEITHER,2469.434739,2183.752286,2183.486016,2155.492808,2185.771293,700.470262,2.019007,367.603968,2155.528076,1787.924108,True,370,370,370,370,0,0,0,0.884205,0.884313,0.872869,0.26627,285.682453,1787.88884,28.259478,0.320765
golden-p1-0-820634ee0c50,split,unet,CLOUD_PROVIDER_GCP/us-central1,NEITHER,1630.343024,1431.386145,1429.988065,1422.765595,1433.329405,532.211955,1.94326,250.638656,1422.837769,1172.199112,True,370,370,370,370,0,0,0,0.877109,0.877966,0.872679,1.39808,198.956879,1172.126939,8.62055,0.371816
golden-p1-0-086561d7f5f6,split,unet,CLOUD_PROVIDER_AWS/us-east-2,NEITHER,2260.612393,1970.78595,1969.875811,1936.284519,1971.548534,577.338891,0.762584,266.056672,1936.309082,1670.252411,True,370,370,370,370,0,0,0,0.87139,0.871793,0.856531,0.910139,289.826443,1670.227847,34.501431,0.292949
golden-p1-0-e0ddcc0aee55,split,unet,CLOUD_PROVIDER_AWS/us-east-1,NEITHER,2460.448283,2167.637932,2165.946311,2145.14827,2170.372358,734.372046,2.734426,402.683839,2145.171875,1742.488036,True,370,370,370,370,0,0,0,0.880306,0.880993,0.871853,1.691621,292.810351,1742.464431,22.489662,0.338789
golden-p1-0-813f62916c5d,split,unet,CLOUD_PROVIDER_GCP/us-west1,NEITHER,3260.377001,3064.52915,3061.063921,3055.256724,3065.43672,780.447318,0.90757,301.9696,3055.341064,2753.371465,True,370,370,370,370,0,0,0,0.938868,0.939931,0.937087,3.465229,195.847851,2753.287124,9.272426,0.254671
golden-p1-0-1742b7c9b560,split,unet,CLOUD_PROVIDER_GCP/us-east1,CLIP_SICK_ONLY,1747.419444,1546.549707,1542.832877,1538.482937,1548.470437,499.613184,1.92073,261.88352,1538.538086,1276.654566,True,370,370,370,370,0,0,0,0.882921,0.885048,0.880431,3.71683,200.869737,1276.599417,8.06677,0.32305
golden-p1-0-b42ae3093492,split,unet,CLOUD_PROVIDER_GCP/us-central1,NEITHER,1557.550788,1361.123785,1359.659196,1349.331592,1363.410144,493.008014,2.286359,267.128672,1349.30481,1082.176138,True,370,370,370,370,0,0,0,0.872947,0.873887,0.866316,1.464589,196.427003,1082.20292,11.792193,0.362207
golden-p1-0-0c642e4dc5a7,split,unet,CLOUD_PROVIDER_GCP/us-central1,NEITHER,1603.817306,1402.894573,1401.491603,1395.151596,1404.633222,492.000351,1.738649,228.523744,1395.112549,1166.588805,True,370,370,370,370,0,0,0,0.873847,0.874722,0.869894,1.40297,200.922733,1166.627852,7.742977,0.350704
golden-p1-0-4b3254147d4a,split,unet,CLOUD_PROVIDER_AWS/eu-south-2,NEITHER,2485.936012,2197.913202,2195.985999,2174.157827,2200.135612,675.070706,2.22241,351.442976,2174.184814,1822.741838,True,370,370,370,370,0,0,0,0.883364,0.884139,0.874583,1.927203,288.02281,1822.714851,23.755375,0.307142
golden-p1-0-fc03c6c814e9,split,unet,CLOUD_PROVIDER_GCP/us-south1,NEITHER,2090.803906,1886.07228,1883.985032,1874.515892,1886.80413,568.601707,0.73185,259.69088,1874.595459,1614.904579,True,370,370,370,370,0,0,0,0.901082,0.90208,0.896553,2.087248,204.731626,1614.825012,11.556388,0.301474
golden-p1-0-d8df15190c1e,split,unet,CLOUD_PROVIDER_GCP/us-east1,CLIP_SICK_ONLY,2103.549396,1877.921502,1872.016749,1844.626115,1880.942988,645.049351,3.021486,305.967328,1841.320801,1535.353473,True,370,370,370,370,0,0,0,0.889932,0.892739,0.876911,5.904753,225.627894,1538.658787,33.295387,0.343491
golden-p1-0-9c18ee29b69b,split,unet,CLOUD_PROVIDER_AWS/eu-south-2,NEITHER,2472.432015,2182.012185,2180.123755,2159.664269,2184.90175,647.319045,2.889565,366.469536,2159.716553,1793.247017,True,370,370,370,370,0,0,0,0.881773,0.882537,0.873498,1.88843,290.41983,1793.194733,22.347916,0.296662
golden-p1-0-27fb0c70c6c7,split,unet,CLOUD_PROVIDER_GCP/us-west1,NEITHER,1953.195588,1755.991595,1754.131345,1740.772591,1756.868465,659.529574,0.87687,282.548833,1740.871216,1458.322383,True,370,370,370,370,0,0,0,0.898083,0.899035,0.891243,1.86025,197.203993,1458.223758,15.219004,0.375588
golden-p1-0-8cade6264875,split,unet,CLOUD_PROVIDER_GCP/us-east4,NEITHER,1989.361676,1793.5532,1791.78798,1783.81248,1796.52046,560.747059,2.96726,260.93744,1783.847046,1522.909606,True,370,370,370,370,0,0,0,0.900685,0.901572,0.896676,1.76522,195.808476,1522.87504,9.74072,0.312646
