group_family,group,n_requests,computed_valid,clip_present,unet_present,hard_sick_clip,hard_sick_unet,hard_sick_both,clip_sick_rate,unet_sick_rate,clip_ge_100_n,clip_ge_100_rate,unet_ge_100_n,unet_ge_100_rate,clip_ge_250_n,clip_ge_250_rate,unet_ge_250_n,unet_ge_250_rate,clip_ge_500_n,clip_ge_500_rate,unet_ge_500_n,unet_ge_500_rate,clip_ge_1000_n,clip_ge_1000_rate,unet_ge_1000_n,unet_ge_1000_rate,clip_ge_2000_n,clip_ge_2000_rate,unet_ge_2000_n,unet_ge_2000_rate,clip_max_preadv_ms_median,clip_max_preadv_ms_p95,unet_max_preadv_ms_median,unet_max_preadv_ms_p95,clip_load_ms_median,clip_load_ms_p95,unet_load_ms_median,unet_load_ms_p95,severity_score_median,severity_score_p95
overall,overall,141,141,141,141,14,12,6,0.099291,0.085106,38,0.269504,34,0.241135,35,0.248227,24,0.170213,22,0.156028,17,0.120567,14,0.099291,10,0.070922,6,0.042553,2,0.014184,51.397944,1838.574062,52.545754,1308.306746,1894.150225,4780.138946,2171.937673,4339.760444,4.317359,6.101717
arm,sham,55,55,55,55,8,8,5,0.145455,0.145455,21,0.381818,23,0.418182,20,0.363636,18,0.327273,15,0.272727,11,0.2,8,0.145455,7,0.127273,4,0.072727,1,0.018182,56.316718,2238.086968,63.570798,1719.070616,1994.313556,5021.979364,2121.302458,4651.52645,4.31165,6.18137
arm,split,86,86,86,86,6,4,1,0.069767,0.046512,17,0.197674,11,0.127907,15,0.174419,6,0.069767,7,0.081395,6,0.069767,6,0.069767,3,0.034884,2,0.023256,1,0.011628,48.541874,1414.979816,51.412513,774.077737,1891.415863,3530.314362,2180.611316,3185.291145,4.323365,5.793918
provider,CLOUD_PROVIDER_AWS,48,48,48,48,3,0,0,0.0625,0.0,6,0.125,5,0.104167,6,0.125,5,0.104167,3,0.0625,2,0.041667,3,0.0625,0,0.0,0,0.0,0,0.0,47.420917,888.235034,50.390477,426.467098,2112.228831,3651.480398,2459.230325,3587.715966,4.337801,5.569949
provider,CLOUD_PROVIDER_GCP,92,92,92,92,11,11,6,0.119565,0.119565,31,0.336957,28,0.304348,28,0.304348,18,0.195652,18,0.195652,14,0.152174,11,0.119565,10,0.108696,6,0.065217,2,0.021739,55.218054,2290.736065,58.393764,1727.693829,1672.709179,5025.260487,1986.242205,4500.984831,4.285412,6.161322
provider,CLOUD_PROVIDER_UNSPECIFIED,1,1,1,1,0,1,0,0.0,1.0,1,1.0,1,1.0,1,1.0,1,1.0,1,1.0,1,1.0,0,0.0,0,0.0,0,0.0,0,0.0,685.393723,685.393723,860.170494,860.170494,4605.973146,4605.973146,6147.987711,6147.987711,5.425264,5.425264
region,eu-south-2,29,29,29,29,1,0,0,0.034483,0.0,2,0.068966,1,0.034483,2,0.068966,1,0.034483,1,0.034483,1,0.034483,1,0.034483,0,0.0,0,0.0,0,0.0,47.330083,290.858985,51.551992,66.389158,2114.28347,3064.610948,2435.619668,2827.122554,4.33814,4.877231
region,us-central1,17,17,17,17,0,1,0,0.0,0.058824,2,0.117647,3,0.176471,2,0.117647,2,0.117647,1,0.058824,1,0.058824,0,0.0,0,0.0,0,0.0,0,0.0,47.706722,435.110345,58.366379,517.035104,1581.132519,2760.652171,1860.151415,3613.408319,4.243552,5.061676
region,us-east-1,5,5,5,5,0,0,0,0.0,0.0,0,0.0,0,0.0,0,0.0,0,0.0,0,0.0,0,0.0,0,0.0,0,0.0,0,0.0,0,0.0,47.746158,59.320791,39.565046,51.115393,2125.47345,2143.466053,2460.448283,2641.527449,4.337461,4.405205
region,us-east-2,14,14,14,14,2,0,0,0.142857,0.0,4,0.285714,4,0.285714,4,0.285714,4,0.285714,2,0.142857,1,0.071429,2,0.142857,0,0.0,0,0.0,0,0.0,50.182585,1375.8724,48.927783,490.746368,2084.373632,5578.358638,2537.95835,3650.396544,4.339344,5.992256
region,us-east1,55,55,55,55,10,9,5,0.181818,0.163636,26,0.472727,22,0.4,23,0.418182,14,0.254545,17,0.309091,11,0.2,10,0.181818,8,0.145455,5,0.090909,1,0.018182,83.318074,2503.778306,58.90673,1767.84257,1741.23967,5164.221615,2086.72718,5016.754938,4.366719,6.18137
region,us-east4,4,4,4,4,0,0,0,0.0,0.0,0,0.0,0,0.0,0,0.0,0,0.0,0,0.0,0,0.0,0,0.0,0,0.0,0,0.0,0,0.0,48.604797,89.023119,49.428655,84.364797,1595.89524,1714.234583,1960.788711,2061.710398,4.21884,4.425005
region,us-south1,5,5,5,5,0,0,0,0.0,0.0,1,0.2,0,0.0,1,0.2,0,0.0,0,0.0,0,0.0,0,0.0,0,0.0,0,0.0,0,0.0,44.067052,360.475127,47.597601,81.805602,1553.382306,1675.58085,2090.803906,2173.169691,4.183193,4.750583
region,us-west1,10,10,10,10,1,1,1,0.1,0.1,2,0.2,3,0.3,2,0.2,2,0.2,1,0.1,2,0.2,1,0.1,1,0.1,1,0.1,0,0.0,49.904196,1818.227466,63.858992,1036.490015,1631.919699,5779.127887,1983.997818,2949.134555,4.247343,5.812984
region,us-west4,2,2,2,2,0,1,0,0.0,0.5,1,0.5,1,0.5,1,0.5,1,0.5,0,0.0,1,0.5,0,0.0,1,0.5,0,0.0,1,0.5,225.3049,387.863873,1197.552909,2242.198811,2080.00188,2594.006152,3069.609739,4313.825472,4.61699,5.013485
provider_region,CLOUD_PROVIDER_AWS/eu-south-2,29,29,29,29,1,0,0,0.034483,0.0,2,0.068966,1,0.034483,2,0.068966,1,0.034483,1,0.034483,1,0.034483,1,0.034483,0,0.0,0,0.0,0,0.0,47.330083,290.858985,51.551992,66.389158,2114.28347,3064.610948,2435.619668,2827.122554,4.33814,4.877231
provider_region,CLOUD_PROVIDER_AWS/us-east-1,5,5,5,5,0,0,0,0.0,0.0,0,0.0,0,0.0,0,0.0,0,0.0,0,0.0,0,0.0,0,0.0,0,0.0,0,0.0,0,0.0,47.746158,59.320791,39.565046,51.115393,2125.47345,2143.466053,2460.448283,2641.527449,4.337461,4.405205
provider_region,CLOUD_PROVIDER_AWS/us-east-2,14,14,14,14,2,0,0,0.142857,0.0,4,0.285714,4,0.285714,4,0.285714,4,0.285714,2,0.142857,1,0.071429,2,0.142857,0,0.0,0,0.0,0,0.0,50.182585,1375.8724,48.927783,490.746368,2084.373632,5578.358638,2537.95835,3650.396544,4.339344,5.992256
provider_region,CLOUD_PROVIDER_GCP/us-central1,16,16,16,16,0,0,0,0.0,0.0,1,0.0625,2,0.125,1,0.0625,1,0.0625,0,0.0,0,0.0,0,0.0,0,0.0,0,0.0,0,0.0,47.328432,140.621153,56.442688,189.992839,1561.029815,1911.317469,1846.464827,2344.573679,4.23552,4.489961
provider_region,CLOUD_PROVIDER_GCP/us-east1,55,55,55,55,10,9,5,0.181818,0.163636,26,0.472727,22,0.4,23,0.418182,14,0.254545,17,0.309091,11,0.2,10,0.181818,8,0.145455,5,0.090909,1,0.018182,83.318074,2503.778306,58.90673,1767.84257,1741.23967,5164.221615,2086.72718,5016.754938,4.366719,6.18137
provider_region,CLOUD_PROVIDER_GCP/us-east4,4,4,4,4,0,0,0,0.0,0.0,0,0.0,0,0.0,0,0.0,0,0.0,0,0.0,0,0.0,0,0.0,0,0.0,0,0.0,0,0.0,48.604797,89.023119,49.428655,84.364797,1595.89524,1714.234583,1960.788711,2061.710398,4.21884,4.425005
provider_region,CLOUD_PROVIDER_GCP/us-south1,5,5,5,5,0,0,0,0.0,0.0,1,0.2,0,0.0,1,0.2,0,0.0,0,0.0,0,0.0,0,0.0,0,0.0,0,0.0,0,0.0,44.067052,360.475127,47.597601,81.805602,1553.382306,1675.58085,2090.803906,2173.169691,4.183193,4.750583
provider_region,CLOUD_PROVIDER_GCP/us-west1,10,10,10,10,1,1,1,0.1,0.1,2,0.2,3,0.3,2,0.2,2,0.2,1,0.1,2,0.2,1,0.1,1,0.1,1,0.1,0,0.0,49.904196,1818.227466,63.858992,1036.490015,1631.919699,5779.127887,1983.997818,2949.134555,4.247343,5.812984
provider_region,CLOUD_PROVIDER_GCP/us-west4,2,2,2,2,0,1,0,0.0,0.5,1,0.5,1,0.5,1,0.5,1,0.5,0,0.0,1,0.5,0,0.0,1,0.5,0,0.0,1,0.5,225.3049,387.863873,1197.552909,2242.198811,2080.00188,2594.006152,3069.609739,4313.825472,4.61699,5.013485
provider_region,CLOUD_PROVIDER_UNSPECIFIED/us-central1,1,1,1,1,0,1,0,0.0,1.0,1,1.0,1,1.0,1,1.0,1,1.0,1,1.0,1,1.0,0,0.0,0,0.0,0,0.0,0,0.0,685.393723,685.393723,860.170494,860.170494,4605.973146,4605.973146,6147.987711,6147.987711,5.425264,5.425264
resource_relation,same,55,55,55,55,8,8,5,0.145455,0.145455,21,0.381818,23,0.418182,20,0.363636,18,0.327273,15,0.272727,11,0.2,8,0.145455,7,0.127273,4,0.072727,1,0.018182,56.316718,2238.086968,63.570798,1719.070616,1994.313556,5021.979364,2121.302458,4651.52645,4.31165,6.18137
resource_relation,switched,86,86,86,86,6,4,1,0.069767,0.046512,17,0.197674,11,0.127907,15,0.174419,6,0.069767,7,0.081395,6,0.069767,6,0.069767,3,0.034884,2,0.023256,1,0.011628,48.541874,1414.979816,51.412513,774.077737,1891.415863,3530.314362,2180.611316,3185.291145,4.323365,5.793918
clip_resource,A,79,79,79,79,8,8,3,0.101266,0.101266,19,0.240506,17,0.21519,19,0.240506,12,0.151899,13,0.164557,10,0.126582,8,0.101266,6,0.075949,3,0.037975,2,0.025316,51.397944,1848.429626,52.479066,1353.407299,1867.835199,4815.827277,2147.004306,4914.449729,4.306717,6.10668
clip_resource,B,62,62,62,62,6,4,3,0.096774,0.064516,19,0.306452,17,0.274194,16,0.258065,12,0.193548,9,0.145161,7,0.112903,6,0.096774,4,0.064516,3,0.048387,0,0.0,51.539647,1774.187246,52.722399,1211.385835,1960.743778,4767.843568,2198.25545,3681.282013,4.342413,5.916201
resource_direction,A->A,34,34,34,34,5,5,3,0.147059,0.147059,11,0.323529,11,0.323529,11,0.323529,9,0.264706,9,0.264706,7,0.205882,5,0.147059,4,0.117647,2,0.058824,1,0.029412,52.989278,2005.610375,57.284712,1466.158682,1773.846424,4936.780691,2080.676924,5146.783839,4.296183,6.168265
resource_direction,A->B,45,45,45,45,3,3,0,0.066667,0.066667,8,0.177778,6,0.133333,8,0.177778,3,0.066667,4,0.088889,3,0.066667,3,0.066667,2,0.044444,1,0.022222,1,0.022222,48.725809,1151.070559,51.572008,847.25495,1894.150225,3414.983615,2185.587064,4153.664047,4.318238,5.636927
resource_direction,B->A,41,41,41,41,3,1,1,0.073171,0.02439,9,0.219512,5,0.121951,7,0.170732,3,0.073171,3,0.073171,3,0.073171,3,0.073171,1,0.02439,1,0.02439,0,0.0,48.357939,1735.525853,50.269461,708.286154,1865.981871,3564.460033,2149.396066,2626.762067,4.328869,5.814517
resource_direction,B->B,21,21,21,21,3,3,2,0.142857,0.142857,10,0.47619,12,0.571429,9,0.428571,9,0.428571,6,0.285714,4,0.190476,3,0.142857,3,0.142857,2,0.095238,0,0.0,60.024237,2550.4346,135.049357,1701.824189,2298.663053,4933.81904,2583.834936,4339.760444,4.423221,6.173518
