request_id,arm,role,read_count,max_preadv_ms,recovery_class_250,recovery_class_500,recovery_class_1000,count_ge_250,first_seq_ge_250,last_seq_ge_250,toggles_ge_250,count_ge_500,first_seq_ge_500,last_seq_ge_500,toggles_ge_500,count_ge_1000,first_seq_ge_1000,last_seq_ge_1000,toggles_ge_1000
golden-p1-0-0167b0745ad1,sham,clip,243,2627.663478,alternating,alternating,single_episode,23,2,127,34,6,10,111,12,1,56,56,2
golden-p1-0-0167b0745ad1,sham,unet,370,1701.824189,alternating,alternating,alternating,8,2,123,14,3,13,38,6,2,13,38,4
golden-p1-0-55de4bb7d00d,sham,clip,243,51.397944,none,none,none,0,,,0,0,,,0,0,,,0
golden-p1-0-55de4bb7d00d,sham,unet,370,37.441656,none,none,none,0,,,0,0,,,0,0,,,0
golden-p1-0-8192e1970042,sham,clip,243,44.336799,none,none,none,0,,,0,0,,,0,0,,,0
golden-p1-0-8192e1970042,sham,unet,370,52.695201,none,none,none,0,,,0,0,,,0,0,,,0
golden-p1-0-5e93a6427ce9,sham,clip,243,44.922879,none,none,none,0,,,0,0,,,0,0,,,0
golden-p1-0-5e93a6427ce9,sham,unet,370,35.038676,none,none,none,0,,,0,0,,,0,0,,,0
golden-p1-0-094316185d23,sham,clip,243,46.011086,none,none,none,0,,,0,0,,,0,0,,,0
golden-p1-0-094316185d23,sham,unet,370,67.198475,none,none,none,0,,,0,0,,,0,0,,,0
golden-p1-0-126cf4cbe4a8,sham,clip,243,2483.782751,alternating,alternating,alternating,5,2,167,10,2,99,167,4,2,99,167,4
golden-p1-0-126cf4cbe4a8,sham,unet,370,37.422477,none,none,none,0,,,0,0,,,0,0,,,0
golden-p1-0-7fdd4ac76369,sham,clip,243,1268.867857,alternating,alternating,alternating,4,43,199,8,4,43,199,8,2,43,46,4
golden-p1-0-7fdd4ac76369,sham,unet,370,2039.796815,alternating,alternating,alternating,6,0,229,9,5,0,229,7,3,32,229,6
golden-p1-0-989a779e3893,sham,clip,243,685.393723,alternating,alternating,none,5,1,71,8,3,1,6,4,0,,,0
golden-p1-0-989a779e3893,sham,unet,370,860.170494,alternating,alternating,none,7,1,107,8,6,1,107,6,0,,,0
golden-p1-0-5afaa232fa50,sham,clip,243,808.051179,alternating,alternating,none,7,5,131,12,2,6,12,4,0,,,0
golden-p1-0-5afaa232fa50,sham,unet,370,448.479962,alternating,none,none,5,5,54,10,0,,,0,0,,,0
golden-p1-0-44439fe87d78,sham,clip,243,43.148373,none,none,none,0,,,0,0,,,0,0,,,0
golden-p1-0-44439fe87d78,sham,unet,370,40.321006,none,none,none,0,,,0,0,,,0,0,,,0
golden-p1-0-b0fefeb2a4cb,sham,clip,243,35.871317,none,none,none,0,,,0,0,,,0,0,,,0
golden-p1-0-b0fefeb2a4cb,sham,unet,370,42.68692,none,none,none,0,,,0,0,,,0,0,,,0
golden-p1-0-42f17541d477,sham,clip,243,33.645534,none,none,none,0,,,0,0,,,0,0,,,0
golden-p1-0-42f17541d477,sham,unet,370,67.015651,none,none,none,0,,,0,0,,,0,0,,,0
golden-p1-0-d52ea2cbe79a,sham,clip,243,329.076516,alternating,none,none,2,45,210,4,0,,,0,0,,,0
golden-p1-0-d52ea2cbe79a,sham,unet,370,249.173786,none,none,none,0,,,0,0,,,0,0,,,0
golden-p1-0-716326690293,sham,clip,243,51.006954,none,none,none,0,,,0,0,,,0,0,,,0
golden-p1-0-716326690293,sham,unet,370,109.573366,none,none,none,0,,,0,0,,,0,0,,,0
golden-p1-0-2143dadd54c0,sham,clip,243,40.704376,none,none,none,0,,,0,0,,,0,0,,,0
golden-p1-0-2143dadd54c0,sham,unet,370,87.324964,none,none,none,0,,,0,0,,,0,0,,,0
golden-p1-0-053b292b0476,sham,clip,243,1937.129698,alternating,alternating,alternating,13,1,129,22,7,1,85,10,3,2,85,6
golden-p1-0-053b292b0476,sham,unet,370,1759.312278,alternating,alternating,alternating,10,0,270,13,6,1,270,8,4,1,270,6
golden-p1-0-2374faf758b9,sham,clip,243,41.027019,none,none,none,0,,,0,0,,,0,0,,,0
golden-p1-0-2374faf758b9,sham,unet,370,54.344968,none,none,none,0,,,0,0,,,0,0,,,0
golden-p1-0-2af1b6579b10,sham,clip,243,60.024237,none,none,none,0,,,0,0,,,0,0,,,0
golden-p1-0-2af1b6579b10,sham,unet,370,62.336344,none,none,none,0,,,0,0,,,0,0,,,0
golden-p1-0-601c2c13910d,sham,clip,243,34.920091,none,none,none,0,,,0,0,,,0,0,,,0
golden-p1-0-601c2c13910d,sham,unet,370,40.15351,none,none,none,0,,,0,0,,,0,0,,,0
golden-p1-0-bca55ee4d4f5,sham,clip,243,1126.725352,alternating,alternating,single_episode,8,0,75,9,6,2,75,10,1,20,20,2
golden-p1-0-bca55ee4d4f5,sham,unet,370,335.16835,alternating,none,none,3,8,48,6,0,,,0,0,,,0
golden-p1-0-82472cd98951,sham,clip,243,41.212095,none,none,none,0,,,0,0,,,0,0,,,0
golden-p1-0-82472cd98951,sham,unet,370,135.049357,none,none,none,0,,,0,0,,,0,0,,,0
golden-p1-0-44475e59cc45,sham,clip,243,40.223041,none,none,none,0,,,0,0,,,0,0,,,0
golden-p1-0-44475e59cc45,sham,unet,370,38.468179,none,none,none,0,,,0,0,,,0,0,,,0
golden-p1-0-c9f6a763f3e8,sham,clip,243,898.547925,alternating,single_episode,none,3,44,184,4,1,44,44,2,0,,,0
golden-p1-0-c9f6a763f3e8,sham,unet,370,55.995509,none,none,none,0,,,0,0,,,0,0,,,0
golden-p1-0-c65fa1dd507f,sham,clip,243,303.68409,alternating,none,none,1,0,0,1,0,,,0,0,,,0
golden-p1-0-c65fa1dd507f,sham,unet,370,576.285586,alternating,single_episode,none,7,3,165,10,1,155,155,2,0,,,0
golden-p1-0-4ab2a4b26325,sham,clip,243,40.320705,none,none,none,0,,,0,0,,,0,0,,,0
golden-p1-0-4ab2a4b26325,sham,unet,370,43.647358,none,none,none,0,,,0,0,,,0,0,,,0
golden-p1-0-3a4aeb5f8f7b,sham,clip,243,520.027275,alternating,single_episode,none,4,0,35,3,2,1,2,2,0,,,0
golden-p1-0-3a4aeb5f8f7b,sham,unet,370,378.971031,alternating,none,none,6,3,280,10,0,,,0,0,,,0
golden-p1-0-dcdb533a6c45,sham,clip,243,30.475983,none,none,none,0,,,0,0,,,0,0,,,0
golden-p1-0-dcdb533a6c45,sham,unet,370,37.420955,none,none,none,0,,,0,0,,,0,0,,,0
golden-p1-0-49cd54fb17f9,sham,clip,243,2132.788776,alternating,alternating,alternating,6,3,78,12,3,19,78,6,3,19,78,6
golden-p1-0-49cd54fb17f9,sham,unet,370,1017.406292,alternating,single_episode,single_episode,4,1,203,6,2,1,2,2,2,1,2,2
golden-p1-0-36ae7d4406d0,sham,clip,243,34.36672,none,none,none,0,,,0,0,,,0,0,,,0
golden-p1-0-36ae7d4406d0,sham,unet,370,59.2983,none,none,none,0,,,0,0,,,0,0,,,0
golden-p1-0-20ffd3348a64,sham,clip,243,1838.574062,alternating,alternating,alternating,10,0,52,9,9,0,52,9,4,1,52,6
golden-p1-0-20ffd3348a64,sham,unet,370,518.823408,alternating,single_episode,none,4,2,65,8,1,2,2,2,0,,,0
golden-p1-0-2eeba36e26ca,sham,clip,243,39.581898,none,none,none,0,,,0,0,,,0,0,,,0
golden-p1-0-2eeba36e26ca,sham,unet,370,48.976739,none,none,none,0,,,0,0,,,0,0,,,0
golden-p1-0-50c2f8922166,sham,clip,243,672.374653,alternating,single_episode,none,8,0,11,7,1,9,9,2,0,,,0
golden-p1-0-50c2f8922166,sham,unet,370,373.842089,alternating,none,none,3,2,30,6,0,,,0,0,,,0
golden-p1-0-31bfc8941f50,sham,clip,243,370.165328,alternating,none,none,3,2,7,4,0,,,0,0,,,0
golden-p1-0-31bfc8941f50,sham,unet,370,475.627962,alternating,none,none,3,4,75,6,0,,,0,0,,,0
golden-p1-0-ae39c1188c47,sham,clip,243,372.539501,alternating,none,none,4,0,14,3,0,,,0,0,,,0
golden-p1-0-ae39c1188c47,sham,unet,370,431.251257,alternating,none,none,4,5,359,6,0,,,0,0,,,0
golden-p1-0-59be1bb3d1ab,sham,clip,243,63.315037,none,none,none,0,,,0,0,,,0,0,,,0
golden-p1-0-59be1bb3d1ab,sham,unet,370,58.366379,none,none,none,0,,,0,0,,,0,0,,,0
golden-p1-0-057743d5e38b,sham,clip,243,56.316718,none,none,none,0,,,0,0,,,0,0,,,0
golden-p1-0-057743d5e38b,sham,unet,370,43.523303,none,none,none,0,,,0,0,,,0,0,,,0
golden-p1-0-713c16a9741b,sham,clip,243,52.550186,none,none,none,0,,,0,0,,,0,0,,,0
golden-p1-0-713c16a9741b,sham,unet,370,56.203046,none,none,none,0,,,0,0,,,0,0,,,0
golden-p1-0-4a6d91e34623,sham,clip,243,41.759116,none,none,none,0,,,0,0,,,0,0,,,0
golden-p1-0-4a6d91e34623,sham,unet,370,48.410968,none,none,none,0,,,0,0,,,0,0,,,0
golden-p1-0-61154fff0d74,sham,clip,243,50.827052,none,none,none,0,,,0,0,,,0,0,,,0
golden-p1-0-61154fff0d74,sham,unet,370,45.898289,none,none,none,0,,,0,0,,,0,0,,,0
golden-p1-0-48240aac9c05,sham,clip,243,40.952014,none,none,none,0,,,0,0,,,0,0,,,0
golden-p1-0-48240aac9c05,sham,unet,370,48.71536,none,none,none,0,,,0,0,,,0,0,,,0
golden-p1-0-882148b2eca0,sham,clip,243,46.999522,none,none,none,0,,,0,0,,,0,0,,,0
golden-p1-0-882148b2eca0,sham,unet,370,46.968128,none,none,none,0,,,0,0,,,0,0,,,0
golden-p1-0-2d6604576096,sham,clip,243,268.078815,single_episode,none,none,2,2,3,2,0,,,0,0,,,0
golden-p1-0-2d6604576096,sham,unet,370,293.541049,alternating,none,none,3,3,46,6,0,,,0,0,,,0
golden-p1-0-5ae9efa67e60,sham,clip,243,927.072086,alternating,alternating,none,9,3,164,18,4,15,164,8,0,,,0
golden-p1-0-5ae9efa67e60,sham,unet,370,1787.746585,alternating,alternating,single_episode,6,3,77,10,2,3,21,4,1,3,3,2
golden-p1-0-1ef32fc4f4cb,sham,clip,243,37.918902,none,none,none,0,,,0,0,,,0,0,,,0
golden-p1-0-1ef32fc4f4cb,sham,unet,370,112.486367,none,none,none,0,,,0,0,,,0,0,,,0
golden-p1-0-937a1515d926,sham,clip,243,61.188035,none,none,none,0,,,0,0,,,0,0,,,0
golden-p1-0-937a1515d926,sham,unet,370,63.570798,none,none,none,0,,,0,0,,,0,0,,,0
golden-p1-0-fa5ee5036931,sham,clip,243,59.507523,none,none,none,0,,,0,0,,,0,0,,,0
golden-p1-0-fa5ee5036931,sham,unet,370,86.050535,none,none,none,0,,,0,0,,,0,0,,,0
golden-p1-0-5f7757c48a80,sham,clip,243,127.960155,none,none,none,0,,,0,0,,,0,0,,,0
golden-p1-0-5f7757c48a80,sham,unet,370,670.964052,alternating,alternating,none,5,0,6,3,3,2,6,4,0,,,0
golden-p1-0-907303a11d5c,sham,clip,243,781.171626,alternating,single_episode,none,4,5,20,4,3,5,7,2,0,,,0
golden-p1-0-907303a11d5c,sham,unet,370,1308.306746,alternating,alternating,single_episode,2,4,6,4,2,4,6,4,1,6,6,2
golden-p1-0-d15a1e39801b,sham,clip,243,54.11939,none,none,none,0,,,0,0,,,0,0,,,0
golden-p1-0-d15a1e39801b,sham,unet,370,40.002665,none,none,none,0,,,0,0,,,0,0,,,0
golden-p1-0-0b56ab29f792,sham,clip,243,2550.4346,alternating,single_episode,single_episode,5,0,4,1,3,2,4,2,3,2,4,2
golden-p1-0-0b56ab29f792,sham,unet,370,1423.66852,alternating,alternating,alternating,2,0,1,1,2,0,1,1,2,0,1,1
golden-p1-0-daa5bf313c61,sham,clip,243,56.50539,none,none,none,0,,,0,0,,,0,0,,,0
golden-p1-0-daa5bf313c61,sham,unet,370,43.570202,none,none,none,0,,,0,0,,,0,0,,,0
golden-p1-0-c567cb9ddeb6,sham,clip,243,53.42837,none,none,none,0,,,0,0,,,0,0,,,0
golden-p1-0-c567cb9ddeb6,sham,unet,370,48.347537,none,none,none,0,,,0,0,,,0,0,,,0
golden-p1-0-da67cc9d8d0b,sham,clip,243,59.160796,none,none,none,0,,,0,0,,,0,0,,,0
golden-p1-0-da67cc9d8d0b,sham,unet,370,36.963131,none,none,none,0,,,0,0,,,0,0,,,0
golden-p1-0-b7fdd92f9e9e,sham,clip,243,50.645004,none,none,none,0,,,0,0,,,0,0,,,0
golden-p1-0-b7fdd92f9e9e,sham,unet,370,49.652779,none,none,none,0,,,0,0,,,0,0,,,0
golden-p1-0-a131424e6113,sham,clip,243,52.316855,none,none,none,0,,,0,0,,,0,0,,,0
golden-p1-0-a131424e6113,sham,unet,370,100.491196,none,none,none,0,,,0,0,,,0,0,,,0
golden-p1-0-57b4759a4ad6,split,clip,243,47.706722,none,none,none,0,,,0,0,,,0,0,,,0
golden-p1-0-57b4759a4ad6,split,unet,370,51.739699,none,none,none,0,,,0,0,,,0,0,,,0
golden-p1-0-4fa535221943,split,clip,243,49.720166,none,none,none,0,,,0,0,,,0,0,,,0
golden-p1-0-4fa535221943,split,unet,370,34.493118,none,none,none,0,,,0,0,,,0,0,,,0
golden-p1-0-b451904156c4,split,clip,243,1776.222056,alternating,alternating,single_episode,8,36,122,16,4,36,122,8,1,62,62,2
golden-p1-0-b451904156c4,split,unet,370,44.539716,none,none,none,0,,,0,0,,,0,0,,,0
golden-p1-0-296923abcf59,split,clip,243,47.345172,none,none,none,0,,,0,0,,,0,0,,,0
golden-p1-0-296923abcf59,split,unet,370,31.211515,none,none,none,0,,,0,0,,,0,0,,,0
golden-p1-0-1d519563ba2e,split,clip,243,44.173683,none,none,none,0,,,0,0,,,0,0,,,0
golden-p1-0-1d519563ba2e,split,unet,370,41.863704,none,none,none,0,,,0,0,,,0,0,,,0
golden-p1-0-7c30e10e3e03,split,clip,243,59.948926,none,none,none,0,,,0,0,,,0,0,,,0
golden-p1-0-7c30e10e3e03,split,unet,370,39.8733,none,none,none,0,,,0,0,,,0,0,,,0
golden-p1-0-b27b71fd9862,split,clip,243,58.452755,none,none,none,0,,,0,0,,,0,0,,,0
golden-p1-0-b27b71fd9862,split,unet,370,71.78649,none,none,none,0,,,0,0,,,0,0,,,0
golden-p1-0-292b8fcb144e,split,clip,243,58.531897,none,none,none,0,,,0,0,,,0,0,,,0
golden-p1-0-292b8fcb144e,split,unet,370,60.519508,none,none,none,0,,,0,0,,,0,0,,,0
golden-p1-0-8a94295fb53e,split,clip,243,59.330888,none,none,none,0,,,0,0,,,0,0,,,0
golden-p1-0-8a94295fb53e,split,unet,370,56.07076,none,none,none,0,,,0,0,,,0,0,,,0
golden-p1-0-ae58e06b7153,split,clip,243,48.357939,none,none,none,0,,,0,0,,,0,0,,,0
golden-p1-0-ae58e06b7153,split,unet,370,58.293159,none,none,none,0,,,0,0,,,0,0,,,0
golden-p1-0-51fd5230eeee,split,clip,243,5252.731718,alternating,alternating,alternating,3,175,223,6,3,175,223,6,3,175,223,6
golden-p1-0-51fd5230eeee,split,unet,370,45.697866,none,none,none,0,,,0,0,,,0,0,,,0
golden-p1-0-6b48551a89bf,split,clip,243,67.006249,none,none,none,0,,,0,0,,,0,0,,,0
golden-p1-0-6b48551a89bf,split,unet,370,58.90673,none,none,none,0,,,0,0,,,0,0,,,0
golden-p1-0-723ef1b9aba2,split,clip,243,46.795051,none,none,none,0,,,0,0,,,0,0,,,0
golden-p1-0-723ef1b9aba2,split,unet,370,51.551992,none,none,none,0,,,0,0,,,0,0,,,0
golden-p1-0-824abddc8534,split,clip,243,44.067052,none,none,none,0,,,0,0,,,0,0,,,0
golden-p1-0-824abddc8534,split,unet,370,47.955263,none,none,none,0,,,0,0,,,0,0,,,0
golden-p1-0-79d116930c41,split,clip,243,54.577719,none,none,none,0,,,0,0,,,0,0,,,0
golden-p1-0-79d116930c41,split,unet,370,52.348195,none,none,none,0,,,0,0,,,0,0,,,0
golden-p1-0-0bd6d0b59820,split,clip,243,46.414216,none,none,none,0,,,0,0,,,0,0,,,0
golden-p1-0-0bd6d0b59820,split,unet,370,50.766708,none,none,none,0,,,0,0,,,0,0,,,0
golden-p1-0-92ee88eb928e,split,clip,243,42.818153,none,none,none,0,,,0,0,,,0,0,,,0
golden-p1-0-92ee88eb928e,split,unet,370,90.268187,none,none,none,0,,,0,0,,,0,0,,,0
golden-p1-0-08da5cf6fc04,split,clip,243,44.179128,none,none,none,0,,,0,0,,,0,0,,,0
golden-p1-0-08da5cf6fc04,split,unet,370,39.400574,none,none,none,0,,,0,0,,,0,0,,,0
golden-p1-0-c54c61498d47,split,clip,243,40.203282,none,none,none,0,,,0,0,,,0,0,,,0
golden-p1-0-c54c61498d47,split,unet,370,38.71803,none,none,none,0,,,0,0,,,0,0,,,0
golden-p1-0-438132260083,split,clip,243,50.38223,none,none,none,0,,,0,0,,,0,0,,,0
golden-p1-0-438132260083,split,unet,370,47.019168,none,none,none,0,,,0,0,,,0,0,,,0
golden-p1-0-3826114a6c00,split,clip,243,360.527919,alternating,none,none,5,3,202,10,0,,,0,0,,,0
golden-p1-0-3826114a6c00,split,unet,370,997.429109,alternating,alternating,none,14,1,332,24,7,2,206,14,0,,,0
golden-p1-0-925d7329000b,split,clip,243,40.787956,none,none,none,0,,,0,0,,,0,0,,,0
golden-p1-0-925d7329000b,split,unet,370,50.213506,none,none,none,0,,,0,0,,,0,0,,,0
golden-p1-0-6a375dac8927,split,clip,243,44.683818,none,none,none,0,,,0,0,,,0,0,,,0
golden-p1-0-6a375dac8927,split,unet,370,36.835241,none,none,none,0,,,0,0,,,0,0,,,0
golden-p1-0-db19026e4982,split,clip,243,42.40706,none,none,none,0,,,0,0,,,0,0,,,0
golden-p1-0-db19026e4982,split,unet,370,52.70977,none,none,none,0,,,0,0,,,0,0,,,0
golden-p1-0-0ccc2b0f86af,split,clip,243,427.30819,single_episode,none,none,1,52,52,2,0,,,0,0,,,0
golden-p1-0-0ccc2b0f86af,split,unet,370,30.526847,none,none,none,0,,,0,0,,,0,0,,,0
golden-p1-0-d28e7a1afa46,split,clip,243,47.330083,none,none,none,0,,,0,0,,,0,0,,,0
golden-p1-0-d28e7a1afa46,split,unet,370,51.829503,none,none,none,0,,,0,0,,,0,0,,,0
golden-p1-0-61ebd33e8658,split,clip,243,40.454644,none,none,none,0,,,0,0,,,0,0,,,0
golden-p1-0-61ebd33e8658,split,unet,370,46.033082,none,none,none,0,,,0,0,,,0,0,,,0
golden-p1-0-26c81b6fbbba,split,clip,243,47.496661,none,none,none,0,,,0,0,,,0,0,,,0
golden-p1-0-26c81b6fbbba,split,unet,370,48.636084,none,none,none,0,,,0,0,,,0,0,,,0
golden-p1-0-b372d8d741ca,split,clip,243,33.612609,none,none,none,0,,,0,0,,,0,0,,,0
golden-p1-0-b372d8d741ca,split,unet,370,128.723748,none,none,none,0,,,0,0,,,0,0,,,0
golden-p1-0-19dc038244e2,split,clip,243,43.104424,none,none,none,0,,,0,0,,,0,0,,,0
golden-p1-0-19dc038244e2,split,unet,370,53.105843,none,none,none,0,,,0,0,,,0,0,,,0
golden-p1-0-5f9470cfb95a,split,clip,243,526.807925,alternating,single_episode,none,3,41,218,6,1,41,41,2,0,,,0
golden-p1-0-5f9470cfb95a,split,unet,370,1794.775611,alternating,alternating,alternating,10,2,329,18,3,3,180,6,2,177,180,4
golden-p1-0-080ebc80f2a1,split,clip,243,60.436643,none,none,none,0,,,0,0,,,0,0,,,0
golden-p1-0-080ebc80f2a1,split,unet,370,61.989754,none,none,none,0,,,0,0,,,0,0,,,0
golden-p1-0-815ebd6fa268,split,clip,243,63.281028,none,none,none,0,,,0,0,,,0,0,,,0
golden-p1-0-815ebd6fa268,split,unet,370,62.69722,none,none,none,0,,,0,0,,,0,0,,,0
golden-p1-0-3d5e14441945,split,clip,243,40.892876,none,none,none,0,,,0,0,,,0,0,,,0
golden-p1-0-3d5e14441945,split,unet,370,42.395456,none,none,none,0,,,0,0,,,0,0,,,0
golden-p1-0-a0886fd5a439,split,clip,243,43.095458,none,none,none,0,,,0,0,,,0,0,,,0
golden-p1-0-a0886fd5a439,split,unet,370,45.576416,none,none,none,0,,,0,0,,,0,0,,,0
golden-p1-0-4564becda83e,split,clip,243,60.944414,none,none,none,0,,,0,0,,,0,0,,,0
golden-p1-0-4564becda83e,split,unet,370,39.359915,none,none,none,0,,,0,0,,,0,0,,,0
golden-p1-0-a6dc8b7b28bb,split,clip,243,32.033671,none,none,none,0,,,0,0,,,0,0,,,0
golden-p1-0-a6dc8b7b28bb,split,unet,370,40.536069,none,none,none,0,,,0,0,,,0,0,,,0
golden-p1-0-fdb090816a7d,split,clip,243,336.284686,single_episode,none,none,1,76,76,2,0,,,0,0,,,0
golden-p1-0-fdb090816a7d,split,unet,370,172.105047,none,none,none,0,,,0,0,,,0,0,,,0
golden-p1-0-6855fe838f22,split,clip,243,94.794837,none,none,none,0,,,0,0,,,0,0,,,0
golden-p1-0-6855fe838f22,split,unet,370,89.487878,none,none,none,0,,,0,0,,,0,0,,,0
golden-p1-0-71b662facb86,split,clip,243,58.233693,none,none,none,0,,,0,0,,,0,0,,,0
golden-p1-0-71b662facb86,split,unet,370,52.545754,none,none,none,0,,,0,0,,,0,0,,,0
golden-p1-0-5c29e07fa082,split,clip,243,52.826297,none,none,none,0,,,0,0,,,0,0,,,0
golden-p1-0-5c29e07fa082,split,unet,370,39.565046,none,none,none,0,,,0,0,,,0,0,,,0
golden-p1-0-819491c39d01,split,clip,243,53.448659,none,none,none,0,,,0,0,,,0,0,,,0
golden-p1-0-819491c39d01,split,unet,370,49.467729,none,none,none,0,,,0,0,,,0,0,,,0
golden-p1-0-adbed01eb5ec,split,clip,243,332.105008,single_episode,none,none,1,94,94,2,0,,,0,0,,,0
golden-p1-0-adbed01eb5ec,split,unet,370,41.960122,none,none,none,0,,,0,0,,,0,0,,,0
golden-p1-0-521732d73d73,split,clip,243,112.131464,none,none,none,0,,,0,0,,,0,0,,,0
golden-p1-0-521732d73d73,split,unet,370,54.228908,none,none,none,0,,,0,0,,,0,0,,,0
golden-p1-0-034908961bcd,split,clip,243,44.742132,none,none,none,0,,,0,0,,,0,0,,,0
golden-p1-0-034908961bcd,split,unet,370,36.292963,none,none,none,0,,,0,0,,,0,0,,,0
golden-p1-0-8013bf52d6d3,split,clip,243,54.781142,none,none,none,0,,,0,0,,,0,0,,,0
golden-p1-0-8013bf52d6d3,split,unet,370,52.735028,none,none,none,0,,,0,0,,,0,0,,,0
golden-p1-0-a56ff2430f82,split,clip,243,33.218719,none,none,none,0,,,0,0,,,0,0,,,0
golden-p1-0-a56ff2430f82,split,unet,370,59.971849,none,none,none,0,,,0,0,,,0,0,,,0
golden-p1-0-13cc58571476,split,clip,243,37.242071,none,none,none,0,,,0,0,,,0,0,,,0
golden-p1-0-13cc58571476,split,unet,370,40.542431,none,none,none,0,,,0,0,,,0,0,,,0
golden-p1-0-948229b05e77,split,clip,243,53.797307,none,none,none,0,,,0,0,,,0,0,,,0
golden-p1-0-948229b05e77,split,unet,370,71.545602,none,none,none,0,,,0,0,,,0,0,,,0
golden-p1-0-1f654c460ae1,split,clip,243,45.351621,none,none,none,0,,,0,0,,,0,0,,,0
golden-p1-0-1f654c460ae1,split,unet,370,50.136901,none,none,none,0,,,0,0,,,0,0,,,0
golden-p1-0-cf4f240d3d6c,split,clip,243,405.925981,single_episode,none,none,1,144,144,2,0,,,0,0,,,0
golden-p1-0-cf4f240d3d6c,split,unet,370,2358.270578,alternating,alternating,alternating,5,3,210,10,4,3,210,8,4,3,210,8
golden-p1-0-a8a983bb3c06,split,clip,243,42.169302,none,none,none,0,,,0,0,,,0,0,,,0
golden-p1-0-a8a983bb3c06,split,unet,370,52.796871,none,none,none,0,,,0,0,,,0,0,,,0
golden-p1-0-1cf36f1ccb7b,split,clip,243,49.170047,none,none,none,0,,,0,0,,,0,0,,,0
golden-p1-0-1cf36f1ccb7b,split,unet,370,50.644053,none,none,none,0,,,0,0,,,0,0,,,0
golden-p1-0-5d6d28753d08,split,clip,243,156.464178,none,none,none,0,,,0,0,,,0,0,,,0
golden-p1-0-5d6d28753d08,split,unet,370,50.269461,none,none,none,0,,,0,0,,,0,0,,,0
golden-p1-0-3eac9865036a,split,clip,243,45.895922,none,none,none,0,,,0,0,,,0,0,,,0
golden-p1-0-3eac9865036a,split,unet,370,49.813541,none,none,none,0,,,0,0,,,0,0,,,0
golden-p1-0-992e5f8837b7,split,clip,243,46.038825,none,none,none,0,,,0,0,,,0,0,,,0
golden-p1-0-992e5f8837b7,split,unet,370,52.479066,none,none,none,0,,,0,0,,,0,0,,,0
golden-p1-0-c55c57780a51,split,clip,243,46.408154,none,none,none,0,,,0,0,,,0,0,,,0
golden-p1-0-c55c57780a51,split,unet,370,51.572008,none,none,none,0,,,0,0,,,0,0,,,0
golden-p1-0-c276ea38dc2a,split,clip,243,52.252242,none,none,none,0,,,0,0,,,0,0,,,0
golden-p1-0-c276ea38dc2a,split,unet,370,53.364852,none,none,none,0,,,0,0,,,0,0,,,0
golden-p1-0-ee8b85f1ff10,split,clip,243,37.498391,none,none,none,0,,,0,0,,,0,0,,,0
golden-p1-0-ee8b85f1ff10,split,unet,370,51.273034,none,none,none,0,,,0,0,,,0,0,,,0
golden-p1-0-c62b32c32ac0,split,clip,243,83.318074,none,none,none,0,,,0,0,,,0,0,,,0
golden-p1-0-c62b32c32ac0,split,unet,370,45.941012,none,none,none,0,,,0,0,,,0,0,,,0
golden-p1-0-cedc092413a6,split,clip,243,48.725809,none,none,none,0,,,0,0,,,0,0,,,0
golden-p1-0-cedc092413a6,split,unet,370,58.421149,none,none,none,0,,,0,0,,,0,0,,,0
golden-p1-0-1e1dbd49c07b,split,clip,243,41.998013,none,none,none,0,,,0,0,,,0,0,,,0
golden-p1-0-1e1dbd49c07b,split,unet,370,46.465554,none,none,none,0,,,0,0,,,0,0,,,0
golden-p1-0-f795b3a3281f,split,clip,243,53.860578,none,none,none,0,,,0,0,,,0,0,,,0
golden-p1-0-f795b3a3281f,split,unet,370,76.12176,none,none,none,0,,,0,0,,,0,0,,,0
golden-p1-0-38daa20127f0,split,clip,243,42.243666,none,none,none,0,,,0,0,,,0,0,,,0
golden-p1-0-38daa20127f0,split,unet,370,47.597601,none,none,none,0,,,0,0,,,0,0,,,0
golden-p1-0-b0d11b238ecb,split,clip,243,46.950143,none,none,none,0,,,0,0,,,0,0,,,0
golden-p1-0-b0d11b238ecb,split,unet,370,37.048688,none,none,none,0,,,0,0,,,0,0,,,0
golden-p1-0-8cb52394d927,split,clip,243,445.324444,alternating,none,none,3,2,86,6,0,,,0,0,,,0
golden-p1-0-8cb52394d927,split,unet,370,708.286154,alternating,alternating,none,6,0,48,9,3,6,11,6,0,,,0
golden-p1-0-9638593aac2b,split,clip,243,57.20787,none,none,none,0,,,0,0,,,0,0,,,0
golden-p1-0-9638593aac2b,split,unet,370,51.562595,none,none,none,0,,,0,0,,,0,0,,,0
golden-p1-0-4c1077909e17,split,clip,243,321.126571,alternating,none,none,2,5,117,4,0,,,0,0,,,0
golden-p1-0-4c1077909e17,split,unet,370,39.461898,none,none,none,0,,,0,0,,,0,0,,,0
golden-p1-0-c55e34b7dff1,split,clip,243,84.785644,none,none,none,0,,,0,0,,,0,0,,,0
golden-p1-0-c55e34b7dff1,split,unet,370,40.832594,none,none,none,0,,,0,0,,,0,0,,,0
golden-p1-0-f5508707fe42,split,clip,243,1307.136218,alternating,alternating,alternating,6,0,10,5,2,1,7,4,2,1,7,4
golden-p1-0-f5508707fe42,split,unet,370,246.558312,none,none,none,0,,,0,0,,,0,0,,,0
golden-p1-0-f18b437f0d56,split,clip,243,3033.583991,alternating,alternating,alternating,9,2,228,14,9,2,228,14,4,199,228,8
golden-p1-0-f18b437f0d56,split,unet,370,1233.247812,alternating,single_episode,single_episode,2,41,197,4,1,41,41,2,1,41,41,2
golden-p1-0-5847f34ad00d,split,clip,243,35.453674,none,none,none,0,,,0,0,,,0,0,,,0
golden-p1-0-5847f34ad00d,split,unet,370,50.561777,none,none,none,0,,,0,0,,,0,0,,,0
golden-p1-0-9ea42fdf37d7,split,clip,243,35.442255,none,none,none,0,,,0,0,,,0,0,,,0
golden-p1-0-9ea42fdf37d7,split,unet,370,56.826972,none,none,none,0,,,0,0,,,0,0,,,0
golden-p1-0-820634ee0c50,split,clip,243,49.783886,none,none,none,0,,,0,0,,,0,0,,,0
golden-p1-0-820634ee0c50,split,unet,370,72.268209,none,none,none,0,,,0,0,,,0,0,,,0
golden-p1-0-086561d7f5f6,split,clip,243,36.99708,none,none,none,0,,,0,0,,,0,0,,,0
golden-p1-0-086561d7f5f6,split,unet,370,48.202787,none,none,none,0,,,0,0,,,0,0,,,0
golden-p1-0-e0ddcc0aee55,split,clip,243,47.746158,none,none,none,0,,,0,0,,,0,0,,,0
golden-p1-0-e0ddcc0aee55,split,unet,370,44.796159,none,none,none,0,,,0,0,,,0,0,,,0
golden-p1-0-813f62916c5d,split,clip,243,43.947233,none,none,none,0,,,0,0,,,0,0,,,0
golden-p1-0-813f62916c5d,split,unet,370,796.008264,alternating,alternating,none,4,283,292,6,4,283,292,6,0,,,0
golden-p1-0-1742b7c9b560,split,clip,243,1450.927682,alternating,alternating,alternating,6,14,155,12,2,46,96,4,2,46,96,4
golden-p1-0-1742b7c9b560,split,unet,370,39.224459,none,none,none,0,,,0,0,,,0,0,,,0
golden-p1-0-b42ae3093492,split,clip,243,28.338654,none,none,none,0,,,0,0,,,0,0,,,0
golden-p1-0-b42ae3093492,split,unet,370,38.872618,none,none,none,0,,,0,0,,,0,0,,,0
golden-p1-0-0c642e4dc5a7,split,clip,243,41.095417,none,none,none,0,,,0,0,,,0,0,,,0
golden-p1-0-0c642e4dc5a7,split,unet,370,54.518997,none,none,none,0,,,0,0,,,0,0,,,0
golden-p1-0-4b3254147d4a,split,clip,243,43.402109,none,none,none,0,,,0,0,,,0,0,,,0
golden-p1-0-4b3254147d4a,split,unet,370,55.888395,none,none,none,0,,,0,0,,,0,0,,,0
golden-p1-0-fc03c6c814e9,split,clip,243,93.142875,none,none,none,0,,,0,0,,,0,0,,,0
golden-p1-0-fc03c6c814e9,split,unet,370,40.229573,none,none,none,0,,,0,0,,,0,0,,,0
golden-p1-0-d8df15190c1e,split,clip,243,1735.525853,alternating,alternating,alternating,4,12,104,8,3,12,104,6,3,12,104,6
golden-p1-0-d8df15190c1e,split,unet,370,101.377201,none,none,none,0,,,0,0,,,0,0,,,0
golden-p1-0-9c18ee29b69b,split,clip,243,45.010739,none,none,none,0,,,0,0,,,0,0,,,0
golden-p1-0-9c18ee29b69b,split,unet,370,46.395733,none,none,none,0,,,0,0,,,0,0,,,0
golden-p1-0-27fb0c70c6c7,split,clip,243,332.791713,single_episode,none,none,1,6,6,2,0,,,0,0,,,0
golden-p1-0-27fb0c70c6c7,split,unet,370,115.349286,none,none,none,0,,,0,0,,,0,0,,,0
golden-p1-0-8cade6264875,split,clip,243,38.73008,none,none,none,0,,,0,0,,,0,0,,,0
golden-p1-0-8cade6264875,split,unet,370,55.334008,none,none,none,0,,,0,0,,,0,0,,,0
