field_path,present_total,total_records,present_pct,present_sham,present_split
arm,142,142,100.0,56,86
bundle,142,142,100.0,56,86
bundle_dir,142,142,100.0,56,86
capture_guard.classification,142,142,100.0,56,86
capture_guard.counted,142,142,100.0,56,86
capture_guard.transition,142,142,100.0,56,86
capture_guard.valid,142,142,100.0,56,86
clip_forward_total_ms,142,142,100.0,56,86
container.boot_id,142,142,100.0,56,86
container.container_id,142,142,100.0,56,86
container.container_session_id,142,142,100.0,56,86
container.container_task_id,142,142,100.0,56,86
container.image_id,142,142,100.0,56,86
container.modal_container_id,142,142,100.0,56,86
container.modal_input_id,142,142,100.0,56,86
container.modal_task_id,142,142,100.0,56,86
container.pid,142,142,100.0,56,86
container.post_restore_nonce,142,142,100.0,56,86
container.process_id,142,142,100.0,56,86
container.restore_session_id,142,142,100.0,56,86
container.restored_instance_id,142,142,100.0,56,86
correctness.computed_valid,142,142,100.0,56,86
correctness.expected_output_sha,142,142,100.0,56,86
correctness.failures[],142,142,100.0,56,86
correctness.observed_output_byte_count,142,142,100.0,56,86
correctness.observed_output_shas[],142,142,100.0,56,86
correctness.output_sha_match,142,142,100.0,56,86
correctness.output_warning,142,142,100.0,56,86
correctness.validity_checks.arm_determined,142,142,100.0,56,86
correctness.validity_checks.both_live_through_unet,142,142,100.0,56,86
correctness.validity_checks.c0_inactive,142,142,100.0,56,86
correctness.validity_checks.dual_identity_distinct,142,142,100.0,56,86
correctness.validity_checks.exact_output_sha,142,142,100.0,56,86
correctness.validity_checks.method_run_golden_parallel_stream,142,142,100.0,56,86
correctness.validity_checks.mode_routing,142,142,100.0,56,86
correctness.validity_checks.no_output_warning,142,142,100.0,56,86
correctness.validity_checks.other_resource_pristine_before_unet,86,142,60.56338028169014,0,86
correctness.validity_checks.quiescent_before_unet,142,142,100.0,56,86
correctness.validity_checks.request_count_eq_1,142,142,100.0,56,86
correctness.validity_checks.restore_count_eq_1,142,142,100.0,56,86
correctness.validity_checks.sham_route_same_resource,56,142,39.436619718309856,56,0
correctness.validity_checks.split_route_distinct,86,142,60.56338028169014,0,86
correctness.validity_checks.static_e27,142,142,100.0,56,86
correctness.validity_checks.true_cold,142,142,100.0,56,86
correctness.validity_checks.vae_route_matches_clip,142,142,100.0,56,86
deployment.config_identity,142,142,100.0,56,86
deployment.deploy_fingerprint,142,142,100.0,56,86
deployment.deployed_at,142,142,100.0,56,86
deployment.deployment_combined_hash,142,142,100.0,56,86
deployment.deployment_identity,142,142,100.0,56,86
deployment.runtime_shape_fingerprint,142,142,100.0,56,86
deployment.snapshot_identity,142,142,100.0,56,86
deployment.snapshot_target_fingerprint,142,142,100.0,56,86
diagnostics.golden_telemetry.events[].fields.snapshot_manifest.process_rss_bytes,142,142,100.0,56,86
diagnostics.golden_telemetry.events[].fields.snapshot_manifest_restore.process_rss_bytes,142,142,100.0,56,86
diagnostics.golden_telemetry.external_restore.snapshot_manifest.process_rss_bytes,142,142,100.0,56,86
diagnostics.golden_telemetry.external_restore.snapshot_manifest_restore.process_rss_bytes,142,142,100.0,56,86
diagnostics.golden_telemetry.stages[].details.external_restore_interval.snapshot_manifest.process_rss_bytes,142,142,100.0,56,86
diagnostics.golden_telemetry.stages[].details.external_restore_interval.snapshot_manifest_restore.process_rss_bytes,142,142,100.0,56,86
dnf,142,142,100.0,56,86
error,142,142,100.0,56,86
events_meta.attempt_clip_read_count,142,142,100.0,56,86
events_meta.byte_count,142,142,100.0,56,86
events_meta.envelope_count,142,142,100.0,56,86
events_meta.envelope_type,142,142,100.0,56,86
events_meta.golden_mode,142,142,100.0,56,86
events_meta.height,142,142,100.0,56,86
events_meta.image_sha256,142,142,100.0,56,86
events_meta.request_id,142,142,100.0,56,86
events_meta.telemetry_event_count,142,142,100.0,56,86
events_meta.width,142,142,100.0,56,86
evidence_index.cohort_count,142,142,100.0,56,86
evidence_index.evidence_status,142,142,100.0,56,86
evidence_index.missing_artifacts[],142,142,100.0,56,86
evidence_index.status,142,142,100.0,56,86
evidence_index.verdict,142,142,100.0,56,86
execution_arm,142,142,100.0,56,86
golden_arm,142,142,100.0,56,86
golden_mode,142,142,100.0,56,86
identity.activity.A.active_tickets,142,142,100.0,56,86
identity.activity.A.active_transports,142,142,100.0,56,86
identity.activity.A.alive,142,142,100.0,56,86
identity.activity.A.closed,142,142,100.0,56,86
identity.activity.A.created,142,142,100.0,56,86
identity.activity.A.gpu_copy_count,142,142,100.0,56,86
identity.activity.A.h2d_completion_count,142,142,100.0,56,86
identity.activity.A.h2d_ops,142,142,100.0,56,86
identity.activity.A.h2d_outstanding,142,142,100.0,56,86
identity.activity.A.h2d_submit_count,142,142,100.0,56,86
identity.activity.A.quiescent,142,142,100.0,56,86
identity.activity.A.slot_leases,142,142,100.0,56,86
identity.activity.A.source_fills,142,142,100.0,56,86
identity.activity.A.transport_use_count,142,142,100.0,56,86
identity.activity.B.active_tickets,142,142,100.0,56,86
identity.activity.B.active_transports,142,142,100.0,56,86
identity.activity.B.alive,142,142,100.0,56,86
identity.activity.B.closed,142,142,100.0,56,86
identity.activity.B.created,142,142,100.0,56,86
identity.activity.B.gpu_copy_count,142,142,100.0,56,86
identity.activity.B.h2d_completion_count,142,142,100.0,56,86
identity.activity.B.h2d_ops,142,142,100.0,56,86
identity.activity.B.h2d_outstanding,142,142,100.0,56,86
identity.activity.B.h2d_submit_count,142,142,100.0,56,86
identity.activity.B.quiescent,142,142,100.0,56,86
identity.activity.B.slot_leases,142,142,100.0,56,86
identity.activity.B.source_fills,142,142,100.0,56,86
identity.activity.B.transport_use_count,142,142,100.0,56,86
identity.arena_bytes_per_resource.A,142,142,100.0,56,86
identity.arena_bytes_per_resource.B,142,142,100.0,56,86
identity.arena_data_ptrs.A,142,142,100.0,56,86
identity.arena_data_ptrs.B,142,142,100.0,56,86
identity.arena_data_ptrs_distinct,142,142,100.0,56,86
identity.arena_object_ids.A,142,142,100.0,56,86
identity.arena_object_ids.B,142,142,100.0,56,86
identity.arena_overlap,142,142,100.0,56,86
identity.arena_ranges.A[],142,142,100.0,56,86
identity.arena_ranges.B[],142,142,100.0,56,86
identity.both_live_through_unet,142,142,100.0,56,86
identity.c0_active,142,142,100.0,56,86
identity.clip_quiescent.active_tickets,142,142,100.0,56,86
identity.clip_quiescent.active_transports,142,142,100.0,56,86
identity.clip_quiescent.alive,142,142,100.0,56,86
identity.clip_quiescent.closed,142,142,100.0,56,86
identity.clip_quiescent.created,142,142,100.0,56,86
identity.clip_quiescent.gpu_copy_count,142,142,100.0,56,86
identity.clip_quiescent.h2d_completion_count,142,142,100.0,56,86
identity.clip_quiescent.h2d_ops,142,142,100.0,56,86
identity.clip_quiescent.h2d_outstanding,142,142,100.0,56,86
identity.clip_quiescent.h2d_submit_count,142,142,100.0,56,86
identity.clip_quiescent.outstanding_h2d_ops,142,142,100.0,56,86
identity.clip_quiescent.outstanding_source_fills,142,142,100.0,56,86
identity.clip_quiescent.quiescent,142,142,100.0,56,86
identity.clip_quiescent.slot_leases,142,142,100.0,56,86
identity.clip_quiescent.source_fills,142,142,100.0,56,86
identity.clip_quiescent.transport_use_count,142,142,100.0,56,86
identity.clip_resource,142,142,100.0,56,86
identity.event_identities_distinct,142,142,100.0,56,86
identity.mode,142,142,100.0,56,86
identity.other_resource,142,142,100.0,56,86
identity.other_resource_before_unet_verified,142,142,100.0,56,86
identity.other_resource_h2d_ops_before_unet,142,142,100.0,56,86
identity.other_resource_slot_leases_before_unet,142,142,100.0,56,86
identity.other_resource_source_fills_before_unet,142,142,100.0,56,86
identity.pool_identities_distinct,142,142,100.0,56,86
identity.resource_object_ids.A,142,142,100.0,56,86
identity.resource_object_ids.B,142,142,100.0,56,86
identity.slot_bytes,142,142,100.0,56,86
identity.slot_count,142,142,100.0,56,86
identity.static_e27,142,142,100.0,56,86
identity.stream_identities_distinct,142,142,100.0,56,86
identity.unet_resource,142,142,100.0,56,86
identity.vae_resource,142,142,100.0,56,86
ledger,142,142,100.0,56,86
method,142,142,100.0,56,86
onset.clip.first_ge_1000_ms,142,142,100.0,56,86
onset.clip.first_ge_1000_ms_seq,14,142,9.859154929577464,8,6
onset.clip.first_ge_1000_seq,142,142,100.0,56,86
onset.clip.first_ge_250_ms,142,142,100.0,56,86
onset.clip.first_ge_250_ms_seq,35,142,24.647887323943664,20,15
onset.clip.first_ge_250_seq,142,142,100.0,56,86
onset.clip.first_ge_500_ms,142,142,100.0,56,86
onset.clip.first_ge_500_ms_seq,22,142,15.492957746478872,15,7
onset.clip.first_ge_500_seq,142,142,100.0,56,86
onset.clip.read_count,142,142,100.0,56,86
onset.unet.first_ge_1000_ms,142,142,100.0,56,86
onset.unet.first_ge_1000_ms_seq,10,142,7.042253521126761,7,3
onset.unet.first_ge_1000_seq,142,142,100.0,56,86
onset.unet.first_ge_250_ms,142,142,100.0,56,86
onset.unet.first_ge_250_ms_seq,24,142,16.901408450704224,18,6
onset.unet.first_ge_250_seq,142,142,100.0,56,86
onset.unet.first_ge_500_ms,142,142,100.0,56,86
onset.unet.first_ge_500_ms_seq,17,142,11.971830985915492,11,6
onset.unet.first_ge_500_seq,142,142,100.0,56,86
onset.unet.read_count,142,142,100.0,56,86
profile,142,142,100.0,56,86
provider,142,142,100.0,56,86
provider_region,142,142,100.0,56,86
raw_dir,142,142,100.0,56,86
raw_file_count,142,142,100.0,56,86
raw_valid_label,142,142,100.0,56,86
region,142,142,100.0,56,86
request_id,142,142,100.0,56,86
request_pairing.evidence.invocation_id[],142,142,100.0,56,86
request_pairing.evidence.request_id[],142,142,100.0,56,86
request_pairing.status,142,142,100.0,56,86
request_pairing.valid,142,142,100.0,56,86
request_phase,142,142,100.0,56,86
resources.cpu,142,142,100.0,56,86
resources.gpu,142,142,100.0,56,86
resources.memory_mb,142,142,100.0,56,86
resources.min_containers,142,142,100.0,56,86
resources.scaledown_window,142,142,100.0,56,86
restore.backend_startup_ms,142,142,100.0,56,86
restore.cold_basis,142,142,100.0,56,86
restore.cold_missing_requirements[],142,142,100.0,56,86
restore.generation_read_identity,142,142,100.0,56,86
restore.lifecycle_method,142,142,100.0,56,86
restore.lifecycle_status,142,142,100.0,56,86
restore.min_containers,142,142,100.0,56,86
restore.models_symlink_ms,142,142,100.0,56,86
restore.observe_generations_ms,142,142,100.0,56,86
restore.reload_runtime_state_ms,142,142,100.0,56,86
restore.restore_count,142,142,100.0,56,86
restore.restore_to_parallel_method_entry_ms,142,142,100.0,56,86
restore.restore_total_ms,142,142,100.0,56,86
restore.single_use_containers,142,142,100.0,56,86
restore.single_use_enabled,142,142,100.0,56,86
restore.snapshot_restore_ms,142,142,100.0,56,86
sampler_total_wall_ms,142,142,100.0,56,86
source_files.attempt,142,142,100.0,56,86
source_files.events,142,142,100.0,56,86
source_files.manifest,142,142,100.0,56,86
source_files.provenance,142,142,100.0,56,86
source_files.summary,142,142,100.0,56,86
stage_details_keys.golden_clip_forward[],142,142,100.0,56,86
stage_details_keys.golden_clip_load[],142,142,100.0,56,86
stage_details_keys.golden_output[],142,142,100.0,56,86
stage_details_keys.golden_request_setup[],142,142,100.0,56,86
stage_details_keys.golden_restore[],142,142,100.0,56,86
stage_details_keys.golden_sampler_prepare[],142,142,100.0,56,86
stage_details_keys.golden_sampler_tail[],142,142,100.0,56,86
stage_details_keys.golden_sampling[],142,142,100.0,56,86
stage_details_keys.golden_teardown[],142,142,100.0,56,86
stage_details_keys.golden_unet_load[],142,142,100.0,56,86
stage_details_keys.golden_vae_decode[],142,142,100.0,56,86
stage_details_keys.golden_vae_load[],142,142,100.0,56,86
stages.golden_clip_forward.end_wall_ns,142,142,100.0,56,86
stages.golden_clip_forward.entry_wall_ns,142,142,100.0,56,86
stages.golden_clip_forward.ok,142,142,100.0,56,86
stages.golden_clip_forward.wall_ms,142,142,100.0,56,86
stages.golden_clip_load.end_wall_ns,142,142,100.0,56,86
stages.golden_clip_load.entry_wall_ns,142,142,100.0,56,86
stages.golden_clip_load.ok,142,142,100.0,56,86
stages.golden_clip_load.wall_ms,142,142,100.0,56,86
stages.golden_output.end_wall_ns,142,142,100.0,56,86
stages.golden_output.entry_wall_ns,142,142,100.0,56,86
stages.golden_output.ok,142,142,100.0,56,86
stages.golden_output.wall_ms,142,142,100.0,56,86
stages.golden_request_setup.end_wall_ns,142,142,100.0,56,86
stages.golden_request_setup.entry_wall_ns,142,142,100.0,56,86
stages.golden_request_setup.ok,142,142,100.0,56,86
stages.golden_request_setup.wall_ms,142,142,100.0,56,86
stages.golden_restore.end_wall_ns,142,142,100.0,56,86
stages.golden_restore.entry_wall_ns,142,142,100.0,56,86
stages.golden_restore.ok,142,142,100.0,56,86
stages.golden_restore.wall_ms,142,142,100.0,56,86
stages.golden_sampler_prepare.end_wall_ns,142,142,100.0,56,86
stages.golden_sampler_prepare.entry_wall_ns,142,142,100.0,56,86
stages.golden_sampler_prepare.ok,142,142,100.0,56,86
stages.golden_sampler_prepare.wall_ms,142,142,100.0,56,86
stages.golden_sampler_tail.end_wall_ns,142,142,100.0,56,86
stages.golden_sampler_tail.entry_wall_ns,142,142,100.0,56,86
stages.golden_sampler_tail.ok,142,142,100.0,56,86
stages.golden_sampler_tail.wall_ms,142,142,100.0,56,86
stages.golden_sampling.end_wall_ns,142,142,100.0,56,86
stages.golden_sampling.entry_wall_ns,142,142,100.0,56,86
stages.golden_sampling.ok,142,142,100.0,56,86
stages.golden_sampling.wall_ms,142,142,100.0,56,86
stages.golden_teardown.end_wall_ns,142,142,100.0,56,86
stages.golden_teardown.entry_wall_ns,142,142,100.0,56,86
stages.golden_teardown.ok,142,142,100.0,56,86
stages.golden_teardown.wall_ms,142,142,100.0,56,86
stages.golden_unet_load.end_wall_ns,142,142,100.0,56,86
stages.golden_unet_load.entry_wall_ns,142,142,100.0,56,86
stages.golden_unet_load.ok,142,142,100.0,56,86
stages.golden_unet_load.wall_ms,142,142,100.0,56,86
stages.golden_vae_decode.end_wall_ns,142,142,100.0,56,86
stages.golden_vae_decode.entry_wall_ns,142,142,100.0,56,86
stages.golden_vae_decode.ok,142,142,100.0,56,86
stages.golden_vae_decode.wall_ms,142,142,100.0,56,86
stages.golden_vae_load.end_wall_ns,142,142,100.0,56,86
stages.golden_vae_load.entry_wall_ns,142,142,100.0,56,86
stages.golden_vae_load.ok,142,142,100.0,56,86
stages.golden_vae_load.wall_ms,142,142,100.0,56,86
thresholds.HARD_SICK_CLIP,142,142,100.0,56,86
thresholds.HARD_SICK_UNET,142,142,100.0,56,86
thresholds.clip_trigger_class,142,142,100.0,56,86
thresholds.onset_pattern,142,142,100.0,56,86
thresholds.sickness_class,142,142,100.0,56,86
thresholds.unet_trigger_class,142,142,100.0,56,86
timestamps.dispatch_iso,142,142,100.0,56,86
timestamps.dispatch_unix_ms,142,142,100.0,56,86
timestamps.duration_ms,142,142,100.0,56,86
timestamps.end_ts,142,142,100.0,56,86
timestamps.gap_before,142,142,100.0,56,86
timestamps.manifest_completed_utc,142,142,100.0,56,86
timestamps.manifest_gap_seconds,142,142,100.0,56,86
timestamps.manifest_gap_validation.all_met,142,142,100.0,56,86
timestamps.manifest_gap_validation.requested_seconds,142,142,100.0,56,86
timestamps.manifest_gaps[],142,142,100.0,56,86
timestamps.manifest_started_utc,142,142,100.0,56,86
timestamps.start_ts,142,142,100.0,56,86
transport.clip.diagnostics{},142,142,100.0,56,86
transport.clip.load_ms,142,142,100.0,56,86
transport.clip.metrics.E27_SOURCE_MECHANISM_PROVEN,142,142,100.0,56,86
transport.clip.metrics.GPU_COPY_ACTIVE_SUM_MS,142,142,100.0,56,86
transport.clip.metrics.GPU_COPY_ACTIVE_UNION_MS,142,142,100.0,56,86
transport.clip.metrics.GPU_COPY_ACTIVE_UNION_PROVEN_SINGLE_STREAM_NON_OVERLAP,142,142,100.0,56,86
transport.clip.metrics.GPU_COPY_BYTES,142,142,100.0,56,86
transport.clip.metrics.GPU_COPY_COUNT,142,142,100.0,56,86
transport.clip.metrics.GPU_COPY_IDLE_INSIDE_STREAM_SPAN_MS,142,142,100.0,56,86
transport.clip.metrics.GPU_COPY_STREAM_SPAN_MS,142,142,100.0,56,86
transport.clip.metrics.GPU_COPY_TIMING_AVAILABLE,142,142,100.0,56,86
transport.clip.metrics.H2D_TOTAL_WALL_MS,142,142,100.0,56,86
transport.clip.metrics.POST_SOURCE_H2D_TAIL_MS,142,142,100.0,56,86
transport.clip.metrics.SOURCE_H2D_OVERLAP_MS,142,142,100.0,56,86
transport.clip.metrics.SOURCE_SYSCALL_UNION_BUSY_MS,142,142,100.0,56,86
transport.clip.metrics.SOURCE_TOTAL_WALL_MS,142,142,100.0,56,86
transport.clip.metrics.SOURCE_TO_GPU_READY_MS,142,142,100.0,56,86
transport.clip.metrics.actual_source_SOURCE_SYSCALL_UNION_BUSY_MS,142,142,100.0,56,86
transport.clip.metrics.actual_source_SOURCE_TOTAL_WALL_MS,142,142,100.0,56,86
transport.clip.metrics.actual_source_arm,142,142,100.0,56,86
transport.clip.metrics.actual_source_max_actual_source_inflight,142,142,100.0,56,86
transport.clip.metrics.actual_source_physical_syscall_provenance,142,142,100.0,56,86
transport.clip.metrics.actual_source_producer_count,142,142,100.0,56,86
transport.clip.metrics.actual_source_source_active_duration_ns,142,142,100.0,56,86
transport.clip.metrics.actual_source_source_active_wall_ms,142,142,100.0,56,86
transport.clip.metrics.adoption_result,142,142,100.0,56,86
transport.clip.metrics.aggregated_submission_count,142,142,100.0,56,86
transport.clip.metrics.aggregation_fallback_count,142,142,100.0,56,86
transport.clip.metrics.arena_bytes,142,142,100.0,56,86
transport.clip.metrics.count_error,142,142,100.0,56,86
transport.clip.metrics.count_ge_1000_ms,142,142,100.0,56,86
transport.clip.metrics.count_ge_250_ms,142,142,100.0,56,86
transport.clip.metrics.count_ge_500_ms,142,142,100.0,56,86
transport.clip.metrics.count_retry,142,142,100.0,56,86
transport.clip.metrics.count_short_read,142,142,100.0,56,86
transport.clip.metrics.coverage.ok,142,142,100.0,56,86
transport.clip.metrics.coverage.reason,142,142,100.0,56,86
transport.clip.metrics.created_vs_reused,142,142,100.0,56,86
transport.clip.metrics.cuda_end_event_object_count,142,142,100.0,56,86
transport.clip.metrics.cuda_event_rerecord_count,142,142,100.0,56,86
transport.clip.metrics.cuda_h2d_stream_object_count,142,142,100.0,56,86
transport.clip.metrics.cuda_start_event_object_count,142,142,100.0,56,86
transport.clip.metrics.dedicated_h2d_stream_count,142,142,100.0,56,86
transport.clip.metrics.destination_base,142,142,100.0,56,86
transport.clip.metrics.destination_offset_max,142,142,100.0,56,86
transport.clip.metrics.destination_offset_min,142,142,100.0,56,86
transport.clip.metrics.detail_clip_page_faults{},142,142,100.0,56,86
transport.clip.metrics.detail_h2d_completed_bytes,142,142,100.0,56,86
transport.clip.metrics.detail_qd_quiescence[],142,142,100.0,56,86
transport.clip.metrics.detail_qd_quiescence[].copies_complete,142,142,100.0,56,86
transport.clip.metrics.detail_qd_quiescence[].h2d_events_waited,142,142,100.0,56,86
transport.clip.metrics.detail_qd_quiescence[].operation_live,142,142,100.0,56,86
transport.clip.metrics.detail_qd_quiescence[].workers_joined,142,142,100.0,56,86
transport.clip.metrics.detail_source_read_count,142,142,100.0,56,86
transport.clip.metrics.diagnostics{},142,142,100.0,56,86
transport.clip.metrics.duplicate_read_count,142,142,100.0,56,86
transport.clip.metrics.event_object_count,142,142,100.0,56,86
transport.clip.metrics.event_rerecord_count,142,142,100.0,56,86
transport.clip.metrics.execution_arm,142,142,100.0,56,86
transport.clip.metrics.experiment.H2D_SUBMISSION_SIZES_summary.max,142,142,100.0,56,86
transport.clip.metrics.experiment.H2D_SUBMISSION_SIZES_summary.mean,142,142,100.0,56,86
transport.clip.metrics.experiment.H2D_SUBMISSION_SIZES_summary.min,142,142,100.0,56,86
transport.clip.metrics.experiment.H2D_SUBMISSION_SIZES_summary.n,142,142,100.0,56,86
transport.clip.metrics.experiment.aggregation_enabled,142,142,100.0,56,86
transport.clip.metrics.experiment.aggregation_wait_count,142,142,100.0,56,86
transport.clip.metrics.experiment.h2d_completed_bytes,142,142,100.0,56,86
transport.clip.metrics.experiment.h2d_completed_count,142,142,100.0,56,86
transport.clip.metrics.experiment.h2d_submission_count,142,142,100.0,56,86
transport.clip.metrics.experiment.h2d_submission_size_distribution_summary.max,142,142,100.0,56,86
transport.clip.metrics.experiment.h2d_submission_size_distribution_summary.mean,142,142,100.0,56,86
transport.clip.metrics.experiment.h2d_submission_size_distribution_summary.min,142,142,100.0,56,86
transport.clip.metrics.experiment.h2d_submission_size_distribution_summary.n,142,142,100.0,56,86
transport.clip.metrics.experiment.h2d_submission_sizes_summary.max,142,142,100.0,56,86
transport.clip.metrics.experiment.h2d_submission_sizes_summary.mean,142,142,100.0,56,86
transport.clip.metrics.experiment.h2d_submission_sizes_summary.min,142,142,100.0,56,86
transport.clip.metrics.experiment.h2d_submission_sizes_summary.n,142,142,100.0,56,86
transport.clip.metrics.experiment.h2d_submitted_bytes,142,142,100.0,56,86
transport.clip.metrics.experiment.h2d_submitted_count,142,142,100.0,56,86
transport.clip.metrics.experiment.h2d_target_bytes,142,142,100.0,56,86
transport.clip.metrics.experiment.producer_ids_summary.max,142,142,100.0,56,86
transport.clip.metrics.experiment.producer_ids_summary.mean,142,142,100.0,56,86
transport.clip.metrics.experiment.producer_ids_summary.min,142,142,100.0,56,86
transport.clip.metrics.experiment.producer_ids_summary.n,142,142,100.0,56,86
transport.clip.metrics.experiment.source_bytes,142,142,100.0,56,86
transport.clip.metrics.experiment.source_read_count,142,142,100.0,56,86
transport.clip.metrics.experiment.timing_scope.final_drain_wall_ms,142,142,100.0,56,86
transport.clip.metrics.experiment.timing_scope.h2d_event_completion_latency_ms,142,142,100.0,56,86
transport.clip.metrics.experiment.timing_scope.h2d_inflight_depth_samples,142,142,100.0,56,86
transport.clip.metrics.experiment.timing_scope.source_aggregate_wall_ms,142,142,100.0,56,86
transport.clip.metrics.experiment.timing_scope.source_wall_ms,142,142,100.0,56,86
transport.clip.metrics.experiment.timing_scope.target_qd_occupancy_fraction,142,142,100.0,56,86
transport.clip.metrics.experiment.timing_scope.total_entry_to_return_wall_ms,142,142,100.0,56,86
transport.clip.metrics.fallback.alignment_tensor_count,142,142,100.0,56,86
transport.clip.metrics.fallback.fallback_count,142,142,100.0,56,86
transport.clip.metrics.fallback.fallback_reason,142,142,100.0,56,86
transport.clip.metrics.fallback.pin_fallback,142,142,100.0,56,86
transport.clip.metrics.fallback_count,142,142,100.0,56,86
transport.clip.metrics.fallback_reason,142,142,100.0,56,86
transport.clip.metrics.free_ready_depth.minimum_free_slots,142,142,100.0,56,86
transport.clip.metrics.free_ready_depth.ready_queue_depth_at_end,142,142,100.0,56,86
transport.clip.metrics.fresh_cuda_event_per_copy_count,142,142,100.0,56,86
transport.clip.metrics.h2d_completion_count,142,142,100.0,56,86
transport.clip.metrics.h2d_event_completion_latency_ms,142,142,100.0,56,86
transport.clip.metrics.h2d_max_submission_bytes,142,142,100.0,56,86
transport.clip.metrics.h2d_mean_submission_bytes,142,142,100.0,56,86
transport.clip.metrics.h2d_min_submission_bytes,142,142,100.0,56,86
transport.clip.metrics.h2d_reconciliation.completed_bytes,142,142,100.0,56,86
transport.clip.metrics.h2d_reconciliation.ok,142,142,100.0,56,86
transport.clip.metrics.h2d_reconciliation.submitted_bytes,142,142,100.0,56,86
transport.clip.metrics.h2d_submission_count,142,142,100.0,56,86
transport.clip.metrics.h2d_submit_count,142,142,100.0,56,86
transport.clip.metrics.h2d_target_bytes,142,142,100.0,56,86
transport.clip.metrics.header_parse_count,142,142,100.0,56,86
transport.clip.metrics.lease_wait.status,142,142,100.0,56,86
transport.clip.metrics.lease_wait.timing_scope,142,142,100.0,56,86
transport.clip.metrics.lease_wait.wait_count,142,142,100.0,56,86
transport.clip.metrics.lease_wait.wait_ms,142,142,100.0,56,86
transport.clip.metrics.lease_wait.wait_ns,142,142,100.0,56,86
transport.clip.metrics.load_ms,142,142,100.0,56,86
transport.clip.metrics.logical_slot_bytes,142,142,100.0,56,86
transport.clip.metrics.logical_slot_count,142,142,100.0,56,86
transport.clip.metrics.max_preadv_ms,142,142,100.0,56,86
transport.clip.metrics.non_aggregated_submission_count,142,142,100.0,56,86
transport.clip.metrics.overlap.nested_timings_not_additive,142,142,100.0,56,86
transport.clip.metrics.overlap.sum_is_not_wall,142,142,100.0,56,86
transport.clip.metrics.overlap.wall_fields[],142,142,100.0,56,86
transport.clip.metrics.owner_count,142,142,100.0,56,86
transport.clip.metrics.p50_preadv_ms,142,142,100.0,56,86
transport.clip.metrics.p90_preadv_ms,142,142,100.0,56,86
transport.clip.metrics.p95_preadv_ms,142,142,100.0,56,86
transport.clip.metrics.p99_preadv_ms,142,142,100.0,56,86
transport.clip.metrics.pinned_arena_physical_allocation_bytes,142,142,100.0,56,86
transport.clip.metrics.pinned_arena_physical_allocation_count,142,142,100.0,56,86
transport.clip.metrics.poison_reason,142,142,100.0,56,86
transport.clip.metrics.poisoned,142,142,100.0,56,86
transport.clip.metrics.post_transport_construction_adoption.reason,142,142,100.0,56,86
transport.clip.metrics.post_transport_construction_adoption.status,142,142,100.0,56,86
transport.clip.metrics.producer_balance.read_bytes.0,142,142,100.0,56,86
transport.clip.metrics.producer_balance.read_bytes.1,142,142,100.0,56,86
transport.clip.metrics.producer_balance.read_bytes.2,142,142,100.0,56,86
transport.clip.metrics.producer_balance.read_bytes.3,142,142,100.0,56,86
transport.clip.metrics.producer_balance.read_counts.0,142,142,100.0,56,86
transport.clip.metrics.producer_balance.read_counts.1,142,142,100.0,56,86
transport.clip.metrics.producer_balance.read_counts.2,142,142,100.0,56,86
transport.clip.metrics.producer_balance.read_counts.3,142,142,100.0,56,86
transport.clip.metrics.producer_count,142,142,100.0,56,86
transport.clip.metrics.producer_destination_offset_monotonic,142,142,100.0,56,86
transport.clip.metrics.producer_ids[],142,142,100.0,56,86
transport.clip.metrics.producer_offset_monotonic,142,142,100.0,56,86
transport.clip.metrics.quiescence_evidence.actual_syscalls_in_flight,142,142,100.0,56,86
transport.clip.metrics.quiescence_evidence.checkpoint,142,142,100.0,56,86
transport.clip.metrics.quiescence_evidence.fallback,142,142,100.0,56,86
transport.clip.metrics.quiescence_evidence.free_buffers,142,142,100.0,56,86
transport.clip.metrics.quiescence_evidence.h2ds_in_flight,142,142,100.0,56,86
transport.clip.metrics.quiescence_evidence.live_dispatcher,142,142,100.0,56,86
transport.clip.metrics.quiescence_evidence.live_slots,142,142,100.0,56,86
transport.clip.metrics.quiescence_evidence.live_source_readers,142,142,100.0,56,86
transport.clip.metrics.quiescence_evidence.live_source_workers,142,142,100.0,56,86
transport.clip.metrics.quiescence_evidence.outstanding_futures,142,142,100.0,56,86
transport.clip.metrics.quiescence_evidence.ownership_quiescent,142,142,100.0,56,86
transport.clip.metrics.quiescence_evidence.phase,142,142,100.0,56,86
transport.clip.metrics.quiescence_evidence.poison,142,142,100.0,56,86
transport.clip.metrics.quiescence_evidence.queued_ready_blocks,142,142,100.0,56,86
transport.clip.metrics.quiescence_evidence.reconciliation_state,142,142,100.0,56,86
transport.clip.metrics.quiescence_evidence.unreaped_events,142,142,100.0,56,86
transport.clip.metrics.read_count_observed,142,142,100.0,56,86
transport.clip.metrics.read_durations[],142,142,100.0,56,86
transport.clip.metrics.ready_backpressure.ready_depth_at_end,142,142,100.0,56,86
transport.clip.metrics.ready_backpressure.status,142,142,100.0,56,86
transport.clip.metrics.ready_backpressure.timing_scope,142,142,100.0,56,86
transport.clip.metrics.ready_backpressure.wait_count,142,142,100.0,56,86
transport.clip.metrics.ready_backpressure.wait_ms,142,142,100.0,56,86
transport.clip.metrics.ready_backpressure.wait_ns,142,142,100.0,56,86
transport.clip.metrics.role,142,142,100.0,56,86
transport.clip.metrics.schema,142,142,100.0,56,86
transport.clip.metrics.slot_bytes,142,142,100.0,56,86
transport.clip.metrics.slot_count,142,142,100.0,56,86
transport.clip.metrics.source_base,142,142,100.0,56,86
transport.clip.metrics.source_block_bytes,142,142,100.0,56,86
transport.clip.metrics.source_block_count,142,142,100.0,56,86
transport.clip.metrics.source_bytes,142,142,100.0,56,86
transport.clip.metrics.source_open_count,142,142,100.0,56,86
transport.clip.metrics.source_read_count,142,142,100.0,56,86
transport.clip.metrics.source_reads.bytes,142,142,100.0,56,86
transport.clip.metrics.source_reads.read_count,142,142,100.0,56,86
transport.clip.metrics.staging.allocated_bytes,142,142,100.0,56,86
transport.clip.metrics.staging.allocation_count,142,142,100.0,56,86
transport.clip.metrics.staging.allocation_ns,142,142,100.0,56,86
transport.clip.metrics.staging.logical_view_count,142,142,100.0,56,86
transport.clip.metrics.staging.memory_kind,142,142,100.0,56,86
transport.clip.metrics.staging.physical_allocation_count,142,142,100.0,56,86
transport.clip.metrics.staging.pinned,142,142,100.0,56,86
transport.clip.metrics.staging.retained_by,142,142,100.0,56,86
transport.clip.metrics.staging.retained_bytes,142,142,100.0,56,86
transport.clip.metrics.staging.reuse_count,142,142,100.0,56,86
transport.clip.metrics.staging.shared_registered,142,142,100.0,56,86
transport.clip.metrics.tail_submission_count,142,142,100.0,56,86
transport.clip.metrics.throughput.h2d_gbps,142,142,100.0,56,86
transport.clip.metrics.throughput.h2d_scope,142,142,100.0,56,86
transport.clip.metrics.throughput.source_gbps,142,142,100.0,56,86
transport.clip.present,142,142,100.0,56,86
transport.clip.reads[],142,142,100.0,56,86
transport.clip.reads[].destination_offset,142,142,100.0,56,86
transport.clip.reads[].duration_ms,142,142,100.0,56,86
transport.clip.reads[].error,142,142,100.0,56,86
transport.clip.reads[].physical_provenance,142,142,100.0,56,86
transport.clip.reads[].producer_id,142,142,100.0,56,86
transport.clip.reads[].read_seq,142,142,100.0,56,86
transport.clip.reads[].region_id,142,142,100.0,56,86
transport.clip.reads[].requested_bytes,142,142,100.0,56,86
transport.clip.reads[].retry_number,142,142,100.0,56,86
transport.clip.reads[].returned_bytes,142,142,100.0,56,86
transport.clip.reads[].role,142,142,100.0,56,86
transport.clip.reads[].short_read,142,142,100.0,56,86
transport.clip.reads[].slot_index,142,142,100.0,56,86
transport.clip.reads[].source_offset,142,142,100.0,56,86
transport.clip.reads[].syscall_enter_monotonic_ns,142,142,100.0,56,86
transport.clip.reads[].syscall_exit_monotonic_ns,142,142,100.0,56,86
transport.clip.role,142,142,100.0,56,86
transport.unet.diagnostics{},142,142,100.0,56,86
transport.unet.load_ms,142,142,100.0,56,86
transport.unet.metrics.E27_SOURCE_MECHANISM_PROVEN,142,142,100.0,56,86
transport.unet.metrics.GPU_COPY_ACTIVE_SUM_MS,142,142,100.0,56,86
transport.unet.metrics.GPU_COPY_ACTIVE_UNION_MS,142,142,100.0,56,86
transport.unet.metrics.GPU_COPY_ACTIVE_UNION_PROVEN_SINGLE_STREAM_NON_OVERLAP,142,142,100.0,56,86
transport.unet.metrics.GPU_COPY_BYTES,142,142,100.0,56,86
transport.unet.metrics.GPU_COPY_COUNT,142,142,100.0,56,86
transport.unet.metrics.GPU_COPY_IDLE_INSIDE_STREAM_SPAN_MS,142,142,100.0,56,86
transport.unet.metrics.GPU_COPY_STREAM_SPAN_MS,142,142,100.0,56,86
transport.unet.metrics.GPU_COPY_TIMING_AVAILABLE,142,142,100.0,56,86
transport.unet.metrics.H2D_TOTAL_WALL_MS,142,142,100.0,56,86
transport.unet.metrics.POST_SOURCE_H2D_TAIL_MS,142,142,100.0,56,86
transport.unet.metrics.SOURCE_H2D_OVERLAP_MS,142,142,100.0,56,86
transport.unet.metrics.SOURCE_SYSCALL_UNION_BUSY_MS,142,142,100.0,56,86
transport.unet.metrics.SOURCE_TOTAL_WALL_MS,142,142,100.0,56,86
transport.unet.metrics.SOURCE_TO_GPU_READY_MS,142,142,100.0,56,86
transport.unet.metrics.actual_source_SOURCE_SYSCALL_UNION_BUSY_MS,142,142,100.0,56,86
transport.unet.metrics.actual_source_SOURCE_TOTAL_WALL_MS,142,142,100.0,56,86
transport.unet.metrics.actual_source_arm,142,142,100.0,56,86
transport.unet.metrics.actual_source_max_actual_source_inflight,142,142,100.0,56,86
transport.unet.metrics.actual_source_physical_syscall_provenance,142,142,100.0,56,86
transport.unet.metrics.actual_source_producer_count,142,142,100.0,56,86
transport.unet.metrics.actual_source_source_active_duration_ns,142,142,100.0,56,86
transport.unet.metrics.actual_source_source_active_wall_ms,142,142,100.0,56,86
transport.unet.metrics.adoption_result,142,142,100.0,56,86
transport.unet.metrics.aggregated_submission_count,142,142,100.0,56,86
transport.unet.metrics.aggregation_fallback_count,142,142,100.0,56,86
transport.unet.metrics.arena_bytes,142,142,100.0,56,86
transport.unet.metrics.count_error,142,142,100.0,56,86
transport.unet.metrics.count_ge_1000_ms,142,142,100.0,56,86
transport.unet.metrics.count_ge_250_ms,142,142,100.0,56,86
transport.unet.metrics.count_ge_500_ms,142,142,100.0,56,86
transport.unet.metrics.count_retry,142,142,100.0,56,86
transport.unet.metrics.count_short_read,142,142,100.0,56,86
transport.unet.metrics.coverage.ok,142,142,100.0,56,86
transport.unet.metrics.coverage.reason,142,142,100.0,56,86
transport.unet.metrics.created_vs_reused,142,142,100.0,56,86
transport.unet.metrics.cuda_end_event_object_count,142,142,100.0,56,86
transport.unet.metrics.cuda_event_rerecord_count,142,142,100.0,56,86
transport.unet.metrics.cuda_h2d_stream_object_count,142,142,100.0,56,86
transport.unet.metrics.cuda_start_event_object_count,142,142,100.0,56,86
transport.unet.metrics.dedicated_h2d_stream_count,142,142,100.0,56,86
transport.unet.metrics.destination_base,142,142,100.0,56,86
transport.unet.metrics.destination_offset_max,142,142,100.0,56,86
transport.unet.metrics.destination_offset_min,142,142,100.0,56,86
transport.unet.metrics.detail_adoption_peak_delta_bytes,142,142,100.0,56,86
transport.unet.metrics.detail_assign_mode,142,142,100.0,56,86
transport.unet.metrics.detail_assigned_count,142,142,100.0,56,86
transport.unet.metrics.detail_cuda_allocation_checkpoints[],142,142,100.0,56,86
transport.unet.metrics.detail_cuda_allocation_checkpoints[].allocated_bytes,142,142,100.0,56,86
transport.unet.metrics.detail_cuda_allocation_checkpoints[].allocator_observation,142,142,100.0,56,86
transport.unet.metrics.detail_cuda_allocation_checkpoints[].name,142,142,100.0,56,86
transport.unet.metrics.detail_cuda_allocation_checkpoints[].peak_allocated_bytes,142,142,100.0,56,86
transport.unet.metrics.detail_cuda_allocation_checkpoints[].peak_measurement_supported,142,142,100.0,56,86
transport.unet.metrics.detail_cuda_allocation_checkpoints[].reserved_bytes,142,142,100.0,56,86
transport.unet.metrics.detail_cuda_allocation_checkpoints[].synchronizing,142,142,100.0,56,86
transport.unet.metrics.detail_h2d_completed_bytes,142,142,100.0,56,86
transport.unet.metrics.detail_post_qd_allocation_delta_bytes,142,142,100.0,56,86
transport.unet.metrics.detail_qd_quiescence.copies_complete,142,142,100.0,56,86
transport.unet.metrics.detail_qd_quiescence.h2d_events_waited,142,142,100.0,56,86
transport.unet.metrics.detail_qd_quiescence.operation_live,142,142,100.0,56,86
transport.unet.metrics.detail_qd_quiescence.workers_joined,142,142,100.0,56,86
transport.unet.metrics.detail_same_storage_count,142,142,100.0,56,86
transport.unet.metrics.detail_skeleton_peak_delta_bytes,142,142,100.0,56,86
transport.unet.metrics.detail_source_read_count,142,142,100.0,56,86
transport.unet.metrics.diagnostics{},142,142,100.0,56,86
transport.unet.metrics.duplicate_read_count,142,142,100.0,56,86
transport.unet.metrics.event_object_count,142,142,100.0,56,86
transport.unet.metrics.event_rerecord_count,142,142,100.0,56,86
transport.unet.metrics.execution_arm,142,142,100.0,56,86
transport.unet.metrics.experiment.H2D_SUBMISSION_SIZES_summary.max,142,142,100.0,56,86
transport.unet.metrics.experiment.H2D_SUBMISSION_SIZES_summary.mean,142,142,100.0,56,86
transport.unet.metrics.experiment.H2D_SUBMISSION_SIZES_summary.min,142,142,100.0,56,86
transport.unet.metrics.experiment.H2D_SUBMISSION_SIZES_summary.n,142,142,100.0,56,86
transport.unet.metrics.experiment.aggregation_enabled,142,142,100.0,56,86
transport.unet.metrics.experiment.aggregation_wait_count,142,142,100.0,56,86
transport.unet.metrics.experiment.h2d_completed_bytes,142,142,100.0,56,86
transport.unet.metrics.experiment.h2d_completed_count,142,142,100.0,56,86
transport.unet.metrics.experiment.h2d_submission_count,142,142,100.0,56,86
transport.unet.metrics.experiment.h2d_submission_size_distribution_summary.max,142,142,100.0,56,86
transport.unet.metrics.experiment.h2d_submission_size_distribution_summary.mean,142,142,100.0,56,86
transport.unet.metrics.experiment.h2d_submission_size_distribution_summary.min,142,142,100.0,56,86
transport.unet.metrics.experiment.h2d_submission_size_distribution_summary.n,142,142,100.0,56,86
transport.unet.metrics.experiment.h2d_submission_sizes_summary.max,142,142,100.0,56,86
transport.unet.metrics.experiment.h2d_submission_sizes_summary.mean,142,142,100.0,56,86
transport.unet.metrics.experiment.h2d_submission_sizes_summary.min,142,142,100.0,56,86
transport.unet.metrics.experiment.h2d_submission_sizes_summary.n,142,142,100.0,56,86
transport.unet.metrics.experiment.h2d_submitted_bytes,142,142,100.0,56,86
transport.unet.metrics.experiment.h2d_submitted_count,142,142,100.0,56,86
transport.unet.metrics.experiment.h2d_target_bytes,142,142,100.0,56,86
transport.unet.metrics.experiment.producer_ids_summary.max,142,142,100.0,56,86
transport.unet.metrics.experiment.producer_ids_summary.mean,142,142,100.0,56,86
transport.unet.metrics.experiment.producer_ids_summary.min,142,142,100.0,56,86
transport.unet.metrics.experiment.producer_ids_summary.n,142,142,100.0,56,86
transport.unet.metrics.experiment.source_bytes,142,142,100.0,56,86
transport.unet.metrics.experiment.source_read_count,142,142,100.0,56,86
transport.unet.metrics.experiment.timing_scope.final_drain_wall_ms,142,142,100.0,56,86
transport.unet.metrics.experiment.timing_scope.h2d_event_completion_latency_ms,142,142,100.0,56,86
transport.unet.metrics.experiment.timing_scope.h2d_inflight_depth_samples,142,142,100.0,56,86
transport.unet.metrics.experiment.timing_scope.source_aggregate_wall_ms,142,142,100.0,56,86
transport.unet.metrics.experiment.timing_scope.source_wall_ms,142,142,100.0,56,86
transport.unet.metrics.experiment.timing_scope.target_qd_occupancy_fraction,142,142,100.0,56,86
transport.unet.metrics.experiment.timing_scope.total_entry_to_return_wall_ms,142,142,100.0,56,86
transport.unet.metrics.fallback.alignment_tensor_count,142,142,100.0,56,86
transport.unet.metrics.fallback.fallback_count,142,142,100.0,56,86
transport.unet.metrics.fallback.fallback_reason,142,142,100.0,56,86
transport.unet.metrics.fallback.pin_fallback,142,142,100.0,56,86
transport.unet.metrics.fallback_count,142,142,100.0,56,86
transport.unet.metrics.fallback_reason,142,142,100.0,56,86
transport.unet.metrics.free_ready_depth.minimum_free_slots,142,142,100.0,56,86
transport.unet.metrics.free_ready_depth.ready_queue_depth_at_end,142,142,100.0,56,86
transport.unet.metrics.fresh_cuda_event_per_copy_count,142,142,100.0,56,86
transport.unet.metrics.h2d_completion_count,142,142,100.0,56,86
transport.unet.metrics.h2d_event_completion_latency_ms,142,142,100.0,56,86
transport.unet.metrics.h2d_max_submission_bytes,142,142,100.0,56,86
transport.unet.metrics.h2d_mean_submission_bytes,142,142,100.0,56,86
transport.unet.metrics.h2d_min_submission_bytes,142,142,100.0,56,86
transport.unet.metrics.h2d_reconciliation.completed_bytes,142,142,100.0,56,86
transport.unet.metrics.h2d_reconciliation.ok,142,142,100.0,56,86
transport.unet.metrics.h2d_reconciliation.submitted_bytes,142,142,100.0,56,86
transport.unet.metrics.h2d_submission_count,142,142,100.0,56,86
transport.unet.metrics.h2d_submit_count,142,142,100.0,56,86
transport.unet.metrics.h2d_target_bytes,142,142,100.0,56,86
transport.unet.metrics.header_parse_count,142,142,100.0,56,86
transport.unet.metrics.lease_wait.status,142,142,100.0,56,86
transport.unet.metrics.lease_wait.timing_scope,142,142,100.0,56,86
transport.unet.metrics.lease_wait.wait_count,142,142,100.0,56,86
transport.unet.metrics.lease_wait.wait_ms,142,142,100.0,56,86
transport.unet.metrics.lease_wait.wait_ns,142,142,100.0,56,86
transport.unet.metrics.load_ms,142,142,100.0,56,86
transport.unet.metrics.logical_slot_bytes,142,142,100.0,56,86
transport.unet.metrics.logical_slot_count,142,142,100.0,56,86
transport.unet.metrics.max_preadv_ms,142,142,100.0,56,86
transport.unet.metrics.non_aggregated_submission_count,142,142,100.0,56,86
transport.unet.metrics.overlap.nested_timings_not_additive,142,142,100.0,56,86
transport.unet.metrics.overlap.sum_is_not_wall,142,142,100.0,56,86
transport.unet.metrics.overlap.wall_fields[],142,142,100.0,56,86
transport.unet.metrics.owner_count,142,142,100.0,56,86
transport.unet.metrics.p50_preadv_ms,142,142,100.0,56,86
transport.unet.metrics.p90_preadv_ms,142,142,100.0,56,86
transport.unet.metrics.p95_preadv_ms,142,142,100.0,56,86
transport.unet.metrics.p99_preadv_ms,142,142,100.0,56,86
transport.unet.metrics.pinned_arena_physical_allocation_bytes,142,142,100.0,56,86
transport.unet.metrics.pinned_arena_physical_allocation_count,142,142,100.0,56,86
transport.unet.metrics.poison_reason,142,142,100.0,56,86
transport.unet.metrics.poisoned,142,142,100.0,56,86
transport.unet.metrics.post_transport_construction_adoption.reason,142,142,100.0,56,86
transport.unet.metrics.post_transport_construction_adoption.status,142,142,100.0,56,86
transport.unet.metrics.producer_balance.read_bytes.0,142,142,100.0,56,86
transport.unet.metrics.producer_balance.read_bytes.1,142,142,100.0,56,86
transport.unet.metrics.producer_balance.read_bytes.2,142,142,100.0,56,86
transport.unet.metrics.producer_balance.read_bytes.3,142,142,100.0,56,86
transport.unet.metrics.producer_balance.read_counts.0,142,142,100.0,56,86
transport.unet.metrics.producer_balance.read_counts.1,142,142,100.0,56,86
transport.unet.metrics.producer_balance.read_counts.2,142,142,100.0,56,86
transport.unet.metrics.producer_balance.read_counts.3,142,142,100.0,56,86
transport.unet.metrics.producer_count,142,142,100.0,56,86
transport.unet.metrics.producer_destination_offset_monotonic,142,142,100.0,56,86
transport.unet.metrics.producer_ids[],142,142,100.0,56,86
transport.unet.metrics.producer_offset_monotonic,142,142,100.0,56,86
transport.unet.metrics.quiescence_evidence.actual_syscalls_in_flight,142,142,100.0,56,86
transport.unet.metrics.quiescence_evidence.checkpoint,142,142,100.0,56,86
transport.unet.metrics.quiescence_evidence.fallback,142,142,100.0,56,86
transport.unet.metrics.quiescence_evidence.free_buffers,142,142,100.0,56,86
transport.unet.metrics.quiescence_evidence.h2ds_in_flight,142,142,100.0,56,86
transport.unet.metrics.quiescence_evidence.live_dispatcher,142,142,100.0,56,86
transport.unet.metrics.quiescence_evidence.live_slots,142,142,100.0,56,86
transport.unet.metrics.quiescence_evidence.live_source_readers,142,142,100.0,56,86
transport.unet.metrics.quiescence_evidence.live_source_workers,142,142,100.0,56,86
transport.unet.metrics.quiescence_evidence.outstanding_futures,142,142,100.0,56,86
transport.unet.metrics.quiescence_evidence.ownership_quiescent,142,142,100.0,56,86
transport.unet.metrics.quiescence_evidence.phase,142,142,100.0,56,86
transport.unet.metrics.quiescence_evidence.poison,142,142,100.0,56,86
transport.unet.metrics.quiescence_evidence.queued_ready_blocks,142,142,100.0,56,86
transport.unet.metrics.quiescence_evidence.reconciliation_state,142,142,100.0,56,86
transport.unet.metrics.quiescence_evidence.unreaped_events,142,142,100.0,56,86
transport.unet.metrics.read_count_observed,142,142,100.0,56,86
transport.unet.metrics.read_durations[],142,142,100.0,56,86
transport.unet.metrics.ready_backpressure.ready_depth_at_end,142,142,100.0,56,86
transport.unet.metrics.ready_backpressure.status,142,142,100.0,56,86
transport.unet.metrics.ready_backpressure.timing_scope,142,142,100.0,56,86
transport.unet.metrics.ready_backpressure.wait_count,142,142,100.0,56,86
transport.unet.metrics.ready_backpressure.wait_ms,142,142,100.0,56,86
transport.unet.metrics.ready_backpressure.wait_ns,142,142,100.0,56,86
transport.unet.metrics.role,142,142,100.0,56,86
transport.unet.metrics.schema,142,142,100.0,56,86
transport.unet.metrics.slot_bytes,142,142,100.0,56,86
transport.unet.metrics.slot_count,142,142,100.0,56,86
transport.unet.metrics.source_base,142,142,100.0,56,86
transport.unet.metrics.source_block_bytes,142,142,100.0,56,86
transport.unet.metrics.source_block_count,142,142,100.0,56,86
transport.unet.metrics.source_bytes,142,142,100.0,56,86
transport.unet.metrics.source_open_count,142,142,100.0,56,86
transport.unet.metrics.source_read_count,142,142,100.0,56,86
transport.unet.metrics.source_reads.bytes,142,142,100.0,56,86
transport.unet.metrics.source_reads.read_count,142,142,100.0,56,86
transport.unet.metrics.staging.allocated_bytes,142,142,100.0,56,86
transport.unet.metrics.staging.allocation_count,142,142,100.0,56,86
transport.unet.metrics.staging.allocation_ns,142,142,100.0,56,86
transport.unet.metrics.staging.logical_view_count,142,142,100.0,56,86
transport.unet.metrics.staging.memory_kind,142,142,100.0,56,86
transport.unet.metrics.staging.physical_allocation_count,142,142,100.0,56,86
transport.unet.metrics.staging.pinned,142,142,100.0,56,86
transport.unet.metrics.staging.retained_by,142,142,100.0,56,86
transport.unet.metrics.staging.retained_bytes,142,142,100.0,56,86
transport.unet.metrics.staging.reuse_count,142,142,100.0,56,86
transport.unet.metrics.staging.shared_registered,142,142,100.0,56,86
transport.unet.metrics.tail_submission_count,142,142,100.0,56,86
transport.unet.metrics.throughput.h2d_gbps,142,142,100.0,56,86
transport.unet.metrics.throughput.h2d_scope,142,142,100.0,56,86
transport.unet.metrics.throughput.source_gbps,142,142,100.0,56,86
transport.unet.present,142,142,100.0,56,86
transport.unet.reads[],142,142,100.0,56,86
transport.unet.reads[].destination_offset,142,142,100.0,56,86
transport.unet.reads[].duration_ms,142,142,100.0,56,86
transport.unet.reads[].error,142,142,100.0,56,86
transport.unet.reads[].physical_provenance,142,142,100.0,56,86
transport.unet.reads[].producer_id,142,142,100.0,56,86
transport.unet.reads[].read_seq,142,142,100.0,56,86
transport.unet.reads[].region_id,142,142,100.0,56,86
transport.unet.reads[].requested_bytes,142,142,100.0,56,86
transport.unet.reads[].retry_number,142,142,100.0,56,86
transport.unet.reads[].returned_bytes,142,142,100.0,56,86
transport.unet.reads[].role,142,142,100.0,56,86
transport.unet.reads[].short_read,142,142,100.0,56,86
transport.unet.reads[].slot_index,142,142,100.0,56,86
transport.unet.reads[].source_offset,142,142,100.0,56,86
transport.unet.reads[].syscall_enter_monotonic_ns,142,142,100.0,56,86
transport.unet.reads[].syscall_exit_monotonic_ns,142,142,100.0,56,86
transport.unet.role,142,142,100.0,56,86
transport.vae.diagnostics{},142,142,100.0,56,86
transport.vae.load_ms,142,142,100.0,56,86
transport.vae.metrics.E27_SOURCE_MECHANISM_PROVEN,142,142,100.0,56,86
transport.vae.metrics.GPU_COPY_ACTIVE_SUM_MS,142,142,100.0,56,86
transport.vae.metrics.GPU_COPY_ACTIVE_UNION_MS,142,142,100.0,56,86
transport.vae.metrics.GPU_COPY_ACTIVE_UNION_PROVEN_SINGLE_STREAM_NON_OVERLAP,142,142,100.0,56,86
transport.vae.metrics.GPU_COPY_BYTES,142,142,100.0,56,86
transport.vae.metrics.GPU_COPY_COUNT,142,142,100.0,56,86
transport.vae.metrics.GPU_COPY_IDLE_INSIDE_STREAM_SPAN_MS,142,142,100.0,56,86
transport.vae.metrics.GPU_COPY_STREAM_SPAN_MS,142,142,100.0,56,86
transport.vae.metrics.GPU_COPY_TIMING_AVAILABLE,142,142,100.0,56,86
transport.vae.metrics.H2D_TOTAL_WALL_MS,142,142,100.0,56,86
transport.vae.metrics.POST_SOURCE_H2D_TAIL_MS,142,142,100.0,56,86
transport.vae.metrics.SOURCE_H2D_OVERLAP_MS,142,142,100.0,56,86
transport.vae.metrics.SOURCE_SYSCALL_UNION_BUSY_MS,142,142,100.0,56,86
transport.vae.metrics.SOURCE_TOTAL_WALL_MS,142,142,100.0,56,86
transport.vae.metrics.SOURCE_TO_GPU_READY_MS,142,142,100.0,56,86
transport.vae.metrics.actual_source_SOURCE_SYSCALL_UNION_BUSY_MS,142,142,100.0,56,86
transport.vae.metrics.actual_source_SOURCE_TOTAL_WALL_MS,142,142,100.0,56,86
transport.vae.metrics.actual_source_arm,142,142,100.0,56,86
transport.vae.metrics.actual_source_max_actual_source_inflight,142,142,100.0,56,86
transport.vae.metrics.actual_source_physical_syscall_provenance,142,142,100.0,56,86
transport.vae.metrics.actual_source_producer_count,142,142,100.0,56,86
transport.vae.metrics.actual_source_source_active_duration_ns,142,142,100.0,56,86
transport.vae.metrics.actual_source_source_active_wall_ms,142,142,100.0,56,86
transport.vae.metrics.adoption_result,142,142,100.0,56,86
transport.vae.metrics.aggregated_submission_count,142,142,100.0,56,86
transport.vae.metrics.aggregation_fallback_count,142,142,100.0,56,86
transport.vae.metrics.arena_bytes,142,142,100.0,56,86
transport.vae.metrics.count_error,142,142,100.0,56,86
transport.vae.metrics.count_ge_1000_ms,142,142,100.0,56,86
transport.vae.metrics.count_ge_250_ms,142,142,100.0,56,86
transport.vae.metrics.count_ge_500_ms,142,142,100.0,56,86
transport.vae.metrics.count_retry,142,142,100.0,56,86
transport.vae.metrics.count_short_read,142,142,100.0,56,86
transport.vae.metrics.coverage.ok,142,142,100.0,56,86
transport.vae.metrics.coverage.reason,142,142,100.0,56,86
transport.vae.metrics.created_vs_reused,142,142,100.0,56,86
transport.vae.metrics.cuda_end_event_object_count,142,142,100.0,56,86
transport.vae.metrics.cuda_event_rerecord_count,142,142,100.0,56,86
transport.vae.metrics.cuda_h2d_stream_object_count,142,142,100.0,56,86
transport.vae.metrics.cuda_start_event_object_count,142,142,100.0,56,86
transport.vae.metrics.dedicated_h2d_stream_count,142,142,100.0,56,86
transport.vae.metrics.destination_base,142,142,100.0,56,86
transport.vae.metrics.destination_offset_max,142,142,100.0,56,86
transport.vae.metrics.destination_offset_min,142,142,100.0,56,86
transport.vae.metrics.detail_h2d_completed_bytes,142,142,100.0,56,86
transport.vae.metrics.detail_qd_quiescence.copies_complete,142,142,100.0,56,86
transport.vae.metrics.detail_qd_quiescence.h2d_events_waited,142,142,100.0,56,86
transport.vae.metrics.detail_qd_quiescence.operation_live,142,142,100.0,56,86
transport.vae.metrics.detail_qd_quiescence.workers_joined,142,142,100.0,56,86
transport.vae.metrics.detail_source_read_count,142,142,100.0,56,86
transport.vae.metrics.diagnostics{},142,142,100.0,56,86
transport.vae.metrics.duplicate_read_count,142,142,100.0,56,86
transport.vae.metrics.event_object_count,142,142,100.0,56,86
transport.vae.metrics.event_rerecord_count,142,142,100.0,56,86
transport.vae.metrics.execution_arm,142,142,100.0,56,86
transport.vae.metrics.experiment.H2D_SUBMISSION_SIZES_summary.max,142,142,100.0,56,86
transport.vae.metrics.experiment.H2D_SUBMISSION_SIZES_summary.mean,142,142,100.0,56,86
transport.vae.metrics.experiment.H2D_SUBMISSION_SIZES_summary.min,142,142,100.0,56,86
transport.vae.metrics.experiment.H2D_SUBMISSION_SIZES_summary.n,142,142,100.0,56,86
transport.vae.metrics.experiment.aggregation_enabled,142,142,100.0,56,86
transport.vae.metrics.experiment.aggregation_wait_count,142,142,100.0,56,86
transport.vae.metrics.experiment.h2d_completed_bytes,142,142,100.0,56,86
transport.vae.metrics.experiment.h2d_completed_count,142,142,100.0,56,86
transport.vae.metrics.experiment.h2d_submission_count,142,142,100.0,56,86
transport.vae.metrics.experiment.h2d_submission_size_distribution_summary.max,142,142,100.0,56,86
transport.vae.metrics.experiment.h2d_submission_size_distribution_summary.mean,142,142,100.0,56,86
transport.vae.metrics.experiment.h2d_submission_size_distribution_summary.min,142,142,100.0,56,86
transport.vae.metrics.experiment.h2d_submission_size_distribution_summary.n,142,142,100.0,56,86
transport.vae.metrics.experiment.h2d_submission_sizes_summary.max,142,142,100.0,56,86
transport.vae.metrics.experiment.h2d_submission_sizes_summary.mean,142,142,100.0,56,86
transport.vae.metrics.experiment.h2d_submission_sizes_summary.min,142,142,100.0,56,86
transport.vae.metrics.experiment.h2d_submission_sizes_summary.n,142,142,100.0,56,86
transport.vae.metrics.experiment.h2d_submitted_bytes,142,142,100.0,56,86
transport.vae.metrics.experiment.h2d_submitted_count,142,142,100.0,56,86
transport.vae.metrics.experiment.h2d_target_bytes,142,142,100.0,56,86
transport.vae.metrics.experiment.producer_ids_summary.max,142,142,100.0,56,86
transport.vae.metrics.experiment.producer_ids_summary.mean,142,142,100.0,56,86
transport.vae.metrics.experiment.producer_ids_summary.min,142,142,100.0,56,86
transport.vae.metrics.experiment.producer_ids_summary.n,142,142,100.0,56,86
transport.vae.metrics.experiment.source_bytes,142,142,100.0,56,86
transport.vae.metrics.experiment.source_read_count,142,142,100.0,56,86
transport.vae.metrics.experiment.timing_scope.final_drain_wall_ms,142,142,100.0,56,86
transport.vae.metrics.experiment.timing_scope.h2d_event_completion_latency_ms,142,142,100.0,56,86
transport.vae.metrics.experiment.timing_scope.h2d_inflight_depth_samples,142,142,100.0,56,86
transport.vae.metrics.experiment.timing_scope.source_aggregate_wall_ms,142,142,100.0,56,86
transport.vae.metrics.experiment.timing_scope.source_wall_ms,142,142,100.0,56,86
transport.vae.metrics.experiment.timing_scope.target_qd_occupancy_fraction,142,142,100.0,56,86
transport.vae.metrics.experiment.timing_scope.total_entry_to_return_wall_ms,142,142,100.0,56,86
transport.vae.metrics.fallback.alignment_tensor_count,142,142,100.0,56,86
transport.vae.metrics.fallback.fallback_count,142,142,100.0,56,86
transport.vae.metrics.fallback.fallback_reason,142,142,100.0,56,86
transport.vae.metrics.fallback.pin_fallback,142,142,100.0,56,86
transport.vae.metrics.fallback_count,142,142,100.0,56,86
transport.vae.metrics.fallback_reason,142,142,100.0,56,86
transport.vae.metrics.free_ready_depth.minimum_free_slots,142,142,100.0,56,86
transport.vae.metrics.free_ready_depth.ready_queue_depth_at_end,142,142,100.0,56,86
transport.vae.metrics.fresh_cuda_event_per_copy_count,142,142,100.0,56,86
transport.vae.metrics.h2d_completion_count,142,142,100.0,56,86
transport.vae.metrics.h2d_event_completion_latency_ms,142,142,100.0,56,86
transport.vae.metrics.h2d_max_submission_bytes,142,142,100.0,56,86
transport.vae.metrics.h2d_mean_submission_bytes,142,142,100.0,56,86
transport.vae.metrics.h2d_min_submission_bytes,142,142,100.0,56,86
transport.vae.metrics.h2d_reconciliation.completed_bytes,142,142,100.0,56,86
transport.vae.metrics.h2d_reconciliation.ok,142,142,100.0,56,86
transport.vae.metrics.h2d_reconciliation.submitted_bytes,142,142,100.0,56,86
transport.vae.metrics.h2d_submission_count,142,142,100.0,56,86
transport.vae.metrics.h2d_submit_count,142,142,100.0,56,86
transport.vae.metrics.h2d_target_bytes,142,142,100.0,56,86
transport.vae.metrics.header_parse_count,142,142,100.0,56,86
transport.vae.metrics.lease_wait.status,142,142,100.0,56,86
transport.vae.metrics.lease_wait.timing_scope,142,142,100.0,56,86
transport.vae.metrics.lease_wait.wait_count,142,142,100.0,56,86
transport.vae.metrics.lease_wait.wait_ms,142,142,100.0,56,86
transport.vae.metrics.lease_wait.wait_ns,142,142,100.0,56,86
transport.vae.metrics.load_ms,142,142,100.0,56,86
transport.vae.metrics.logical_slot_bytes,142,142,100.0,56,86
transport.vae.metrics.logical_slot_count,142,142,100.0,56,86
transport.vae.metrics.max_preadv_ms,142,142,100.0,56,86
transport.vae.metrics.non_aggregated_submission_count,142,142,100.0,56,86
transport.vae.metrics.overlap.nested_timings_not_additive,142,142,100.0,56,86
transport.vae.metrics.overlap.sum_is_not_wall,142,142,100.0,56,86
transport.vae.metrics.overlap.wall_fields[],142,142,100.0,56,86
transport.vae.metrics.owner_count,142,142,100.0,56,86
transport.vae.metrics.p50_preadv_ms,142,142,100.0,56,86
transport.vae.metrics.p90_preadv_ms,142,142,100.0,56,86
transport.vae.metrics.p95_preadv_ms,142,142,100.0,56,86
transport.vae.metrics.p99_preadv_ms,142,142,100.0,56,86
transport.vae.metrics.pinned_arena_physical_allocation_bytes,142,142,100.0,56,86
transport.vae.metrics.pinned_arena_physical_allocation_count,142,142,100.0,56,86
transport.vae.metrics.poison_reason,142,142,100.0,56,86
transport.vae.metrics.poisoned,142,142,100.0,56,86
transport.vae.metrics.post_transport_construction_adoption.reason,142,142,100.0,56,86
transport.vae.metrics.post_transport_construction_adoption.status,142,142,100.0,56,86
transport.vae.metrics.producer_balance.read_bytes.0,142,142,100.0,56,86
transport.vae.metrics.producer_balance.read_bytes.1,142,142,100.0,56,86
transport.vae.metrics.producer_balance.read_bytes.2,142,142,100.0,56,86
transport.vae.metrics.producer_balance.read_bytes.3,142,142,100.0,56,86
transport.vae.metrics.producer_balance.read_counts.0,142,142,100.0,56,86
transport.vae.metrics.producer_balance.read_counts.1,142,142,100.0,56,86
transport.vae.metrics.producer_balance.read_counts.2,142,142,100.0,56,86
transport.vae.metrics.producer_balance.read_counts.3,142,142,100.0,56,86
transport.vae.metrics.producer_count,142,142,100.0,56,86
transport.vae.metrics.producer_destination_offset_monotonic,142,142,100.0,56,86
transport.vae.metrics.producer_ids[],142,142,100.0,56,86
transport.vae.metrics.producer_offset_monotonic,142,142,100.0,56,86
transport.vae.metrics.quiescence_evidence.actual_syscalls_in_flight,142,142,100.0,56,86
transport.vae.metrics.quiescence_evidence.checkpoint,142,142,100.0,56,86
transport.vae.metrics.quiescence_evidence.fallback,142,142,100.0,56,86
transport.vae.metrics.quiescence_evidence.free_buffers,142,142,100.0,56,86
transport.vae.metrics.quiescence_evidence.h2ds_in_flight,142,142,100.0,56,86
transport.vae.metrics.quiescence_evidence.live_dispatcher,142,142,100.0,56,86
transport.vae.metrics.quiescence_evidence.live_slots,142,142,100.0,56,86
transport.vae.metrics.quiescence_evidence.live_source_readers,142,142,100.0,56,86
transport.vae.metrics.quiescence_evidence.live_source_workers,142,142,100.0,56,86
transport.vae.metrics.quiescence_evidence.outstanding_futures,142,142,100.0,56,86
transport.vae.metrics.quiescence_evidence.ownership_quiescent,142,142,100.0,56,86
transport.vae.metrics.quiescence_evidence.phase,142,142,100.0,56,86
transport.vae.metrics.quiescence_evidence.poison,142,142,100.0,56,86
transport.vae.metrics.quiescence_evidence.queued_ready_blocks,142,142,100.0,56,86
transport.vae.metrics.quiescence_evidence.reconciliation_state,142,142,100.0,56,86
transport.vae.metrics.quiescence_evidence.unreaped_events,142,142,100.0,56,86
transport.vae.metrics.read_count_observed,142,142,100.0,56,86
transport.vae.metrics.read_durations[],142,142,100.0,56,86
transport.vae.metrics.ready_backpressure.ready_depth_at_end,142,142,100.0,56,86
transport.vae.metrics.ready_backpressure.status,142,142,100.0,56,86
transport.vae.metrics.ready_backpressure.timing_scope,142,142,100.0,56,86
transport.vae.metrics.ready_backpressure.wait_count,142,142,100.0,56,86
transport.vae.metrics.ready_backpressure.wait_ms,142,142,100.0,56,86
transport.vae.metrics.ready_backpressure.wait_ns,142,142,100.0,56,86
transport.vae.metrics.role,142,142,100.0,56,86
transport.vae.metrics.schema,142,142,100.0,56,86
transport.vae.metrics.slot_bytes,142,142,100.0,56,86
transport.vae.metrics.slot_count,142,142,100.0,56,86
transport.vae.metrics.source_base,142,142,100.0,56,86
transport.vae.metrics.source_block_bytes,142,142,100.0,56,86
transport.vae.metrics.source_block_count,142,142,100.0,56,86
transport.vae.metrics.source_bytes,142,142,100.0,56,86
transport.vae.metrics.source_open_count,142,142,100.0,56,86
transport.vae.metrics.source_read_count,142,142,100.0,56,86
transport.vae.metrics.source_reads.bytes,142,142,100.0,56,86
transport.vae.metrics.source_reads.read_count,142,142,100.0,56,86
transport.vae.metrics.staging.allocated_bytes,142,142,100.0,56,86
transport.vae.metrics.staging.allocation_count,142,142,100.0,56,86
transport.vae.metrics.staging.allocation_ns,142,142,100.0,56,86
transport.vae.metrics.staging.logical_view_count,142,142,100.0,56,86
transport.vae.metrics.staging.memory_kind,142,142,100.0,56,86
transport.vae.metrics.staging.physical_allocation_count,142,142,100.0,56,86
transport.vae.metrics.staging.pinned,142,142,100.0,56,86
transport.vae.metrics.staging.retained_by,142,142,100.0,56,86
transport.vae.metrics.staging.retained_bytes,142,142,100.0,56,86
transport.vae.metrics.staging.reuse_count,142,142,100.0,56,86
transport.vae.metrics.staging.shared_registered,142,142,100.0,56,86
transport.vae.metrics.tail_submission_count,142,142,100.0,56,86
transport.vae.metrics.throughput.h2d_gbps,142,142,100.0,56,86
transport.vae.metrics.throughput.h2d_scope,142,142,100.0,56,86
transport.vae.metrics.throughput.source_gbps,142,142,100.0,56,86
transport.vae.present,142,142,100.0,56,86
transport.vae.reads[],142,142,100.0,56,86
transport.vae.reads[].destination_offset,142,142,100.0,56,86
transport.vae.reads[].duration_ms,142,142,100.0,56,86
transport.vae.reads[].error,142,142,100.0,56,86
transport.vae.reads[].physical_provenance,142,142,100.0,56,86
transport.vae.reads[].producer_id,142,142,100.0,56,86
transport.vae.reads[].read_seq,142,142,100.0,56,86
transport.vae.reads[].region_id,142,142,100.0,56,86
transport.vae.reads[].requested_bytes,142,142,100.0,56,86
transport.vae.reads[].retry_number,142,142,100.0,56,86
transport.vae.reads[].returned_bytes,142,142,100.0,56,86
transport.vae.reads[].role,142,142,100.0,56,86
transport.vae.reads[].short_read,142,142,100.0,56,86
transport.vae.reads[].slot_index,142,142,100.0,56,86
transport.vae.reads[].source_offset,142,142,100.0,56,86
transport.vae.reads[].syscall_enter_monotonic_ns,142,142,100.0,56,86
transport.vae.reads[].syscall_exit_monotonic_ns,142,142,100.0,56,86
transport.vae.role,142,142,100.0,56,86
true_cold,142,142,100.0,56,86
v2ctl_invocation_id,142,142,100.0,56,86
