cohort,request_id,run_index,v2ctl_invocation_id,mode,method,golden_mode,golden_arm,provider,cloud,region,device,image_id,profile,app,dispatch_iso,start_ts,end_ts,duration_ms,qd_transport_arm,transport_block_bytes,transport_staging_slots,clip_residency,workflow_sha256,actual_workflow_sha256,expected_workflow_sha256,deployment_identity,deployment_combined_hash,snapshot_identity,config_identity,runtime_shape_fingerprint,profile_config_fingerprint,restore_count,request_count,restore_total_ms,clip_forward_total_ms,sampler_total_wall_ms,true_cold,valid,exact_output_valid,output_sha_match,observed_output_shas,observed_output_byte_count,output_stage_sha256,output_stage_expected_sha256,manifest_expected_output_sha,included_in_analysis,exclusion_reasons,load_ms,stage_walls_ms
cohort_2026-09-17_17-22-42_f841d7,golden-p1-0-a4f66843ed5b,0,484a876db727449ebc8c9ca323dc862e,golden_p1_parallel,run_golden_parallel_stream,parallel,control,CLOUD_PROVIDER_AWS,CLOUD_PROVIDER_AWS,us-west-2,NVIDIA H100 80GB HBM3,im-ZWhbnmH2ESAt0RqaMnZg8Q,golden_p1_parallel,batch-tripwire-v2-p2hb2,2026-09-17T17:22:42.341000+00:00,2026-09-17T17:22:42.341962+00:00,2026-09-17T17:24:19.745081+00:00,97403.345,static_e27,33554432,8,bf16,e44389ea2eda82ba5e2328acc08307b6879ed6d4ea4b030727ab044704c0d3b5,e44389ea2eda82ba5e2328acc08307b6879ed6d4ea4b030727ab044704c0d3b5,e44389ea2eda82ba5e2328acc08307b6879ed6d4ea4b030727ab044704c0d3b5,fd5d40120911ee0ceb6799137f318e72a0127e95734a6b91bc1ddd397ddf371e,fd5d40120911ee0ceb6799137f318e72a0127e95734a6b91bc1ddd397ddf371e,38c8a05aaad56ff32f39f7d0920dc753ce7410862da1940907446bb99af56fac,ad50bef88b7ff65f1c6e56f9d0eece3b567e37d4c2cef2822ed0bca74da32bac,e1135bf400e915a346e4d0d0,a0cdc90cedf0a0393cc7eb4958418c6854b2ee24697f3a5b730337744c504c61,1,1,4.487,3059.454858,4038.272,True,False,False,False,"[""3a6a03064c7e6e01ede339ada63daaea4cbf793f387f4faadbb101a787024577""]",3083864,3a6a03064c7e6e01ede339ada63daaea4cbf793f387f4faadbb101a787024577,790c3052a9b4a5ed01369e81cf79eac389f1d69b25578be3aa033e673570e89d,ab3c08a952521a2d20e2ca31a2deff3c72a45e9aacf95365e62a436cdac7104f,True,"[""output_sha_mismatch"", ""output SHA mismatch: observed=['3a6a03064c7e6e01ede339ada63daaea4cbf793f387f4faadbb101a787024577'] expected=ab3c08a952521a2d20e2ca31a2deff3c72a45e9aacf95365e62a436cdac7104f""]","{""clip"": 5384.788675, ""unet"": 5486.526158, ""vae"": 261.715379}","{""golden_clip_forward"": 3059.454858, ""golden_clip_load"": 5384.788675, ""golden_output"": 278.812871, ""golden_request_setup"": 2.52096, ""golden_restore"": 69.560242, ""golden_sampler_prepare"": 512.006535, ""golden_sampler_tail"": 0.01561, ""golden_sampling"": 4321.876618, ""golden_teardown"": 1.175075, ""golden_unet_load"": 5486.526158, ""golden_vae_decode"": 860.408957, ""golden_vae_load"": 261.715379}"
cohort_2026-09-17_17-24-49_79e86b,golden-p1-0-bd8ea2348bd5,0,a445cfa7568a4232bc9320bd40e7f0fe,golden_p1_parallel,run_golden_parallel_stream,parallel,control,CLOUD_PROVIDER_UNSPECIFIED,CLOUD_PROVIDER_UNSPECIFIED,CANADA-2,NVIDIA H100 80GB HBM3,im-ZWhbnmH2ESAt0RqaMnZg8Q,golden_p1_parallel,batch-tripwire-v2-p2hb2,2026-09-17T17:24:50.081000+00:00,2026-09-17T17:24:50.081465+00:00,2026-09-17T17:25:21.663513+00:00,31582.597,static_e27,33554432,8,bf16,e44389ea2eda82ba5e2328acc08307b6879ed6d4ea4b030727ab044704c0d3b5,e44389ea2eda82ba5e2328acc08307b6879ed6d4ea4b030727ab044704c0d3b5,e44389ea2eda82ba5e2328acc08307b6879ed6d4ea4b030727ab044704c0d3b5,fd5d40120911ee0ceb6799137f318e72a0127e95734a6b91bc1ddd397ddf371e,fd5d40120911ee0ceb6799137f318e72a0127e95734a6b91bc1ddd397ddf371e,38c8a05aaad56ff32f39f7d0920dc753ce7410862da1940907446bb99af56fac,ad50bef88b7ff65f1c6e56f9d0eece3b567e37d4c2cef2822ed0bca74da32bac,e1135bf400e915a346e4d0d0,a0cdc90cedf0a0393cc7eb4958418c6854b2ee24697f3a5b730337744c504c61,1,1,4.834,1813.265409,3698.24,True,False,False,False,"[""3a6a03064c7e6e01ede339ada63daaea4cbf793f387f4faadbb101a787024577""]",3083864,3a6a03064c7e6e01ede339ada63daaea4cbf793f387f4faadbb101a787024577,790c3052a9b4a5ed01369e81cf79eac389f1d69b25578be3aa033e673570e89d,ab3c08a952521a2d20e2ca31a2deff3c72a45e9aacf95365e62a436cdac7104f,True,"[""output_sha_mismatch"", ""output SHA mismatch: observed=['3a6a03064c7e6e01ede339ada63daaea4cbf793f387f4faadbb101a787024577'] expected=ab3c08a952521a2d20e2ca31a2deff3c72a45e9aacf95365e62a436cdac7104f""]","{""clip"": 8891.598984, ""unet"": 2280.597415, ""vae"": 159.096014}","{""golden_clip_forward"": 1813.265409, ""golden_clip_load"": 8891.598984, ""golden_output"": 208.836947, ""golden_request_setup"": 2.263431, ""golden_restore"": 8.038931, ""golden_sampler_prepare"": 279.088161, ""golden_sampler_tail"": 0.016789, ""golden_sampling"": 3842.114807, ""golden_teardown"": 0.289931, ""golden_unet_load"": 2280.597415, ""golden_vae_decode"": 545.324535, ""golden_vae_load"": 159.096014}"
cohort_2026-09-17_17-25-28_068779,golden-p1-0-a157324ed1d0,0,e0e3a7008ea041afa88d90f45ab4cc28,golden_p1_parallel,run_golden_parallel_stream,parallel,control,CLOUD_PROVIDER_GCP,CLOUD_PROVIDER_GCP,asia-northeast1,NVIDIA H100 80GB HBM3,im-ZWhbnmH2ESAt0RqaMnZg8Q,golden_p1_parallel,batch-tripwire-v2-p2hb2,2026-09-17T17:25:28.775000+00:00,2026-09-17T17:25:28.775483+00:00,2026-09-17T17:26:44.825729+00:00,76049.985,static_e27,33554432,8,bf16,e44389ea2eda82ba5e2328acc08307b6879ed6d4ea4b030727ab044704c0d3b5,e44389ea2eda82ba5e2328acc08307b6879ed6d4ea4b030727ab044704c0d3b5,e44389ea2eda82ba5e2328acc08307b6879ed6d4ea4b030727ab044704c0d3b5,fd5d40120911ee0ceb6799137f318e72a0127e95734a6b91bc1ddd397ddf371e,fd5d40120911ee0ceb6799137f318e72a0127e95734a6b91bc1ddd397ddf371e,38c8a05aaad56ff32f39f7d0920dc753ce7410862da1940907446bb99af56fac,ad50bef88b7ff65f1c6e56f9d0eece3b567e37d4c2cef2822ed0bca74da32bac,e1135bf400e915a346e4d0d0,a0cdc90cedf0a0393cc7eb4958418c6854b2ee24697f3a5b730337744c504c61,1,1,7.865,2122.654625,3725.4,True,False,False,False,"[""3a6a03064c7e6e01ede339ada63daaea4cbf793f387f4faadbb101a787024577""]",3083864,3a6a03064c7e6e01ede339ada63daaea4cbf793f387f4faadbb101a787024577,790c3052a9b4a5ed01369e81cf79eac389f1d69b25578be3aa033e673570e89d,ab3c08a952521a2d20e2ca31a2deff3c72a45e9aacf95365e62a436cdac7104f,True,"[""output_sha_mismatch"", ""output SHA mismatch: observed=['3a6a03064c7e6e01ede339ada63daaea4cbf793f387f4faadbb101a787024577'] expected=ab3c08a952521a2d20e2ca31a2deff3c72a45e9aacf95365e62a436cdac7104f""]","{""clip"": 2632.040262, ""unet"": 2783.818204, ""vae"": 178.443178}","{""golden_clip_forward"": 2122.654625, ""golden_clip_load"": 2632.040262, ""golden_output"": 249.191903, ""golden_request_setup"": 2.530392, ""golden_restore"": 7.030088, ""golden_sampler_prepare"": 269.861584, ""golden_sampler_tail"": 0.015887, ""golden_sampling"": 3891.690584, ""golden_teardown"": 0.415348, ""golden_unet_load"": 2783.818204, ""golden_vae_decode"": 518.136749, ""golden_vae_load"": 178.443178}"
cohort_2026-09-17_17-26-51_c00a60,golden-p1-0-4a3a9df54ab7,0,41cf10eb29594a1c9acfa09c79fe0d07,golden_p1_parallel,run_golden_parallel_stream,parallel,control,CLOUD_PROVIDER_GCP,CLOUD_PROVIDER_GCP,asia-northeast1,NVIDIA H100 80GB HBM3,im-ZWhbnmH2ESAt0RqaMnZg8Q,golden_p1_parallel,batch-tripwire-v2-p2hb2,2026-09-17T17:26:52.087000+00:00,2026-09-17T17:26:52.087456+00:00,2026-09-17T17:27:19.760313+00:00,27673.52,static_e27,33554432,8,bf16,e44389ea2eda82ba5e2328acc08307b6879ed6d4ea4b030727ab044704c0d3b5,e44389ea2eda82ba5e2328acc08307b6879ed6d4ea4b030727ab044704c0d3b5,e44389ea2eda82ba5e2328acc08307b6879ed6d4ea4b030727ab044704c0d3b5,fd5d40120911ee0ceb6799137f318e72a0127e95734a6b91bc1ddd397ddf371e,fd5d40120911ee0ceb6799137f318e72a0127e95734a6b91bc1ddd397ddf371e,38c8a05aaad56ff32f39f7d0920dc753ce7410862da1940907446bb99af56fac,ad50bef88b7ff65f1c6e56f9d0eece3b567e37d4c2cef2822ed0bca74da32bac,e1135bf400e915a346e4d0d0,a0cdc90cedf0a0393cc7eb4958418c6854b2ee24697f3a5b730337744c504c61,1,1,3.387,2107.491584,3656.93,True,False,False,False,"[""3a6a03064c7e6e01ede339ada63daaea4cbf793f387f4faadbb101a787024577""]",3083864,3a6a03064c7e6e01ede339ada63daaea4cbf793f387f4faadbb101a787024577,790c3052a9b4a5ed01369e81cf79eac389f1d69b25578be3aa033e673570e89d,ab3c08a952521a2d20e2ca31a2deff3c72a45e9aacf95365e62a436cdac7104f,True,"[""output_sha_mismatch"", ""output SHA mismatch: observed=['3a6a03064c7e6e01ede339ada63daaea4cbf793f387f4faadbb101a787024577'] expected=ab3c08a952521a2d20e2ca31a2deff3c72a45e9aacf95365e62a436cdac7104f""]","{""clip"": 2512.366847, ""unet"": 2431.845244, ""vae"": 161.086513}","{""golden_clip_forward"": 2107.491584, ""golden_clip_load"": 2512.366847, ""golden_output"": 239.515019, ""golden_request_setup"": 2.074256, ""golden_restore"": 5.538005, ""golden_sampler_prepare"": 273.27277, ""golden_sampler_tail"": 0.01591, ""golden_sampling"": 3824.329571, ""golden_teardown"": 0.432561, ""golden_unet_load"": 2431.845244, ""golden_vae_decode"": 537.861251, ""golden_vae_load"": 161.086513}"
cohort_2026-09-17_17-27-27_4437e0,golden-p1-0-94a52e483709,0,5a16ea6eda2d49f39e71715cab51eb9c,golden_p1_parallel,run_golden_parallel_stream,parallel,control,CLOUD_PROVIDER_UNSPECIFIED,CLOUD_PROVIDER_UNSPECIFIED,sines-2,NVIDIA H100 80GB HBM3,im-ZWhbnmH2ESAt0RqaMnZg8Q,golden_p1_parallel,batch-tripwire-v2-p2hb2,2026-09-17T17:27:27.361000+00:00,2026-09-17T17:27:27.361781+00:00,2026-09-17T17:29:20.340136+00:00,112978.404,static_e27,33554432,8,bf16,e44389ea2eda82ba5e2328acc08307b6879ed6d4ea4b030727ab044704c0d3b5,e44389ea2eda82ba5e2328acc08307b6879ed6d4ea4b030727ab044704c0d3b5,e44389ea2eda82ba5e2328acc08307b6879ed6d4ea4b030727ab044704c0d3b5,fd5d40120911ee0ceb6799137f318e72a0127e95734a6b91bc1ddd397ddf371e,fd5d40120911ee0ceb6799137f318e72a0127e95734a6b91bc1ddd397ddf371e,38c8a05aaad56ff32f39f7d0920dc753ce7410862da1940907446bb99af56fac,ad50bef88b7ff65f1c6e56f9d0eece3b567e37d4c2cef2822ed0bca74da32bac,e1135bf400e915a346e4d0d0,a0cdc90cedf0a0393cc7eb4958418c6854b2ee24697f3a5b730337744c504c61,1,1,2.933,5023.633915,3743.479,True,False,False,False,"[""3a6a03064c7e6e01ede339ada63daaea4cbf793f387f4faadbb101a787024577""]",3083864,3a6a03064c7e6e01ede339ada63daaea4cbf793f387f4faadbb101a787024577,790c3052a9b4a5ed01369e81cf79eac389f1d69b25578be3aa033e673570e89d,ab3c08a952521a2d20e2ca31a2deff3c72a45e9aacf95365e62a436cdac7104f,True,"[""output_sha_mismatch"", ""output SHA mismatch: observed=['3a6a03064c7e6e01ede339ada63daaea4cbf793f387f4faadbb101a787024577'] expected=ab3c08a952521a2d20e2ca31a2deff3c72a45e9aacf95365e62a436cdac7104f""]","{""clip"": 2453.972408, ""unet"": 12950.693993, ""vae"": 4288.981871}","{""golden_clip_forward"": 5023.633915, ""golden_clip_load"": 2453.972408, ""golden_output"": 241.429357, ""golden_request_setup"": 1.754561, ""golden_restore"": 5.490501, ""golden_sampler_prepare"": 282.203502, ""golden_sampler_tail"": 0.016048, ""golden_sampling"": 3904.016057, ""golden_teardown"": 0.516968, ""golden_unet_load"": 12950.693993, ""golden_vae_decode"": 556.262541, ""golden_vae_load"": 4288.981871}"
cohort_2026-09-17_17-29-27_62f388,golden-p1-0-f98520a50bf1,0,bf264d66d16a4afc8d9f4eb647b7c3a5,golden_p1_parallel,run_golden_parallel_stream,parallel,control,CLOUD_PROVIDER_AZURE,CLOUD_PROVIDER_AZURE,centralus,NVIDIA H100 80GB HBM3,im-ZWhbnmH2ESAt0RqaMnZg8Q,golden_p1_parallel,batch-tripwire-v2-p2hb2,2026-09-17T17:29:28.161000+00:00,2026-09-17T17:29:28.161709+00:00,2026-09-17T17:30:40.948585+00:00,72787.145,static_e27,33554432,8,bf16,e44389ea2eda82ba5e2328acc08307b6879ed6d4ea4b030727ab044704c0d3b5,e44389ea2eda82ba5e2328acc08307b6879ed6d4ea4b030727ab044704c0d3b5,e44389ea2eda82ba5e2328acc08307b6879ed6d4ea4b030727ab044704c0d3b5,fd5d40120911ee0ceb6799137f318e72a0127e95734a6b91bc1ddd397ddf371e,fd5d40120911ee0ceb6799137f318e72a0127e95734a6b91bc1ddd397ddf371e,38c8a05aaad56ff32f39f7d0920dc753ce7410862da1940907446bb99af56fac,ad50bef88b7ff65f1c6e56f9d0eece3b567e37d4c2cef2822ed0bca74da32bac,e1135bf400e915a346e4d0d0,a0cdc90cedf0a0393cc7eb4958418c6854b2ee24697f3a5b730337744c504c61,1,1,4.329,2500.199079,3757.111,True,False,False,False,"[""3a6a03064c7e6e01ede339ada63daaea4cbf793f387f4faadbb101a787024577""]",3083864,3a6a03064c7e6e01ede339ada63daaea4cbf793f387f4faadbb101a787024577,790c3052a9b4a5ed01369e81cf79eac389f1d69b25578be3aa033e673570e89d,ab3c08a952521a2d20e2ca31a2deff3c72a45e9aacf95365e62a436cdac7104f,True,"[""output_sha_mismatch"", ""output SHA mismatch: observed=['3a6a03064c7e6e01ede339ada63daaea4cbf793f387f4faadbb101a787024577'] expected=ab3c08a952521a2d20e2ca31a2deff3c72a45e9aacf95365e62a436cdac7104f""]","{""clip"": 5089.124817, ""unet"": 4031.521265, ""vae"": 374.138928}","{""golden_clip_forward"": 2500.199079, ""golden_clip_load"": 5089.124817, ""golden_output"": 256.015548, ""golden_request_setup"": 2.761856, ""golden_restore"": 7.990203, ""golden_sampler_prepare"": 340.498976, ""golden_sampler_tail"": 0.013958, ""golden_sampling"": 3929.779868, ""golden_teardown"": 0.454212, ""golden_unet_load"": 4031.521265, ""golden_vae_decode"": 625.294952, ""golden_vae_load"": 374.138928}"
cohort_2026-09-17_17-32-08_73af00,golden-p1-0-2a264d69ee85,0,703fa89b0a864e369d2d22719673f303,golden_p1_parallel,run_golden_parallel_stream,parallel,control,CLOUD_PROVIDER_GCP,CLOUD_PROVIDER_GCP,us-east4,NVIDIA H100 80GB HBM3,im-ZWhbnmH2ESAt0RqaMnZg8Q,golden_p1_parallel,batch-tripwire-v2-p2hb2,2026-09-17T17:32:08.770000+00:00,2026-09-17T17:32:08.770485+00:00,2026-09-17T17:33:11.681024+00:00,62910.507,static_e27,33554432,8,bf16,e44389ea2eda82ba5e2328acc08307b6879ed6d4ea4b030727ab044704c0d3b5,e44389ea2eda82ba5e2328acc08307b6879ed6d4ea4b030727ab044704c0d3b5,e44389ea2eda82ba5e2328acc08307b6879ed6d4ea4b030727ab044704c0d3b5,fd5d40120911ee0ceb6799137f318e72a0127e95734a6b91bc1ddd397ddf371e,fd5d40120911ee0ceb6799137f318e72a0127e95734a6b91bc1ddd397ddf371e,38c8a05aaad56ff32f39f7d0920dc753ce7410862da1940907446bb99af56fac,ad50bef88b7ff65f1c6e56f9d0eece3b567e37d4c2cef2822ed0bca74da32bac,e1135bf400e915a346e4d0d0,a0cdc90cedf0a0393cc7eb4958418c6854b2ee24697f3a5b730337744c504c61,1,1,151.573,2136.417725,3855.683,True,False,False,False,"[""3a6a03064c7e6e01ede339ada63daaea4cbf793f387f4faadbb101a787024577""]",3083864,3a6a03064c7e6e01ede339ada63daaea4cbf793f387f4faadbb101a787024577,790c3052a9b4a5ed01369e81cf79eac389f1d69b25578be3aa033e673570e89d,ab3c08a952521a2d20e2ca31a2deff3c72a45e9aacf95365e62a436cdac7104f,True,"[""output_sha_mismatch"", ""output SHA mismatch: observed=['3a6a03064c7e6e01ede339ada63daaea4cbf793f387f4faadbb101a787024577'] expected=ab3c08a952521a2d20e2ca31a2deff3c72a45e9aacf95365e62a436cdac7104f""]","{""clip"": 2917.315763, ""unet"": 3105.45741, ""vae"": 180.318609}","{""golden_clip_forward"": 2136.417725, ""golden_clip_load"": 2917.315763, ""golden_output"": 251.792355, ""golden_request_setup"": 2.836965, ""golden_restore"": 7.993235, ""golden_sampler_prepare"": 326.293605, ""golden_sampler_tail"": 0.01496, ""golden_sampling"": 4026.309194, ""golden_teardown"": 0.411045, ""golden_unet_load"": 3105.45741, ""golden_vae_decode"": 727.197414, ""golden_vae_load"": 180.318609}"
cohort_2026-09-17_17-33-19_10d7a0,golden-p1-0-207a82424ea6,0,22ec46fa421846919c58929f4a2a0ac8,golden_p1_parallel,run_golden_parallel_stream,parallel,control,CLOUD_PROVIDER_GCP,CLOUD_PROVIDER_GCP,asia-northeast1,NVIDIA H100 80GB HBM3,im-ZWhbnmH2ESAt0RqaMnZg8Q,golden_p1_parallel,batch-tripwire-v2-p2hb2,2026-09-17T17:33:19.292000+00:00,2026-09-17T17:33:19.292213+00:00,2026-09-17T17:33:51.560755+00:00,32268.903,static_e27,33554432,8,bf16,e44389ea2eda82ba5e2328acc08307b6879ed6d4ea4b030727ab044704c0d3b5,e44389ea2eda82ba5e2328acc08307b6879ed6d4ea4b030727ab044704c0d3b5,e44389ea2eda82ba5e2328acc08307b6879ed6d4ea4b030727ab044704c0d3b5,fd5d40120911ee0ceb6799137f318e72a0127e95734a6b91bc1ddd397ddf371e,fd5d40120911ee0ceb6799137f318e72a0127e95734a6b91bc1ddd397ddf371e,38c8a05aaad56ff32f39f7d0920dc753ce7410862da1940907446bb99af56fac,ad50bef88b7ff65f1c6e56f9d0eece3b567e37d4c2cef2822ed0bca74da32bac,e1135bf400e915a346e4d0d0,a0cdc90cedf0a0393cc7eb4958418c6854b2ee24697f3a5b730337744c504c61,1,1,3.306,2144.328118,3783.889,True,False,False,False,"[""3a6a03064c7e6e01ede339ada63daaea4cbf793f387f4faadbb101a787024577""]",3083864,3a6a03064c7e6e01ede339ada63daaea4cbf793f387f4faadbb101a787024577,790c3052a9b4a5ed01369e81cf79eac389f1d69b25578be3aa033e673570e89d,ab3c08a952521a2d20e2ca31a2deff3c72a45e9aacf95365e62a436cdac7104f,True,"[""output_sha_mismatch"", ""output SHA mismatch: observed=['3a6a03064c7e6e01ede339ada63daaea4cbf793f387f4faadbb101a787024577'] expected=ab3c08a952521a2d20e2ca31a2deff3c72a45e9aacf95365e62a436cdac7104f""]","{""clip"": 2535.403847, ""unet"": 2576.342809, ""vae"": 195.346051}","{""golden_clip_forward"": 2144.328118, ""golden_clip_load"": 2535.403847, ""golden_output"": 251.621205, ""golden_request_setup"": 1.914617, ""golden_restore"": 6.152939, ""golden_sampler_prepare"": 298.334952, ""golden_sampler_tail"": 0.016529, ""golden_sampling"": 3956.168661, ""golden_teardown"": 0.435661, ""golden_unet_load"": 2576.342809, ""golden_vae_decode"": 543.95361, ""golden_vae_load"": 195.346051}"
cohort_2026-09-17_17-33-58_b08572,golden-p1-0-5ad28bce7dd5,0,aa22d5512b334833b408fec5d037fc76,golden_p1_parallel,run_golden_parallel_stream,parallel,control,CLOUD_PROVIDER_UNSPECIFIED,CLOUD_PROVIDER_UNSPECIFIED,chicago,NVIDIA H100 80GB HBM3,im-ZWhbnmH2ESAt0RqaMnZg8Q,golden_p1_parallel,batch-tripwire-v2-p2hb2,2026-09-17T17:33:58.675000+00:00,2026-09-17T17:33:58.675968+00:00,2026-09-17T17:34:26.473406+00:00,27796.744,static_e27,33554432,8,bf16,e44389ea2eda82ba5e2328acc08307b6879ed6d4ea4b030727ab044704c0d3b5,e44389ea2eda82ba5e2328acc08307b6879ed6d4ea4b030727ab044704c0d3b5,e44389ea2eda82ba5e2328acc08307b6879ed6d4ea4b030727ab044704c0d3b5,fd5d40120911ee0ceb6799137f318e72a0127e95734a6b91bc1ddd397ddf371e,fd5d40120911ee0ceb6799137f318e72a0127e95734a6b91bc1ddd397ddf371e,38c8a05aaad56ff32f39f7d0920dc753ce7410862da1940907446bb99af56fac,ad50bef88b7ff65f1c6e56f9d0eece3b567e37d4c2cef2822ed0bca74da32bac,e1135bf400e915a346e4d0d0,a0cdc90cedf0a0393cc7eb4958418c6854b2ee24697f3a5b730337744c504c61,1,1,2.828,1632.203423,3548.85,True,False,False,False,"[""3a6a03064c7e6e01ede339ada63daaea4cbf793f387f4faadbb101a787024577""]",3083864,3a6a03064c7e6e01ede339ada63daaea4cbf793f387f4faadbb101a787024577,790c3052a9b4a5ed01369e81cf79eac389f1d69b25578be3aa033e673570e89d,ab3c08a952521a2d20e2ca31a2deff3c72a45e9aacf95365e62a436cdac7104f,True,"[""output_sha_mismatch"", ""output SHA mismatch: observed=['3a6a03064c7e6e01ede339ada63daaea4cbf793f387f4faadbb101a787024577'] expected=ab3c08a952521a2d20e2ca31a2deff3c72a45e9aacf95365e62a436cdac7104f""]","{""clip"": 3673.497133, ""unet"": 4301.226567, ""vae"": 186.705691}","{""golden_clip_forward"": 1632.203423, ""golden_clip_load"": 3673.497133, ""golden_output"": 206.840916, ""golden_request_setup"": 3.235095, ""golden_restore"": 6.449724, ""golden_sampler_prepare"": 275.162578, ""golden_sampler_tail"": 0.018417, ""golden_sampling"": 3686.08685, ""golden_teardown"": 0.332521, ""golden_unet_load"": 4301.226567, ""golden_vae_decode"": 464.865832, ""golden_vae_load"": 186.705691}"
cohort_2026-09-17_17-34-33_7a773e,golden-p1-0-65b7ddf18846,0,6f00d31b0f2b4e98905406b724ca8140,golden_p1_parallel,run_golden_parallel_stream,parallel,control,CLOUD_PROVIDER_OCI,CLOUD_PROVIDER_OCI,us-chicago-1,NVIDIA H100 80GB HBM3,im-ZWhbnmH2ESAt0RqaMnZg8Q,golden_p1_parallel,batch-tripwire-v2-p2hb2,2026-09-17T17:34:34.018000+00:00,2026-09-17T17:34:34.018586+00:00,2026-09-17T17:35:02.156205+00:00,28138.452,static_e27,33554432,8,bf16,e44389ea2eda82ba5e2328acc08307b6879ed6d4ea4b030727ab044704c0d3b5,e44389ea2eda82ba5e2328acc08307b6879ed6d4ea4b030727ab044704c0d3b5,e44389ea2eda82ba5e2328acc08307b6879ed6d4ea4b030727ab044704c0d3b5,fd5d40120911ee0ceb6799137f318e72a0127e95734a6b91bc1ddd397ddf371e,fd5d40120911ee0ceb6799137f318e72a0127e95734a6b91bc1ddd397ddf371e,38c8a05aaad56ff32f39f7d0920dc753ce7410862da1940907446bb99af56fac,ad50bef88b7ff65f1c6e56f9d0eece3b567e37d4c2cef2822ed0bca74da32bac,e1135bf400e915a346e4d0d0,a0cdc90cedf0a0393cc7eb4958418c6854b2ee24697f3a5b730337744c504c61,1,1,2.793,2100.323081,3647.467,True,False,False,False,"[""3a6a03064c7e6e01ede339ada63daaea4cbf793f387f4faadbb101a787024577""]",3083864,3a6a03064c7e6e01ede339ada63daaea4cbf793f387f4faadbb101a787024577,790c3052a9b4a5ed01369e81cf79eac389f1d69b25578be3aa033e673570e89d,ab3c08a952521a2d20e2ca31a2deff3c72a45e9aacf95365e62a436cdac7104f,True,"[""output_sha_mismatch"", ""output SHA mismatch: observed=['3a6a03064c7e6e01ede339ada63daaea4cbf793f387f4faadbb101a787024577'] expected=ab3c08a952521a2d20e2ca31a2deff3c72a45e9aacf95365e62a436cdac7104f""]","{""clip"": 4788.771508, ""unet"": 3343.69169, ""vae"": 213.76936}","{""golden_clip_forward"": 2100.323081, ""golden_clip_load"": 4788.771508, ""golden_output"": 238.171354, ""golden_request_setup"": 1.456401, ""golden_restore"": 5.389215, ""golden_sampler_prepare"": 262.832551, ""golden_sampler_tail"": 0.012839, ""golden_sampling"": 3803.335084, ""golden_teardown"": 0.570148, ""golden_unet_load"": 3343.69169, ""golden_vae_decode"": 715.266204, ""golden_vae_load"": 213.76936}"
cohort_2026-09-17_17-35-08_fe21e2,golden-p1-0-bf1abb3bd594,0,317629f19b2b4cf8bdfda0c6e4179b99,golden_p1_parallel,run_golden_parallel_stream,parallel,control,CLOUD_PROVIDER_UNSPECIFIED,CLOUD_PROVIDER_UNSPECIFIED,denver,NVIDIA H100 80GB HBM3,im-ZWhbnmH2ESAt0RqaMnZg8Q,golden_p1_parallel,batch-tripwire-v2-p2hb2,2026-09-17T17:35:08.958000+00:00,2026-09-17T17:35:08.958113+00:00,2026-09-17T17:35:46.415258+00:00,37457.003,static_e27,33554432,8,bf16,e44389ea2eda82ba5e2328acc08307b6879ed6d4ea4b030727ab044704c0d3b5,e44389ea2eda82ba5e2328acc08307b6879ed6d4ea4b030727ab044704c0d3b5,e44389ea2eda82ba5e2328acc08307b6879ed6d4ea4b030727ab044704c0d3b5,fd5d40120911ee0ceb6799137f318e72a0127e95734a6b91bc1ddd397ddf371e,fd5d40120911ee0ceb6799137f318e72a0127e95734a6b91bc1ddd397ddf371e,38c8a05aaad56ff32f39f7d0920dc753ce7410862da1940907446bb99af56fac,ad50bef88b7ff65f1c6e56f9d0eece3b567e37d4c2cef2822ed0bca74da32bac,e1135bf400e915a346e4d0d0,a0cdc90cedf0a0393cc7eb4958418c6854b2ee24697f3a5b730337744c504c61,1,1,2.885,1937.003083,3655.627,True,False,False,False,"[""3a6a03064c7e6e01ede339ada63daaea4cbf793f387f4faadbb101a787024577""]",3083864,3a6a03064c7e6e01ede339ada63daaea4cbf793f387f4faadbb101a787024577,790c3052a9b4a5ed01369e81cf79eac389f1d69b25578be3aa033e673570e89d,ab3c08a952521a2d20e2ca31a2deff3c72a45e9aacf95365e62a436cdac7104f,True,"[""output_sha_mismatch"", ""output SHA mismatch: observed=['3a6a03064c7e6e01ede339ada63daaea4cbf793f387f4faadbb101a787024577'] expected=ab3c08a952521a2d20e2ca31a2deff3c72a45e9aacf95365e62a436cdac7104f""]","{""clip"": 7806.582359, ""unet"": 4871.311759, ""vae"": 221.354336}","{""golden_clip_forward"": 1937.003083, ""golden_clip_load"": 7806.582359, ""golden_output"": 239.646785, ""golden_request_setup"": 1.785279, ""golden_restore"": 4.524697, ""golden_sampler_prepare"": 236.958969, ""golden_sampler_tail"": 0.013409, ""golden_sampling"": 3818.295016, ""golden_teardown"": 0.311345, ""golden_unet_load"": 4871.311759, ""golden_vae_decode"": 551.173719, ""golden_vae_load"": 221.354336}"
