request_id,cohort,role,read_count,max_ms,onset_class_500,recovery_class_500,transient_recovery_500,final_read_sick_500,final_read_ms,count_ge_250_ms,count_ge_500_ms,count_ge_1000_ms,first_seq_ge_250,first_seq_ge_500,first_seq_ge_1000,last_seq_ge_500,toggles_ge_500,episodes_ge_250,episodes_ge_500,episodes_ge_1000,longest_episode_ge_500,recovered_before_final_500
golden-p1-0-a4f66843ed5b,cohort_2026-09-17_17-22-42_f841d7,clip,243,952.112678,becomes_sick,alternating,False,False,5.12781,7,2,0,0,2,,25,4,7,2,0,1,True
golden-p1-0-a4f66843ed5b,cohort_2026-09-17_17-22-42_f841d7,unet,370,634.663317,becomes_sick,alternating,False,False,1.205046,4,2,0,4,4,,43,4,4,2,0,1,True
golden-p1-0-bd8ea2348bd5,cohort_2026-09-17_17-24-49_79e86b,clip,243,3927.614168,becomes_sick,alternating,False,False,6.43559,16,9,4,4,5,82,175,18,13,9,4,1,True
golden-p1-0-bd8ea2348bd5,cohort_2026-09-17_17-24-49_79e86b,unet,370,51.583691,never_sick,none,False,False,2.862762,0,0,0,,,,,0,0,0,0,0,False
golden-p1-0-a157324ed1d0,cohort_2026-09-17_17-25-28_068779,clip,243,42.243899,never_sick,none,False,False,9.060427,0,0,0,,,,,0,0,0,0,0,False
golden-p1-0-a157324ed1d0,cohort_2026-09-17_17-25-28_068779,unet,370,45.325453,never_sick,none,False,False,6.235718,0,0,0,,,,,0,0,0,0,0,False
golden-p1-0-4a3a9df54ab7,cohort_2026-09-17_17-26-51_c00a60,clip,243,48.413332,never_sick,none,False,False,6.424664,0,0,0,,,,,0,0,0,0,0,False
golden-p1-0-4a3a9df54ab7,cohort_2026-09-17_17-26-51_c00a60,unet,370,42.786317,never_sick,none,False,False,1.694133,0,0,0,,,,,0,0,0,0,0,False
golden-p1-0-94a52e483709,cohort_2026-09-17_17-27-27_4437e0,clip,243,43.665129,never_sick,none,False,False,7.293344,0,0,0,,,,,0,0,0,0,0,False
golden-p1-0-94a52e483709,cohort_2026-09-17_17-27-27_4437e0,unet,370,3101.366111,becomes_sick,alternating,False,False,7.168507,13,10,7,5,5,5,342,20,13,10,7,1,True
golden-p1-0-f98520a50bf1,cohort_2026-09-17_17-29-27_62f388,clip,243,881.902494,born_sick,alternating,False,False,6.954128,4,2,0,1,1,,241,4,3,2,0,1,True
golden-p1-0-f98520a50bf1,cohort_2026-09-17_17-29-27_62f388,unet,370,379.354651,never_sick,none,False,False,6.658522,3,0,0,2,,,,0,2,0,0,0,False
golden-p1-0-2a264d69ee85,cohort_2026-09-17_17-32-08_73af00,clip,243,48.5173,never_sick,none,False,False,7.798374,0,0,0,,,,,0,0,0,0,0,False
golden-p1-0-2a264d69ee85,cohort_2026-09-17_17-32-08_73af00,unet,370,200.719574,never_sick,none,False,False,1.561089,0,0,0,,,,,0,0,0,0,0,False
golden-p1-0-207a82424ea6,cohort_2026-09-17_17-33-19_10d7a0,clip,243,38.058561,never_sick,none,False,False,5.963059,0,0,0,,,,,0,0,0,0,0,False
golden-p1-0-207a82424ea6,cohort_2026-09-17_17-33-19_10d7a0,unet,370,52.292365,never_sick,none,False,False,1.120107,0,0,0,,,,,0,0,0,0,0,False
golden-p1-0-5ad28bce7dd5,cohort_2026-09-17_17-33-58_b08572,clip,243,713.415857,born_sick,single_episode,True,False,5.640628,3,3,0,1,1,,3,2,1,1,0,3,True
golden-p1-0-5ad28bce7dd5,cohort_2026-09-17_17-33-58_b08572,unet,370,542.450588,becomes_sick,single_episode,True,False,5.157592,2,1,0,4,4,,4,2,2,1,0,1,True
golden-p1-0-65b7ddf18846,cohort_2026-09-17_17-34-33_7a773e,clip,243,1676.447822,becomes_sick,alternating,False,False,6.738386,7,3,1,2,5,43,62,6,6,3,1,1,True
golden-p1-0-65b7ddf18846,cohort_2026-09-17_17-34-33_7a773e,unet,370,122.85429,never_sick,none,False,False,10.116016,0,0,0,,,,,0,0,0,0,0,False
golden-p1-0-bf1abb3bd594,cohort_2026-09-17_17-35-08_fe21e2,clip,243,3352.619289,born_sick,alternating,False,False,6.627797,6,6,4,1,1,4,8,6,3,3,2,3,True
golden-p1-0-bf1abb3bd594,cohort_2026-09-17_17-35-08_fe21e2,unet,370,650.526873,born_sick,alternating,False,False,7.751416,5,4,0,0,0,,8,3,3,2,0,3,True
