scope,request_id,cohort,role,read_count,p50_ms,p90_ms,p95_ms,p99_ms,max_ms,count_ge_250_ms,count_ge_500_ms,count_ge_1000_ms,first_pathological_ms,first_pathological_seq,first_pathological_threshold_ms,source_bytes,source_wall_ms,source_gbps_decimal
role,,,clip,2673,21.072022,33.109216,39.781195,461.603396,3927.614168,43,25,9,952.112678,2,500,88494298112.0,33143.182067,2.67006
role,,,unet,4070,22.413258,33.008516,38.734985,117.264062,3101.366111,27,17,7,613.246805,4,500,135407992192.0,41487.076338,3.26386
request,golden-p1-0-a4f66843ed5b,cohort_2026-09-17_17-22-42_f841d7,clip,243,27.913392,41.020111,56.610853,466.854728,952.112678,7,2,0,952.112678,2,500,8044936192.0,2972.943968,2.70605
request,golden-p1-0-a4f66843ed5b,cohort_2026-09-17_17-22-42_f841d7,unet,370,26.663998,36.25874,43.082626,204.142028,634.663317,4,2,0,613.246805,4,500,12309817472.0,3466.127492,3.551461
request,golden-p1-0-bd8ea2348bd5,cohort_2026-09-17_17-24-49_79e86b,clip,243,17.395613,31.928007,373.473803,2151.42708,3927.614168,16,9,4,803.7952,5,500,8044936192.0,7804.65601,1.030787
request,golden-p1-0-bd8ea2348bd5,cohort_2026-09-17_17-24-49_79e86b,unet,370,19.299979,25.632055,27.59151,38.299289,51.583691,0,0,0,,,500,12309817472.0,1967.657314,6.256078
request,golden-p1-0-a157324ed1d0,cohort_2026-09-17_17-25-28_068779,clip,243,23.456731,32.352882,34.556863,38.592755,42.243899,0,0,0,,,500,8044936192.0,1603.844848,5.016031
request,golden-p1-0-a157324ed1d0,cohort_2026-09-17_17-25-28_068779,unet,370,24.79173,33.123244,35.145505,38.278225,45.325453,0,0,0,,,500,12309817472.0,2461.956848,5.000013
request,golden-p1-0-4a3a9df54ab7,cohort_2026-09-17_17-26-51_c00a60,clip,243,20.406105,28.232167,31.925232,41.97718,48.413332,0,0,0,,,500,8044936192.0,1410.171912,5.704933
request,golden-p1-0-4a3a9df54ab7,cohort_2026-09-17_17-26-51_c00a60,unet,370,20.916654,26.511001,29.392004,33.539183,42.786317,0,0,0,,,500,12309817472.0,2107.672425,5.840479
request,golden-p1-0-94a52e483709,cohort_2026-09-17_17-27-27_4437e0,clip,243,19.512455,25.726535,28.804405,33.005593,43.665129,0,0,0,,,500,8044936192.0,1333.277675,6.033954
request,golden-p1-0-94a52e483709,cohort_2026-09-17_17-27-27_4437e0,unet,370,17.026009,24.837086,27.988511,1817.135886,3101.366111,13,10,7,3101.366111,5,500,12309817472.0,12638.460931,0.973997
request,golden-p1-0-f98520a50bf1,cohort_2026-09-17_17-29-27_62f388,clip,243,22.182872,37.078833,40.868516,334.025622,881.902494,4,2,0,549.334867,1,500,8044936192.0,3584.720091,2.24423
request,golden-p1-0-f98520a50bf1,cohort_2026-09-17_17-29-27_62f388,unet,370,24.281889,36.388348,39.831033,200.51331,379.354651,3,0,0,,,500,12309817472.0,3499.497755,3.517595
request,golden-p1-0-2a264d69ee85,cohort_2026-09-17_17-32-08_73af00,clip,243,27.373684,36.50109,39.96957,43.609211,48.5173,0,0,0,,,500,8044936192.0,1769.465991,4.546533
request,golden-p1-0-2a264d69ee85,cohort_2026-09-17_17-32-08_73af00,unet,370,25.268104,36.223937,47.701154,91.870259,200.719574,0,0,0,,,500,12309817472.0,2747.199292,4.480861
request,golden-p1-0-207a82424ea6,cohort_2026-09-17_17-33-19_10d7a0,clip,243,21.054967,29.152686,31.167805,35.135153,38.058561,0,0,0,,,500,8044936192.0,1406.540856,5.719661
request,golden-p1-0-207a82424ea6,cohort_2026-09-17_17-33-19_10d7a0,unet,370,21.847173,30.790202,32.685431,36.956799,52.292365,0,0,0,,,500,12309817472.0,2252.728283,5.464404
request,golden-p1-0-5ad28bce7dd5,cohort_2026-09-17_17-33-58_b08572,clip,243,17.729668,22.35553,26.024924,435.169376,713.415857,3,3,0,698.437131,1,500,8044936192.0,1927.212733,4.174389
request,golden-p1-0-5ad28bce7dd5,cohort_2026-09-17_17-33-58_b08572,unet,370,19.504317,25.007946,28.359098,140.263546,542.450588,2,1,0,542.450588,4,500,12309817472.0,3100.114822,3.970762
request,golden-p1-0-65b7ddf18846,cohort_2026-09-17_17-34-33_7a773e,clip,243,19.765244,41.309784,177.209418,523.976605,1676.447822,7,3,1,835.492663,5,500,8044936192.0,3492.285138,2.303631
request,golden-p1-0-65b7ddf18846,cohort_2026-09-17_17-34-33_7a773e,unet,370,28.018532,43.93204,49.905202,85.669759,122.85429,0,0,0,,,500,12309817472.0,3035.407556,4.055408
request,golden-p1-0-bf1abb3bd594,cohort_2026-09-17_17-35-08_fe21e2,clip,243,22.307481,31.74933,37.368434,2450.800414,3352.619289,6,6,4,652.642707,1,500,8044936192.0,5838.062845,1.378015
request,golden-p1-0-bf1abb3bd594,cohort_2026-09-17_17-35-08_fe21e2,unet,370,23.621152,30.754497,33.579111,469.477878,650.526873,5,4,0,632.489241,0,500,12309817472.0,4210.25362,2.923771
