gpu,run_key,request_id,cohort,commit,raw_path,valid,endpoint_event_name,boundary_identity_field,attempt_event_count,event_present,event_count,first_result_ready_monotonic_ns,first_result_ready_wall_ns,parallel_method_entry_mono_ns,endpoint_ms,diagnostic
h100,,golden-p1-0-a4f66843ed5b,cohort_2026-09-17_17-22-42_f841d7,,.slim/worktrees/authoritative-golden-core-sep14/artifacts/phase_p1_parallel_golden_v1/cohort_2026-09-17_17-22-42_f841d7/attempt_0.json,False,FIRST_RESULT_READY,identity.parallel_method_entry_mono_ns,1,True,1,80834194483,1789665848518984763,60140713298,20693.481185,
h100,,golden-p1-0-bd8ea2348bd5,cohort_2026-09-17_17-24-49_79e86b,,.slim/worktrees/authoritative-golden-core-sep14/artifacts/phase_p1_parallel_golden_v1/cohort_2026-09-17_17-24-49_79e86b/attempt_0.json,False,FIRST_RESULT_READY,identity.parallel_method_entry_mono_ns,1,True,1,230203452771,1789665914033135567,211883379125,18320.073646,
h100,,golden-p1-0-a157324ed1d0,cohort_2026-09-17_17-25-28_068779,,.slim/worktrees/authoritative-golden-core-sep14/artifacts/phase_p1_parallel_golden_v1/cohort_2026-09-17_17-25-28_068779/attempt_0.json,False,FIRST_RESULT_READY,identity.parallel_method_entry_mono_ns,1,True,1,62079483438,1789665995539154733,49017146227,13062.337211,
h100,,golden-p1-0-4a3a9df54ab7,cohort_2026-09-17_17-26-51_c00a60,,.slim/worktrees/authoritative-golden-core-sep14/artifacts/phase_p1_parallel_golden_v1/cohort_2026-09-17_17-26-51_c00a60/attempt_0.json,False,FIRST_RESULT_READY,identity.parallel_method_entry_mono_ns,1,True,1,97181136811,1789666030640807906,84911956499,12269.180312,
h100,,golden-p1-0-94a52e483709,cohort_2026-09-17_17-27-27_4437e0,,.slim/worktrees/authoritative-golden-core-sep14/artifacts/phase_p1_parallel_golden_v1/cohort_2026-09-17_17-27-27_4437e0/attempt_0.json,False,FIRST_RESULT_READY,identity.parallel_method_entry_mono_ns,1,True,1,82950784528,1789666149989803839,52953885238,29996.89929,
h100,,golden-p1-0-f98520a50bf1,cohort_2026-09-17_17-29-27_62f388,,.slim/worktrees/authoritative-golden-core-sep14/artifacts/phase_p1_parallel_golden_v1/cohort_2026-09-17_17-29-27_62f388/attempt_0.json,False,FIRST_RESULT_READY,identity.parallel_method_entry_mono_ns,1,True,1,60361964536,1789666232779165874,42858959314,17503.005222,
h100,,golden-p1-0-2a264d69ee85,cohort_2026-09-17_17-32-08_73af00,,.slim/worktrees/authoritative-golden-core-sep14/artifacts/phase_p1_parallel_golden_v1/cohort_2026-09-17_17-32-08_73af00/attempt_0.json,False,FIRST_RESULT_READY,identity.parallel_method_entry_mono_ns,1,True,1,450492038433,1789666383951709789,433507140978,16984.897455,
h100,,golden-p1-0-207a82424ea6,cohort_2026-09-17_17-33-19_10d7a0,,.slim/worktrees/authoritative-golden-core-sep14/artifacts/phase_p1_parallel_golden_v1/cohort_2026-09-17_17-33-19_10d7a0/attempt_0.json,False,FIRST_RESULT_READY,identity.parallel_method_entry_mono_ns,1,True,1,488640866795,1789666422100537997,475963909796,12676.956999,
h100,,golden-p1-0-5ad28bce7dd5,cohort_2026-09-17_17-33-58_b08572,,.slim/worktrees/authoritative-golden-core-sep14/artifacts/phase_p1_parallel_golden_v1/cohort_2026-09-17_17-33-58_b08572/attempt_0.json,False,FIRST_RESULT_READY,identity.parallel_method_entry_mono_ns,1,True,1,391957044347,1789666458996063797,377288627651,14668.416696,
h100,,golden-p1-0-65b7ddf18846,cohort_2026-09-17_17-34-33_7a773e,,.slim/worktrees/authoritative-golden-core-sep14/artifacts/phase_p1_parallel_golden_v1/cohort_2026-09-17_17-34-33_7a773e/attempt_0.json,False,FIRST_RESULT_READY,identity.parallel_method_entry_mono_ns,1,True,1,427529808326,1789666494568827810,411846667398,15683.140928,
h100,,golden-p1-0-bf1abb3bd594,cohort_2026-09-17_17-35-08_fe21e2,,.slim/worktrees/authoritative-golden-core-sep14/artifacts/phase_p1_parallel_golden_v1/cohort_2026-09-17_17-35-08_fe21e2/attempt_0.json,False,FIRST_RESULT_READY,identity.parallel_method_entry_mono_ns,1,True,1,470848117944,1789666537887137344,450965820040,19882.297904,
rtx-pro-6000,golden-p1-0-aec31a04f8fa,golden-p1-0-aec31a04f8fa,,03ce24916958596717220167db496b1215544d09,.slim/worktrees/golden-io-v2/artifacts/phase_p1_parallel_golden_v1/cohort_2026-09-14_20-11-01_d05f19/attempt_0.json,True,FIRST_RESULT_READY,identity.parallel_method_entry_mono_ns,1,True,1,212019994955,1789416692717581398,200562392259,11457.602696,
rtx-pro-6000,golden-p1-0-56b73a41ceee,golden-p1-0-56b73a41ceee,,03ce24916958596717220167db496b1215544d09,.slim/worktrees/golden-io-v2/artifacts/phase_p1_parallel_golden_v1/cohort_2026-09-15_01-03-21_11210b/attempt_0.json,True,FIRST_RESULT_READY,identity.parallel_method_entry_mono_ns,1,True,1,71926813544,1789434223099853671,57974074938,13952.738606,
rtx-pro-6000,golden-p1-0-3878952cf4b8,golden-p1-0-3878952cf4b8,,03ce24916958596717220167db496b1215544d09,.slim/worktrees/golden-io-v2/artifacts/phase_p1_parallel_golden_v1/cohort_2026-09-15_01-17-57_74d0a9/attempt_0.json,True,FIRST_RESULT_READY,identity.parallel_method_entry_mono_ns,1,True,1,62867195536,1789435094213690032,51898028535,10969.167001,
rtx-pro-6000,golden-p1-0-87d40f7da13b,golden-p1-0-87d40f7da13b,,03ce24916958596717220167db496b1215544d09,.slim/worktrees/golden-io-v2/artifacts/phase_p1_parallel_golden_v1/cohort_2026-09-15_01-19-14_b5811c/attempt_0.json,True,FIRST_RESULT_READY,identity.parallel_method_entry_mono_ns,1,True,1,138572654811,1789435169919149186,127855727587,10716.927224,
rtx-pro-6000,golden-p1-0-6d6ff51a176f,golden-p1-0-6d6ff51a176f,,03ce24916958596717220167db496b1215544d09,.slim/worktrees/golden-io-v2/artifacts/phase_p1_parallel_golden_v1/cohort_2026-09-15_01-22-27_995949/attempt_0.json,True,FIRST_RESULT_READY,identity.parallel_method_entry_mono_ns,1,True,1,341273194906,1789435372619689499,322961624758,18311.570148,
rtx-pro-6000,golden-p1-0-e184521f9840,golden-p1-0-e184521f9840,,03ce24916958596717220167db496b1215544d09,.slim/worktrees/golden-io-v2/artifacts/phase_p1_parallel_golden_v1/cohort_2026-09-15_01-23-01_a51bd7/attempt_0.json,True,FIRST_RESULT_READY,identity.parallel_method_entry_mono_ns,1,True,1,365822253519,1789435397168747446,355164442434,10657.811085,
rtx-pro-6000,golden-p1-0-98f00eda52f0,golden-p1-0-98f00eda52f0,,03ce24916958596717220167db496b1215544d09,.slim/worktrees/golden-io-v2/artifacts/phase_p1_parallel_golden_v1/cohort_2026-09-15_01-23-24_9ff948/attempt_0.json,True,FIRST_RESULT_READY,identity.parallel_method_entry_mono_ns,1,True,1,389542639513,1789435420889133899,378887351749,10655.287764,
rtx-pro-6000,golden-p1-0-7eccccca75ad,golden-p1-0-7eccccca75ad,,03ce24916958596717220167db496b1215544d09,.slim/worktrees/golden-io-v2/artifacts/phase_p1_parallel_golden_v1/cohort_2026-09-15_01-23-48_742416/attempt_0.json,True,FIRST_RESULT_READY,identity.parallel_method_entry_mono_ns,1,True,1,413011179065,1789435444357673372,402514570195,10496.60887,
rtx-pro-6000,golden-p1-0-5a7d7e0cdbbe,golden-p1-0-5a7d7e0cdbbe,,03ce24916958596717220167db496b1215544d09,.slim/worktrees/golden-io-v2/artifacts/phase_p1_parallel_golden_v1/cohort_2026-09-15_01-28-40_233003/attempt_0.json,True,FIRST_RESULT_READY,identity.parallel_method_entry_mono_ns,1,True,1,705494002949,1789435736840496756,694821827514,10672.175435,
rtx-pro-6000,golden-p1-0-e58d36603cc3,golden-p1-0-e58d36603cc3,,03ce24916958596717220167db496b1215544d09,.slim/worktrees/golden-io-v2/artifacts/phase_p1_parallel_golden_v1/cohort_2026-09-15_01-29-04_e4f001/attempt_0.json,True,FIRST_RESULT_READY,identity.parallel_method_entry_mono_ns,1,True,1,732482500404,1789435763828994695,721513383297,10969.117107,
rtx-pro-6000,golden-p1-0-b9bf7140880f,golden-p1-0-b9bf7140880f,,03ce24916958596717220167db496b1215544d09,.slim/worktrees/golden-io-v2/artifacts/phase_p1_parallel_golden_v1/cohort_2026-09-15_01-29-31_06d346/attempt_0.json,True,FIRST_RESULT_READY,identity.parallel_method_entry_mono_ns,1,True,1,755532569189,1789435786879063495,744976156221,10556.412968,
rtx-pro-6000,golden-p1-0-4aaf2fa0facb,golden-p1-0-4aaf2fa0facb,,03ce24916958596717220167db496b1215544d09,.slim/worktrees/golden-io-v2/artifacts/phase_p1_parallel_golden_v1/cohort_2026-09-15_01-29-54_bc1fc6/attempt_0.json,True,FIRST_RESULT_READY,identity.parallel_method_entry_mono_ns,1,True,1,781907662873,1789435813254157327,769383748379,12523.914494,
rtx-pro-6000,golden-p1-0-d5a5481edaa2,golden-p1-0-d5a5481edaa2,,03ce24916958596717220167db496b1215544d09,.slim/worktrees/golden-io-v2/artifacts/phase_p1_parallel_golden_v1/cohort_2026-09-15_01-30-22_d1227e/attempt_0.json,True,FIRST_RESULT_READY,identity.parallel_method_entry_mono_ns,1,True,1,807523572598,1789435838870067003,797037008079,10486.564519,
rtx-pro-6000,golden-p1-0-e5b36917088e,golden-p1-0-e5b36917088e,,03ce24916958596717220167db496b1215544d09,.slim/worktrees/golden-io-v2/artifacts/phase_p1_parallel_golden_v1/cohort_2026-09-15_01-30-46_ef8e78/attempt_0.json,True,FIRST_RESULT_READY,identity.parallel_method_entry_mono_ns,1,True,1,830564137832,1789435861910632175,819834329748,10729.808084,
rtx-pro-6000,golden-p1-0-84836ee91b4f,golden-p1-0-84836ee91b4f,,03ce24916958596717220167db496b1215544d09,.slim/worktrees/golden-io-v2/artifacts/phase_p1_parallel_golden_v1/cohort_2026-09-15_01-31-36_22b4c3/attempt_0.json,True,FIRST_RESULT_READY,identity.parallel_method_entry_mono_ns,1,True,1,887689318434,1789435919035812807,872671008060,15018.310374,
rtx-pro-6000,golden-p1-0-ab62d27e8de5,golden-p1-0-ab62d27e8de5,,03ce24916958596717220167db496b1215544d09,.slim/worktrees/golden-io-v2/artifacts/phase_p1_parallel_golden_v1/cohort_2026-09-15_01-32-07_ada044/attempt_0.json,True,FIRST_RESULT_READY,identity.parallel_method_entry_mono_ns,1,True,1,912123127612,1789435943469622020,901701212045,10421.915567,
rtx-pro-6000,golden-p1-0-f810e0626a2e,golden-p1-0-f810e0626a2e,,03ce24916958596717220167db496b1215544d09,.slim/worktrees/golden-io-v2/artifacts/phase_p1_parallel_golden_v1/cohort_2026-09-15_01-32-30_d43203/attempt_0.json,True,FIRST_RESULT_READY,identity.parallel_method_entry_mono_ns,1,True,1,935320560801,1789435966667055145,925034398566,10286.162235,
rtx-pro-6000,golden-p1-0-d3801b4644ce,golden-p1-0-d3801b4644ce,,03ce24916958596717220167db496b1215544d09,.slim/worktrees/golden-io-v2/artifacts/phase_p1_parallel_golden_v1/cohort_2026-09-15_01-32-54_77bb71/attempt_0.json,True,FIRST_RESULT_READY,identity.parallel_method_entry_mono_ns,1,True,1,959700097063,1789435991046591336,948855711927,10844.385136,
rtx-pro-6000,golden-p1-0-ff53758346c7,golden-p1-0-ff53758346c7,,03ce24916958596717220167db496b1215544d09,.slim/worktrees/golden-io-v2/artifacts/phase_p1_parallel_golden_v1/cohort_2026-09-15_01-33-18_38948b/attempt_0.json,True,FIRST_RESULT_READY,identity.parallel_method_entry_mono_ns,1,True,1,985209741548,1789436016556235943,972164042750,13045.698798,
rtx-pro-6000,golden-p1-0-809e95614924,golden-p1-0-809e95614924,,03ce24916958596717220167db496b1215544d09,.slim/worktrees/golden-io-v2/artifacts/phase_p1_parallel_golden_v1/cohort_2026-09-15_01-33-45_1e57fa/attempt_0.json,True,FIRST_RESULT_READY,identity.parallel_method_entry_mono_ns,1,True,1,1009748996756,1789436041095491141,998857026275,10891.970481,
rtx-pro-6000,golden-p1-0-6b7f5d9ba8cf,golden-p1-0-6b7f5d9ba8cf,,03ce24916958596717220167db496b1215544d09,.slim/worktrees/golden-io-v2/artifacts/phase_p1_parallel_golden_v1/cohort_2026-09-15_01-34-31_cc64ae/attempt_0.json,True,FIRST_RESULT_READY,identity.parallel_method_entry_mono_ns,1,True,1,1056822045235,1789436088168539611,1046006564407,10815.480828,
rtx-pro-6000,golden-p1-0-926b5957408a,golden-p1-0-926b5957408a,,03ce24916958596717220167db496b1215544d09,.slim/worktrees/golden-io-v2/artifacts/phase_p1_parallel_golden_v1/cohort_2026-09-15_01-34-55_12c039/attempt_0.json,True,FIRST_RESULT_READY,identity.parallel_method_entry_mono_ns,1,True,1,1079585421269,1789436110931915653,1068869253924,10716.167345,
rtx-pro-6000,golden-p1-0-230f42acefef,golden-p1-0-230f42acefef,,03ce24916958596717220167db496b1215544d09,.slim/worktrees/golden-io-v2/artifacts/phase_p1_parallel_golden_v1/cohort_2026-09-15_01-35-18_89e43c/attempt_0.json,True,FIRST_RESULT_READY,identity.parallel_method_entry_mono_ns,1,True,1,1103170682127,1789436134517176441,1092670650754,10500.031373,
rtx-pro-6000,golden-p1-0-0079be8b2af8,golden-p1-0-0079be8b2af8,,03ce24916958596717220167db496b1215544d09,.slim/worktrees/golden-io-v2/artifacts/phase_p1_parallel_golden_v1/cohort_2026-09-15_01-35-41_cee151/attempt_0.json,True,FIRST_RESULT_READY,identity.parallel_method_entry_mono_ns,1,True,1,1142797110741,1789436174143605111,1131850641412,10946.469329,
rtx-pro-6000,golden-p1-0-4fb6c72eff36,golden-p1-0-4fb6c72eff36,,03ce24916958596717220167db496b1215544d09,.slim/worktrees/golden-io-v2/artifacts/phase_p1_parallel_golden_v1/cohort_2026-09-15_01-36-21_3027bb/attempt_0.json,True,FIRST_RESULT_READY,identity.parallel_method_entry_mono_ns,1,True,1,1166558975325,1789436197905469710,1155893692299,10665.283026,
rtx-pro-6000,golden-p1-0-35051ba53800,golden-p1-0-35051ba53800,,03ce24916958596717220167db496b1215544d09,.slim/worktrees/golden-io-v2/artifacts/phase_p1_parallel_golden_v1/cohort_2026-09-15_01-36-45_a3a7b7/attempt_0.json,True,FIRST_RESULT_READY,identity.parallel_method_entry_mono_ns,1,True,1,1190799795331,1789436222146289605,1179801339765,10998.455566,
rtx-pro-6000,golden-p1-0-8b606506e067,golden-p1-0-8b606506e067,,03ce24916958596717220167db496b1215544d09,.slim/worktrees/golden-io-v2/artifacts/phase_p1_parallel_golden_v1/cohort_2026-09-15_01-37-30_623afd/attempt_0.json,True,FIRST_RESULT_READY,identity.parallel_method_entry_mono_ns,1,True,1,1234642970900,1789436265989465024,1224037389501,10605.581399,
rtx-pro-6000,golden-p1-0-f0c0a1539bac,golden-p1-0-f0c0a1539bac,,03ce24916958596717220167db496b1215544d09,.slim/worktrees/golden-io-v2/artifacts/phase_p1_parallel_golden_v1/cohort_2026-09-15_01-37-53_b27ca5/attempt_0.json,True,FIRST_RESULT_READY,identity.parallel_method_entry_mono_ns,1,True,1,1257742978954,1789436289089473350,1246903947552,10839.031402,
rtx-pro-6000,golden-p1-0-f3eaf82a9f94,golden-p1-0-f3eaf82a9f94,,03ce24916958596717220167db496b1215544d09,.slim/worktrees/golden-io-v2/artifacts/phase_p1_parallel_golden_v1/cohort_2026-09-15_01-38-18_7c6bc7/attempt_0.json,True,FIRST_RESULT_READY,identity.parallel_method_entry_mono_ns,1,True,1,1282749918486,1789436314096412838,1272008617954,10741.300532,
rtx-pro-6000,golden-p1-0-d76f2f378808,golden-p1-0-d76f2f378808,,03ce24916958596717220167db496b1215544d09,.slim/worktrees/golden-io-v2/artifacts/phase_p1_parallel_golden_v1/cohort_2026-09-15_01-38-41_a951bd/attempt_0.json,True,FIRST_RESULT_READY,identity.parallel_method_entry_mono_ns,1,True,1,1306455546082,1789436337802040464,1295768347466,10687.198616,
rtx-pro-6000,golden-p1-0-58ae70aad00c,golden-p1-0-58ae70aad00c,,03ce24916958596717220167db496b1215544d09,.slim/worktrees/golden-io-v2/artifacts/phase_p1_parallel_golden_v1/cohort_2026-09-15_01-39-05_638dae/attempt_0.json,True,FIRST_RESULT_READY,identity.parallel_method_entry_mono_ns,1,True,1,1330781120535,1789436362127614929,1320109770759,10671.349776,
rtx-pro-6000,golden-p1-0-2ec32a2b4d91,golden-p1-0-2ec32a2b4d91,,03ce24916958596717220167db496b1215544d09,.slim/worktrees/golden-io-v2/artifacts/phase_p1_parallel_golden_v1/cohort_2026-09-15_01-39-29_568aab/attempt_0.json,True,FIRST_RESULT_READY,identity.parallel_method_entry_mono_ns,1,True,1,1353851698901,1789436385198193286,1343294139000,10557.559901,
rtx-pro-6000,golden-p1-0-025921aee230,golden-p1-0-025921aee230,,03ce24916958596717220167db496b1215544d09,.slim/worktrees/golden-io-v2/artifacts/phase_p1_parallel_golden_v1/cohort_2026-09-15_01-40-16_63b7db/attempt_0.json,True,FIRST_RESULT_READY,identity.parallel_method_entry_mono_ns,1,True,1,1411684689164,1789436443031183342,1390275288783,21409.400381,
rtx-pro-6000,golden-p1-0-a1961a88e9a3,golden-p1-0-a1961a88e9a3,,03ce24916958596717220167db496b1215544d09,.slim/worktrees/golden-io-v2/artifacts/phase_p1_parallel_golden_v1/cohort_2026-09-15_01-40-51_09c65c/attempt_0.json,True,FIRST_RESULT_READY,identity.parallel_method_entry_mono_ns,1,True,1,1435543052540,1789436466889546756,1424897688140,10645.3644,
rtx-pro-6000,golden-p1-0-3b1539f93fdc,golden-p1-0-3b1539f93fdc,,03ce24916958596717220167db496b1215544d09,.slim/worktrees/golden-io-v2/artifacts/phase_p1_parallel_golden_v1/cohort_2026-09-15_01-41-14_3abd16/attempt_0.json,True,FIRST_RESULT_READY,identity.parallel_method_entry_mono_ns,1,True,1,1458802011317,1789436490148505728,1448148072959,10653.938358,
rtx-pro-6000,golden-p1-0-b8f41a2a2a00,golden-p1-0-b8f41a2a2a00,,03ce24916958596717220167db496b1215544d09,.slim/worktrees/golden-io-v2/artifacts/phase_p1_parallel_golden_v1/cohort_2026-09-15_01-41-37_ce562d/attempt_0.json,True,FIRST_RESULT_READY,identity.parallel_method_entry_mono_ns,1,True,1,1483361225576,1789436514707719963,1472263677383,11097.548193,
rtx-pro-6000,golden-p1-0-840156848e82,golden-p1-0-840156848e82,,03ce24916958596717220167db496b1215544d09,.slim/worktrees/golden-io-v2/artifacts/phase_p1_parallel_golden_v1/cohort_2026-09-15_01-42-02_881845/attempt_0.json,True,FIRST_RESULT_READY,identity.parallel_method_entry_mono_ns,1,True,1,1507230912787,1789436538577407071,1496112024446,11118.888341,
rtx-pro-6000,golden-p1-0-52888637d00f,golden-p1-0-52888637d00f,,03ce24916958596717220167db496b1215544d09,.slim/worktrees/golden-io-v2/artifacts/phase_p1_parallel_golden_v1/cohort_2026-09-15_01-42-26_ee0c46/attempt_0.json,True,FIRST_RESULT_READY,identity.parallel_method_entry_mono_ns,1,True,1,1531227922837,1789436562574417170,1519931428631,11296.494206,
rtx-pro-6000,golden-p1-0-49a95ba2e801,golden-p1-0-49a95ba2e801,,03ce24916958596717220167db496b1215544d09,.slim/worktrees/golden-io-v2/artifacts/phase_p1_parallel_golden_v1/cohort_2026-09-15_01-43-17_56bbfc/attempt_0.json,True,FIRST_RESULT_READY,identity.parallel_method_entry_mono_ns,1,True,1,1582609892060,1789436613956386365,1571663900277,10945.991783,
rtx-pro-6000,golden-p1-0-b7b866660915,golden-p1-0-b7b866660915,,03ce24916958596717220167db496b1215544d09,.slim/worktrees/golden-io-v2/artifacts/phase_p1_parallel_golden_v1/cohort_2026-09-15_01-43-42_77bde9/attempt_0.json,True,FIRST_RESULT_READY,identity.parallel_method_entry_mono_ns,1,True,1,1621711156218,1789436653057650402,1610841745146,10869.411072,
rtx-pro-6000,golden-p1-0-8fc32b9537e3,golden-p1-0-8fc32b9537e3,,03ce24916958596717220167db496b1215544d09,.slim/worktrees/golden-io-v2/artifacts/phase_p1_parallel_golden_v1/cohort_2026-09-15_01-44-20_1152e1/attempt_0.json,True,FIRST_RESULT_READY,identity.parallel_method_entry_mono_ns,1,True,1,1645554584255,1789436676901078608,1634811097684,10743.486571,
rtx-pro-6000,golden-p1-0-4ec95ca6726f,golden-p1-0-4ec95ca6726f,,03ce24916958596717220167db496b1215544d09,.slim/worktrees/golden-io-v2/artifacts/phase_p1_parallel_golden_v1/cohort_2026-09-15_01-44-44_79089c/attempt_0.json,True,FIRST_RESULT_READY,identity.parallel_method_entry_mono_ns,1,True,1,1669305029406,1789436700651523853,1658448640969,10856.388437,
rtx-pro-6000,golden-p1-0-0f82c0cdad35,golden-p1-0-0f82c0cdad35,,03ce24916958596717220167db496b1215544d09,.slim/worktrees/golden-io-v2/artifacts/phase_p1_parallel_golden_v1/cohort_2026-09-15_01-45-08_0f3245/attempt_0.json,True,FIRST_RESULT_READY,identity.parallel_method_entry_mono_ns,1,True,1,1693138594303,1789436724485088686,1682533566052,10605.028251,
rtx-pro-6000,golden-p1-0-178777776abf,golden-p1-0-178777776abf,,03ce24916958596717220167db496b1215544d09,.slim/worktrees/golden-io-v2/artifacts/phase_p1_parallel_golden_v1/cohort_2026-09-15_01-45-32_51aa0f/attempt_0.json,True,FIRST_RESULT_READY,identity.parallel_method_entry_mono_ns,1,True,1,1716670004662,1789436748016499014,1706095523550,10574.481112,
rtx-pro-6000,golden-p1-0-d10ea2ee80bd,golden-p1-0-d10ea2ee80bd,,03ce24916958596717220167db496b1215544d09,.slim/worktrees/golden-sep14-repro/artifacts/phase_p1_parallel_golden_v1/cohort_2026-09-16_00-44-13_a41832/attempt_0.json,True,FIRST_RESULT_READY,identity.parallel_method_entry_mono_ns,1,True,1,321600322422,1789519479705299468,305380140411,16220.182011,
rtx-pro-6000,golden-p1-0-8a91d8d4179b,golden-p1-0-8a91d8d4179b,,03ce24916958596717220167db496b1215544d09,.slim/worktrees/golden-sep14-repro/artifacts/phase_p1_parallel_golden_v1/cohort_2026-09-16_00-45-21_08a57f/attempt_0.json,True,FIRST_RESULT_READY,identity.parallel_method_entry_mono_ns,1,True,1,378513148500,1789519536618125542,367956832193,10556.316307,
rtx-pro-6000,golden-p1-0-d7b1d252669c,golden-p1-0-d7b1d252669c,,03ce24916958596717220167db496b1215544d09,.slim/worktrees/golden-sep14-repro/artifacts/phase_p1_parallel_golden_v1/cohort_2026-09-16_00-45-57_4b9ef3/attempt_0.json,True,FIRST_RESULT_READY,identity.parallel_method_entry_mono_ns,1,True,1,417846735892,1789519575951712939,404902001622,12944.73427,
rtx-pro-6000,golden-p1-0-db91fddabdb5,golden-p1-0-db91fddabdb5,,03ce24916958596717220167db496b1215544d09,.slim/worktrees/golden-sep14-repro/artifacts/phase_p1_parallel_golden_v1/cohort_2026-09-16_00-46-35_ded8a2/attempt_0.json,True,FIRST_RESULT_READY,identity.parallel_method_entry_mono_ns,1,True,1,452888995764,1789519610993972810,442113887963,10775.107801,
rtx-pro-6000,golden-p1-0-954d3cf7b51e,golden-p1-0-954d3cf7b51e,,03ce24916958596717220167db496b1215544d09,.slim/worktrees/golden-sep14-repro/artifacts/phase_p1_parallel_golden_v1/cohort_2026-09-16_00-47-08_d04894/attempt_0.json,True,FIRST_RESULT_READY,identity.parallel_method_entry_mono_ns,1,True,1,486255666973,1789519644360643987,475638114576,10617.552397,
rtx-pro-6000,golden-p1-0-ed7ada1065ce,golden-p1-0-ed7ada1065ce,,03ce24916958596717220167db496b1215544d09,.slim/worktrees/golden-sep14-repro/artifacts/phase_p1_parallel_golden_v1/cohort_2026-09-16_01-10-33_4d9805/attempt_0.json,True,FIRST_RESULT_READY,identity.parallel_method_entry_mono_ns,1,True,1,1896103956354,1789521054208933391,1885342851205,10761.105149,
rtx-pro-6000,golden-p1-0-a6fb9d2c41aa,golden-p1-0-a6fb9d2c41aa,,03ce24916958596717220167db496b1215544d09,.slim/worktrees/golden-sep14-repro/artifacts/phase_p1_parallel_golden_v1/cohort_2026-09-16_01-18-21_a967e2/attempt_0.json,True,FIRST_RESULT_READY,identity.parallel_method_entry_mono_ns,1,True,1,2365981994638,1789521524086971664,2352351576060,13630.418578,
rtx-pro-6000,golden-p1-0-b3cb66233d1b,golden-p1-0-b3cb66233d1b,,03ce24916958596717220167db496b1215544d09,.slim/worktrees/golden-sep14-repro/artifacts/phase_p1_parallel_golden_v1/cohort_2026-09-16_01-19-02_b8310e/attempt_0.json,True,FIRST_RESULT_READY,identity.parallel_method_entry_mono_ns,1,True,1,2410324817628,1789521568429794653,2395203549198,15121.26843,
rtx-pro-6000,golden-p1-0-7adb0b1f489a,golden-p1-0-7adb0b1f489a,,03ce24916958596717220167db496b1215544d09,.slim/worktrees/golden-sep14-repro/artifacts/phase_p1_parallel_golden_v1/cohort_2026-09-16_01-19-47_b0800d/attempt_0.json,True,FIRST_RESULT_READY,identity.parallel_method_entry_mono_ns,1,True,1,2445587805955,1789521603692782882,2434999980066,10587.825889,
rtx-pro-6000,golden-p1-0-93cdf06a1843,golden-p1-0-93cdf06a1843,,03ce24916958596717220167db496b1215544d09,.slim/worktrees/golden-sep14-repro/artifacts/phase_p1_parallel_golden_v1/cohort_2026-09-16_01-20-25_426027/attempt_0.json,True,FIRST_RESULT_READY,identity.parallel_method_entry_mono_ns,1,True,1,2482403252460,1789521640508229485,2471950204037,10453.048423,
rtx-pro-6000,golden-p1-0-404a09c59049,golden-p1-0-404a09c59049,,03ce24916958596717220167db496b1215544d09,.slim/worktrees/golden-sep14-repro/artifacts/phase_p1_parallel_golden_v1/cohort_2026-09-16_03-20-03_e473db/attempt_0.json,True,FIRST_RESULT_READY,identity.parallel_method_entry_mono_ns,1,True,1,108708027419,1789528820882298440,97586306977,11121.720442,
rtx-pro-6000,golden-p1-0-7cdb3f044ff8,golden-p1-0-7cdb3f044ff8,,03ce24916958596717220167db496b1215544d09,.slim/worktrees/golden-sep14-repro/artifacts/phase_p1_parallel_golden_v1/cohort_2026-09-16_03-46-03_fd425d/attempt_0.json,True,FIRST_RESULT_READY,identity.parallel_method_entry_mono_ns,1,True,1,87058735127,1789530394373066262,62676543609,24382.191518,
rtx-pro-6000,golden-p1-0-8121d6640d8b,golden-p1-0-8121d6640d8b,,03ce24916958596717220167db496b1215544d09,.slim/worktrees/golden-sep14-repro/artifacts/phase_p1_parallel_golden_v1/cohort_2026-09-16_03-47-08_2b4fed/attempt_0.json,True,FIRST_RESULT_READY,identity.parallel_method_entry_mono_ns,1,True,1,50825714531,1789530484397869578,36627370210,14198.344321,
rtx-pro-6000,golden-p1-0-6343ad78ae9a,golden-p1-0-6343ad78ae9a,,03ce24916958596717220167db496b1215544d09,.slim/worktrees/golden-sep14-repro/artifacts/phase_p1_parallel_golden_v1/cohort_2026-09-16_03-48-12_983850/attempt_0.json,True,FIRST_RESULT_READY,identity.parallel_method_entry_mono_ns,1,True,1,46405550523,1789530542362702771,35579249336,10826.301187,
rtx-pro-6000,golden-p1-0-7f375f029112,golden-p1-0-7f375f029112,,03ce24916958596717220167db496b1215544d09,.slim/worktrees/golden-sep14-repro/artifacts/phase_p1_parallel_golden_v1/cohort_2026-09-16_03-49-10_946800/attempt_0.json,True,FIRST_RESULT_READY,identity.parallel_method_entry_mono_ns,1,True,1,1854417907468,1789530566592178622,1843851033777,10566.873691,
rtx-pro-6000,golden-p1-0-dae856040545,golden-p1-0-dae856040545,,03ce24916958596717220167db496b1215544d09,.slim/worktrees/golden-sep14-repro/artifacts/phase_p1_parallel_golden_v1/cohort_2026-09-16_03-49-34_77bc81/attempt_0.json,True,FIRST_RESULT_READY,identity.parallel_method_entry_mono_ns,1,True,1,94840060146,1789530590797212437,83852742426,10987.31772,
rtx-pro-6000,golden-p1-0-7a9656185048,golden-p1-0-7a9656185048,,03ce24916958596717220167db496b1215544d09,.slim/worktrees/golden-sep14-repro/artifacts/phase_p1_parallel_golden_v1/cohort_2026-09-16_03-49-58_c450c6/attempt_0.json,True,FIRST_RESULT_READY,identity.parallel_method_entry_mono_ns,1,True,1,1903469409109,1789530615643680331,1892886029647,10583.379462,
rtx-pro-6000,golden-p1-0-24dbfbae0936,golden-p1-0-24dbfbae0936,,03ce24916958596717220167db496b1215544d09,.slim/worktrees/golden-sep14-repro/artifacts/phase_p1_parallel_golden_v1/cohort_2026-09-16_03-50-22_47303c/attempt_0.json,True,FIRST_RESULT_READY,identity.parallel_method_entry_mono_ns,1,True,1,143781307757,1789530639738459996,132579796132,11201.511625,
rtx-pro-6000,golden-p1-0-faa5c9a68ec0,golden-p1-0-faa5c9a68ec0,,03ce24916958596717220167db496b1215544d09,.slim/worktrees/golden-sep14-repro/artifacts/phase_p1_parallel_golden_v1/cohort_2026-09-16_03-50-47_d36b46/attempt_0.json,True,FIRST_RESULT_READY,identity.parallel_method_entry_mono_ns,1,True,1,1950387985073,1789530662562256237,1939959583475,10428.401598,
rtx-pro-6000,golden-p1-0-1fbcc088cc79,golden-p1-0-1fbcc088cc79,,03ce24916958596717220167db496b1215544d09,.slim/worktrees/golden-sep14-repro/artifacts/phase_p1_parallel_golden_v1/cohort_2026-09-16_03-51-09_46e327/attempt_0.json,True,FIRST_RESULT_READY,identity.parallel_method_entry_mono_ns,1,True,1,192634212791,1789530688591364988,178830295462,13803.917329,
rtx-pro-6000,golden-p1-0-b0378db1bed7,golden-p1-0-b0378db1bed7,,03ce24916958596717220167db496b1215544d09,.slim/worktrees/golden-sep14-repro/artifacts/phase_p1_parallel_golden_v1/cohort_2026-09-16_03-51-37_a470d2/attempt_0.json,True,FIRST_RESULT_READY,identity.parallel_method_entry_mono_ns,1,True,1,2000844968101,1789530713019239266,1990059959966,10785.008135,
rtx-pro-6000,golden-p1-0-980f7058970d,golden-p1-0-980f7058970d,,03ce24916958596717220167db496b1215544d09,.slim/worktrees/golden-sep14-repro/artifacts/phase_p1_parallel_golden_v1/cohort_2026-09-16_03-52-00_564b79/attempt_0.json,True,FIRST_RESULT_READY,identity.parallel_method_entry_mono_ns,1,True,1,435355593070,1789530742669924258,418250111230,17105.48184,
rtx-pro-6000,golden-p1-0-020f7146e990,golden-p1-0-020f7146e990,,03ce24916958596717220167db496b1215544d09,.slim/worktrees/golden-sep14-repro/artifacts/phase_p1_parallel_golden_v1/cohort_2026-09-16_03-52-31_d52666/attempt_0.json,True,FIRST_RESULT_READY,identity.parallel_method_entry_mono_ns,1,True,1,2054693003576,1789530766867274828,2044029069083,10663.934493,
rtx-pro-6000,golden-p1-0-4837dec882f3,golden-p1-0-4837dec882f3,,03ce24916958596717220167db496b1215544d09,.slim/worktrees/golden-sep14-repro/artifacts/phase_p1_parallel_golden_v1/cohort_2026-09-16_03-52-54_d7dbbc/attempt_0.json,True,FIRST_RESULT_READY,identity.parallel_method_entry_mono_ns,1,True,1,436985793385,1789530932942945613,422182915257,14802.878128,
rtx-pro-6000,golden-p1-0-b6f97818a236,golden-p1-0-b6f97818a236,,03ce24916958596717220167db496b1215544d09,.slim/worktrees/golden-sep14-repro/artifacts/phase_p1_parallel_golden_v1/cohort_2026-09-16_03-55-42_12f711/attempt_0.json,True,FIRST_RESULT_READY,identity.parallel_method_entry_mono_ns,1,True,1,527335188916,1789530960907344035,513620236929,13714.951987,
rtx-pro-6000,golden-p1-0-ac90a358d0cd,golden-p1-0-ac90a358d0cd,,03ce24916958596717220167db496b1215544d09,.slim/worktrees/golden-sep14-repro/artifacts/phase_p1_parallel_golden_v1/cohort_2026-09-16_03-56-08_b0139a/attempt_0.json,True,FIRST_RESULT_READY,identity.parallel_method_entry_mono_ns,1,True,1,488949528883,1789530984906681077,478135608258,10813.920625,
rtx-pro-6000,golden-p1-0-727f329a483e,golden-p1-0-727f329a483e,,03ce24916958596717220167db496b1215544d09,.slim/worktrees/golden-sep14-repro/artifacts/phase_p1_parallel_golden_v1/cohort_2026-09-16_03-56-32_d5f0c9/attempt_0.json,True,FIRST_RESULT_READY,identity.parallel_method_entry_mono_ns,1,True,1,581852024982,1789531015424180107,564274267479,17577.757503,
rtx-pro-6000,golden-p1-0-b79cbeddc384,golden-p1-0-b79cbeddc384,,03ce24916958596717220167db496b1215544d09,.slim/worktrees/golden-sep14-repro/artifacts/phase_p1_parallel_golden_v1/cohort_2026-09-16_03-57-04_ca7acc/attempt_0.json,True,FIRST_RESULT_READY,identity.parallel_method_entry_mono_ns,1,True,1,547658831166,1789531043615983391,534073359265,13585.471901,
rtx-pro-6000,golden-p1-0-0cfeb146cb48,golden-p1-0-0cfeb146cb48,,03ce24916958596717220167db496b1215544d09,.slim/worktrees/golden-sep14-repro/artifacts/phase_p1_parallel_golden_v1/cohort_2026-09-16_03-57-32_07576c/attempt_0.json,True,FIRST_RESULT_READY,identity.parallel_method_entry_mono_ns,1,True,1,2355753884186,1789531067928155369,2345028589399,10725.294787,
rtx-pro-6000,golden-p1-0-04ee10b6dc9e,golden-p1-0-04ee10b6dc9e,,03ce24916958596717220167db496b1215544d09,.slim/worktrees/golden-sep14-repro/artifacts/phase_p1_parallel_golden_v1/cohort_2026-09-16_03-57-55_bc5067/attempt_0.json,True,FIRST_RESULT_READY,identity.parallel_method_entry_mono_ns,1,True,1,789051038322,1789531096365369468,772457991763,16593.046559,
rtx-pro-6000,golden-p1-0-f801e07be1f5,golden-p1-0-f801e07be1f5,,03ce24916958596717220167db496b1215544d09,.slim/worktrees/golden-sep14-repro/artifacts/phase_p1_parallel_golden_v1/cohort_2026-09-16_03-58-25_dcd776/attempt_0.json,True,FIRST_RESULT_READY,identity.parallel_method_entry_mono_ns,1,True,1,691349403695,1789531124921559015,677092405278,14256.998417,
rtx-pro-6000,golden-p1-0-1d1d64bce937,golden-p1-0-1d1d64bce937,,03ce24916958596717220167db496b1215544d09,.slim/worktrees/golden-sep14-repro/artifacts/phase_p1_parallel_golden_v1/cohort_2026-09-16_03-58-52_94c338/attempt_0.json,True,FIRST_RESULT_READY,identity.parallel_method_entry_mono_ns,1,True,1,846439395210,1789531153753726586,829209955609,17229.439601,
rtx-pro-6000,golden-p1-0-7561d953693b,golden-p1-0-7561d953693b,,03ce24916958596717220167db496b1215544d09,.slim/worktrees/golden-sep14-repro/artifacts/phase_p1_parallel_golden_v1/cohort_2026-09-16_03-59-22_be59f5/attempt_0.json,True,FIRST_RESULT_READY,identity.parallel_method_entry_mono_ns,1,True,1,2465896707994,1789531178070979258,2455609678642,10287.029352,
rtx-pro-6000,golden-p1-0-b9dfb78a2ee3,golden-p1-0-b9dfb78a2ee3,,03ce24916958596717220167db496b1215544d09,.slim/worktrees/golden-sep14-repro/artifacts/phase_p1_parallel_golden_v1/cohort_2026-09-16_03-59-45_cd027b/attempt_0.json,True,FIRST_RESULT_READY,identity.parallel_method_entry_mono_ns,1,True,1,738980013188,1789531234937165449,725239542464,13740.470724,
rtx-pro-6000,golden-p1-0-fcb16da2da97,golden-p1-0-fcb16da2da97,,03ce24916958596717220167db496b1215544d09,.slim/worktrees/golden-sep14-repro/artifacts/phase_p1_parallel_golden_v1/cohort_2026-09-16_04-00-43_281fd9/attempt_0.json,True,FIRST_RESULT_READY,identity.parallel_method_entry_mono_ns,1,True,1,830364077097,1789531263936232108,814887853170,15476.223927,
rtx-pro-6000,golden-p1-0-1d77bc958a69,golden-p1-0-1d77bc958a69,,03ce24916958596717220167db496b1215544d09,.slim/worktrees/golden-sep14-repro/artifacts/phase_p1_parallel_golden_v1/cohort_2026-09-16_04-01-11_e55f39/attempt_0.json,True,FIRST_RESULT_READY,identity.parallel_method_entry_mono_ns,1,True,1,986470368048,1789531293784699184,968914479079,17555.888969,
rtx-pro-6000,golden-p1-0-51c8904e356a,golden-p1-0-51c8904e356a,,03ce24916958596717220167db496b1215544d09,.slim/worktrees/golden-sep14-repro/artifacts/phase_p1_parallel_golden_v1/cohort_2026-09-16_04-01-41_570ce6/attempt_0.json,True,FIRST_RESULT_READY,identity.parallel_method_entry_mono_ns,1,True,1,2606821689791,1789531318995960969,2594860157142,11961.532649,
rtx-pro-6000,golden-p1-0-229c91525881,golden-p1-0-229c91525881,,03ce24916958596717220167db496b1215544d09,.slim/worktrees/golden-sep14-repro/artifacts/phase_p1_parallel_golden_v1/cohort_2026-09-16_04-02-07_a8f4e6/attempt_0.json,True,FIRST_RESULT_READY,identity.parallel_method_entry_mono_ns,1,True,1,1038489231161,1789531345803562583,1024314965865,14174.265296,
rtx-pro-6000,golden-p1-0-6496a7dc5efd,golden-p1-0-6496a7dc5efd,,03ce24916958596717220167db496b1215544d09,.slim/worktrees/golden-sep14-repro/artifacts/phase_p1_parallel_golden_v1/cohort_2026-09-16_04-02-33_ea09f2/attempt_0.json,True,FIRST_RESULT_READY,identity.parallel_method_entry_mono_ns,1,True,1,2656082075473,1789531368256346499,2645622655449,10459.420024,
rtx-pro-6000,golden-p1-0-2ba1412d59a4,golden-p1-0-2ba1412d59a4,,03ce24916958596717220167db496b1215544d09,.slim/worktrees/golden-sep14-repro/artifacts/phase_p1_parallel_golden_v1/cohort_2026-09-16_04-02-55_8efd8f/attempt_0.json,True,FIRST_RESULT_READY,identity.parallel_method_entry_mono_ns,1,True,1,895416045219,1789531391373197524,885055793728,10360.251491,
