request_id,cohort,clip_source_gbps_decimal,unet_source_gbps_decimal,source_ratio_clip_over_unet,source_faster_role,clip_active_h2d_gbps_decimal,unet_active_h2d_gbps_decimal,active_h2d_ratio_clip_over_unet,active_h2d_faster_role,clip_h2d_span_gbps_decimal,unet_h2d_span_gbps_decimal,clip_load_ms,unet_load_ms,load_ratio_clip_over_unet,load_faster_role,reversal_factor,dramatic_reversal,dramatic_reversal_dimensions,role_order_reversal_dimensions
golden-p1-0-a4f66843ed5b,cohort_2026-09-17_17-22-42_f841d7,2.70605,3.551461,0.761954,unet,13.587683,13.480237,1.007971,clip,2.735805,3.580607,5384.788675,5486.526158,0.981457,clip,1.312415,False,[],"[""source_vs_active_h2d"", ""source_vs_load""]"
golden-p1-0-bd8ea2348bd5,cohort_2026-09-17_17-24-49_79e86b,1.030787,6.256078,0.164766,unet,43.843602,46.311511,0.946711,unet,1.034816,6.318973,8891.598984,2280.597415,3.898803,unet,6.069225,True,"[""source"", ""load""]",[]
golden-p1-0-a157324ed1d0,cohort_2026-09-17_17-25-28_068779,5.016031,5.000013,1.003204,clip,24.174674,26.621281,0.908096,unet,5.088389,5.051262,2632.040262,2783.818204,0.945479,clip,1.101205,False,[],"[""source_vs_active_h2d"", ""active_h2d_vs_load""]"
golden-p1-0-4a3a9df54ab7,cohort_2026-09-17_17-26-51_c00a60,5.704933,5.840479,0.976792,unet,24.737603,25.442357,0.9723,unet,5.809935,5.90987,2512.366847,2431.845244,1.033111,unet,1.033111,False,[],[]
golden-p1-0-94a52e483709,cohort_2026-09-17_17-27-27_4437e0,6.033954,0.973997,6.195044,clip,32.726739,43.394996,0.754159,unet,6.210204,0.975918,2453.972408,12950.693993,0.189486,clip,6.195044,True,"[""source"", ""load""]","[""source_vs_active_h2d"", ""active_h2d_vs_load""]"
golden-p1-0-f98520a50bf1,cohort_2026-09-17_17-29-27_62f388,2.24423,3.517595,0.638001,unet,45.226745,45.140803,1.001904,clip,2.272765,3.754863,5089.124817,4031.521265,1.262334,unet,1.567395,False,[],"[""source_vs_active_h2d"", ""active_h2d_vs_load""]"
golden-p1-0-2a264d69ee85,cohort_2026-09-17_17-32-08_73af00,4.546533,4.480861,1.014656,clip,24.396565,24.991707,0.976186,unet,4.610583,4.522043,2917.315763,3105.45741,0.939416,clip,1.064491,False,[],"[""source_vs_active_h2d"", ""active_h2d_vs_load""]"
golden-p1-0-207a82424ea6,cohort_2026-09-17_17-33-19_10d7a0,5.719661,5.464404,1.046713,clip,26.550872,26.397966,1.005792,clip,5.851705,5.531326,2535.403847,2576.342809,0.98411,clip,1.046713,False,[],[]
golden-p1-0-5ad28bce7dd5,cohort_2026-09-17_17-33-58_b08572,4.174389,3.970762,1.051282,clip,45.417434,29.759578,1.526145,clip,4.288397,4.131275,3673.497133,4301.226567,0.854058,clip,1.526145,False,[],[]
golden-p1-0-65b7ddf18846,cohort_2026-09-17_17-34-33_7a773e,2.303631,4.055408,0.568039,unet,42.225473,38.732599,1.090179,clip,2.438774,4.090051,4788.771508,3343.69169,1.432181,unet,1.760442,False,[],"[""source_vs_active_h2d"", ""active_h2d_vs_load""]"
golden-p1-0-bf1abb3bd594,cohort_2026-09-17_17-35-08_fe21e2,1.378015,2.923771,0.471314,unet,43.581155,39.583846,1.100983,clip,1.559516,3.440198,7806.582359,4871.311759,1.602563,unet,2.121727,True,"[""source""]","[""source_vs_active_h2d"", ""active_h2d_vs_load""]"
