gpu,cloud,region,n_runs,n_distinct_requests,duration_ms,sampler_total_wall_ms,clip_forward_total_ms,restore_total_ms,clip_source_wall_ms,unet_source_wall_ms
h100,CLOUD_PROVIDER_AWS,us-west-2,1,1,"{""max"": 97403.345, ""mean"": 97403.345, ""median"": 97403.345, ""min"": 97403.345, ""n"": 1, ""p90"": 97403.345, ""p95"": 97403.345, ""p99"": 97403.345, ""q1"": 97403.345, ""q3"": 97403.345}","{""max"": 4038.272, ""mean"": 4038.272, ""median"": 4038.272, ""min"": 4038.272, ""n"": 1, ""p90"": 4038.272, ""p95"": 4038.272, ""p99"": 4038.272, ""q1"": 4038.272, ""q3"": 4038.272}","{""max"": 3059.454858, ""mean"": 3059.454858, ""median"": 3059.454858, ""min"": 3059.454858, ""n"": 1, ""p90"": 3059.454858, ""p95"": 3059.454858, ""p99"": 3059.454858, ""q1"": 3059.454858, ""q3"": 3059.454858}","{""max"": 4.487, ""mean"": 4.487, ""median"": 4.487, ""min"": 4.487, ""n"": 1, ""p90"": 4.487, ""p95"": 4.487, ""p99"": 4.487, ""q1"": 4.487, ""q3"": 4.487}","{""max"": 2972.943968, ""mean"": 2972.943968, ""median"": 2972.943968, ""min"": 2972.943968, ""n"": 1, ""p90"": 2972.943968, ""p95"": 2972.943968, ""p99"": 2972.943968, ""q1"": 2972.943968, ""q3"": 2972.943968}","{""max"": 3466.127492, ""mean"": 3466.127492, ""median"": 3466.127492, ""min"": 3466.127492, ""n"": 1, ""p90"": 3466.127492, ""p95"": 3466.127492, ""p99"": 3466.127492, ""q1"": 3466.127492, ""q3"": 3466.127492}"
h100,CLOUD_PROVIDER_UNSPECIFIED,CANADA-2,1,1,"{""max"": 31582.597, ""mean"": 31582.597, ""median"": 31582.597, ""min"": 31582.597, ""n"": 1, ""p90"": 31582.597, ""p95"": 31582.597, ""p99"": 31582.597, ""q1"": 31582.597, ""q3"": 31582.597}","{""max"": 3698.24, ""mean"": 3698.24, ""median"": 3698.24, ""min"": 3698.24, ""n"": 1, ""p90"": 3698.24, ""p95"": 3698.24, ""p99"": 3698.24, ""q1"": 3698.24, ""q3"": 3698.24}","{""max"": 1813.265409, ""mean"": 1813.265409, ""median"": 1813.265409, ""min"": 1813.265409, ""n"": 1, ""p90"": 1813.265409, ""p95"": 1813.265409, ""p99"": 1813.265409, ""q1"": 1813.265409, ""q3"": 1813.265409}","{""max"": 4.834, ""mean"": 4.834, ""median"": 4.834, ""min"": 4.834, ""n"": 1, ""p90"": 4.834, ""p95"": 4.834, ""p99"": 4.834, ""q1"": 4.834, ""q3"": 4.834}","{""max"": 7804.65601, ""mean"": 7804.65601, ""median"": 7804.65601, ""min"": 7804.65601, ""n"": 1, ""p90"": 7804.65601, ""p95"": 7804.65601, ""p99"": 7804.65601, ""q1"": 7804.65601, ""q3"": 7804.65601}","{""max"": 1967.657314, ""mean"": 1967.657314, ""median"": 1967.657314, ""min"": 1967.657314, ""n"": 1, ""p90"": 1967.657314, ""p95"": 1967.657314, ""p99"": 1967.657314, ""q1"": 1967.657314, ""q3"": 1967.657314}"
h100,CLOUD_PROVIDER_GCP,asia-northeast1,3,3,"{""max"": 76049.985, ""mean"": 45330.80266666666, ""median"": 32268.903, ""min"": 27673.52, ""n"": 3, ""p90"": 67293.76860000001, ""p95"": 71671.8768, ""p99"": 75174.36336, ""q1"": 29971.211499999998, ""q3"": 54159.444}","{""max"": 3783.889, ""mean"": 3722.0730000000003, ""median"": 3725.4, ""min"": 3656.93, ""n"": 3, ""p90"": 3772.1912, ""p95"": 3778.0401, ""p99"": 3782.71922, ""q1"": 3691.165, ""q3"": 3754.6445000000003}","{""max"": 2144.328118, ""mean"": 2124.8247756666665, ""median"": 2122.654625, ""min"": 2107.491584, ""n"": 3, ""p90"": 2139.9934193999998, ""p95"": 2142.1607687, ""p99"": 2143.89464814, ""q1"": 2115.0731045, ""q3"": 2133.4913715000002}","{""max"": 7.865, ""mean"": 4.852666666666667, ""median"": 3.387, ""min"": 3.306, ""n"": 3, ""p90"": 6.9694, ""p95"": 7.417199999999999, ""p99"": 7.77544, ""q1"": 3.3465, ""q3"": 5.6259999999999994}","{""max"": 1603.844848, ""mean"": 1473.5192053333333, ""median"": 1410.171912, ""min"": 1406.540856, ""n"": 3, ""p90"": 1565.1102608, ""p95"": 1584.4775544, ""p99"": 1599.97138928, ""q1"": 1408.3563840000002, ""q3"": 1507.00838}","{""max"": 2461.956848, ""mean"": 2274.1191853333335, ""median"": 2252.728283, ""min"": 2107.672425, ""n"": 3, ""p90"": 2420.1111349999996, ""p95"": 2441.0339915, ""p99"": 2457.7722767, ""q1"": 2180.200354, ""q3"": 2357.3425655}"
h100,CLOUD_PROVIDER_UNSPECIFIED,sines-2,1,1,"{""max"": 112978.404, ""mean"": 112978.404, ""median"": 112978.404, ""min"": 112978.404, ""n"": 1, ""p90"": 112978.404, ""p95"": 112978.404, ""p99"": 112978.404, ""q1"": 112978.404, ""q3"": 112978.404}","{""max"": 3743.479, ""mean"": 3743.479, ""median"": 3743.479, ""min"": 3743.479, ""n"": 1, ""p90"": 3743.479, ""p95"": 3743.479, ""p99"": 3743.479, ""q1"": 3743.479, ""q3"": 3743.479}","{""max"": 5023.633915, ""mean"": 5023.633915, ""median"": 5023.633915, ""min"": 5023.633915, ""n"": 1, ""p90"": 5023.633915, ""p95"": 5023.633915, ""p99"": 5023.633915, ""q1"": 5023.633915, ""q3"": 5023.633915}","{""max"": 2.933, ""mean"": 2.933, ""median"": 2.933, ""min"": 2.933, ""n"": 1, ""p90"": 2.933, ""p95"": 2.933, ""p99"": 2.933, ""q1"": 2.933, ""q3"": 2.933}","{""max"": 1333.277675, ""mean"": 1333.277675, ""median"": 1333.277675, ""min"": 1333.277675, ""n"": 1, ""p90"": 1333.277675, ""p95"": 1333.277675, ""p99"": 1333.277675, ""q1"": 1333.277675, ""q3"": 1333.277675}","{""max"": 12638.460931, ""mean"": 12638.460931, ""median"": 12638.460931, ""min"": 12638.460931, ""n"": 1, ""p90"": 12638.460931, ""p95"": 12638.460931, ""p99"": 12638.460931, ""q1"": 12638.460931, ""q3"": 12638.460931}"
h100,CLOUD_PROVIDER_AZURE,centralus,1,1,"{""max"": 72787.145, ""mean"": 72787.145, ""median"": 72787.145, ""min"": 72787.145, ""n"": 1, ""p90"": 72787.145, ""p95"": 72787.145, ""p99"": 72787.145, ""q1"": 72787.145, ""q3"": 72787.145}","{""max"": 3757.111, ""mean"": 3757.111, ""median"": 3757.111, ""min"": 3757.111, ""n"": 1, ""p90"": 3757.111, ""p95"": 3757.111, ""p99"": 3757.111, ""q1"": 3757.111, ""q3"": 3757.111}","{""max"": 2500.199079, ""mean"": 2500.199079, ""median"": 2500.199079, ""min"": 2500.199079, ""n"": 1, ""p90"": 2500.199079, ""p95"": 2500.199079, ""p99"": 2500.199079, ""q1"": 2500.199079, ""q3"": 2500.199079}","{""max"": 4.329, ""mean"": 4.329, ""median"": 4.329, ""min"": 4.329, ""n"": 1, ""p90"": 4.329, ""p95"": 4.329, ""p99"": 4.329, ""q1"": 4.329, ""q3"": 4.329}","{""max"": 3584.720091, ""mean"": 3584.720091, ""median"": 3584.720091, ""min"": 3584.720091, ""n"": 1, ""p90"": 3584.720091, ""p95"": 3584.720091, ""p99"": 3584.720091, ""q1"": 3584.720091, ""q3"": 3584.720091}","{""max"": 3499.497755, ""mean"": 3499.497755, ""median"": 3499.497755, ""min"": 3499.497755, ""n"": 1, ""p90"": 3499.497755, ""p95"": 3499.497755, ""p99"": 3499.497755, ""q1"": 3499.497755, ""q3"": 3499.497755}"
h100,CLOUD_PROVIDER_GCP,us-east4,1,1,"{""max"": 62910.507, ""mean"": 62910.507, ""median"": 62910.507, ""min"": 62910.507, ""n"": 1, ""p90"": 62910.507, ""p95"": 62910.507, ""p99"": 62910.507, ""q1"": 62910.507, ""q3"": 62910.507}","{""max"": 3855.683, ""mean"": 3855.683, ""median"": 3855.683, ""min"": 3855.683, ""n"": 1, ""p90"": 3855.683, ""p95"": 3855.683, ""p99"": 3855.683, ""q1"": 3855.683, ""q3"": 3855.683}","{""max"": 2136.417725, ""mean"": 2136.417725, ""median"": 2136.417725, ""min"": 2136.417725, ""n"": 1, ""p90"": 2136.417725, ""p95"": 2136.417725, ""p99"": 2136.417725, ""q1"": 2136.417725, ""q3"": 2136.417725}","{""max"": 151.573, ""mean"": 151.573, ""median"": 151.573, ""min"": 151.573, ""n"": 1, ""p90"": 151.573, ""p95"": 151.573, ""p99"": 151.573, ""q1"": 151.573, ""q3"": 151.573}","{""max"": 1769.465991, ""mean"": 1769.465991, ""median"": 1769.465991, ""min"": 1769.465991, ""n"": 1, ""p90"": 1769.465991, ""p95"": 1769.465991, ""p99"": 1769.465991, ""q1"": 1769.465991, ""q3"": 1769.465991}","{""max"": 2747.199292, ""mean"": 2747.199292, ""median"": 2747.199292, ""min"": 2747.199292, ""n"": 1, ""p90"": 2747.199292, ""p95"": 2747.199292, ""p99"": 2747.199292, ""q1"": 2747.199292, ""q3"": 2747.199292}"
h100,CLOUD_PROVIDER_UNSPECIFIED,chicago,1,1,"{""max"": 27796.744, ""mean"": 27796.744, ""median"": 27796.744, ""min"": 27796.744, ""n"": 1, ""p90"": 27796.744, ""p95"": 27796.744, ""p99"": 27796.744, ""q1"": 27796.744, ""q3"": 27796.744}","{""max"": 3548.85, ""mean"": 3548.85, ""median"": 3548.85, ""min"": 3548.85, ""n"": 1, ""p90"": 3548.85, ""p95"": 3548.85, ""p99"": 3548.85, ""q1"": 3548.85, ""q3"": 3548.85}","{""max"": 1632.203423, ""mean"": 1632.203423, ""median"": 1632.203423, ""min"": 1632.203423, ""n"": 1, ""p90"": 1632.203423, ""p95"": 1632.203423, ""p99"": 1632.203423, ""q1"": 1632.203423, ""q3"": 1632.203423}","{""max"": 2.828, ""mean"": 2.828, ""median"": 2.828, ""min"": 2.828, ""n"": 1, ""p90"": 2.828, ""p95"": 2.828, ""p99"": 2.828, ""q1"": 2.828, ""q3"": 2.828}","{""max"": 1927.212733, ""mean"": 1927.212733, ""median"": 1927.212733, ""min"": 1927.212733, ""n"": 1, ""p90"": 1927.212733, ""p95"": 1927.212733, ""p99"": 1927.212733, ""q1"": 1927.212733, ""q3"": 1927.212733}","{""max"": 3100.114822, ""mean"": 3100.114822, ""median"": 3100.114822, ""min"": 3100.114822, ""n"": 1, ""p90"": 3100.114822, ""p95"": 3100.114822, ""p99"": 3100.114822, ""q1"": 3100.114822, ""q3"": 3100.114822}"
h100,CLOUD_PROVIDER_OCI,us-chicago-1,1,1,"{""max"": 28138.452, ""mean"": 28138.452, ""median"": 28138.452, ""min"": 28138.452, ""n"": 1, ""p90"": 28138.452, ""p95"": 28138.452, ""p99"": 28138.452, ""q1"": 28138.452, ""q3"": 28138.452}","{""max"": 3647.467, ""mean"": 3647.467, ""median"": 3647.467, ""min"": 3647.467, ""n"": 1, ""p90"": 3647.467, ""p95"": 3647.467, ""p99"": 3647.467, ""q1"": 3647.467, ""q3"": 3647.467}","{""max"": 2100.323081, ""mean"": 2100.323081, ""median"": 2100.323081, ""min"": 2100.323081, ""n"": 1, ""p90"": 2100.323081, ""p95"": 2100.323081, ""p99"": 2100.323081, ""q1"": 2100.323081, ""q3"": 2100.323081}","{""max"": 2.793, ""mean"": 2.793, ""median"": 2.793, ""min"": 2.793, ""n"": 1, ""p90"": 2.793, ""p95"": 2.793, ""p99"": 2.793, ""q1"": 2.793, ""q3"": 2.793}","{""max"": 3492.285138, ""mean"": 3492.285138, ""median"": 3492.285138, ""min"": 3492.285138, ""n"": 1, ""p90"": 3492.285138, ""p95"": 3492.285138, ""p99"": 3492.285138, ""q1"": 3492.285138, ""q3"": 3492.285138}","{""max"": 3035.407556, ""mean"": 3035.407556, ""median"": 3035.407556, ""min"": 3035.407556, ""n"": 1, ""p90"": 3035.407556, ""p95"": 3035.407556, ""p99"": 3035.407556, ""q1"": 3035.407556, ""q3"": 3035.407556}"
h100,CLOUD_PROVIDER_UNSPECIFIED,denver,1,1,"{""max"": 37457.003, ""mean"": 37457.003, ""median"": 37457.003, ""min"": 37457.003, ""n"": 1, ""p90"": 37457.003, ""p95"": 37457.003, ""p99"": 37457.003, ""q1"": 37457.003, ""q3"": 37457.003}","{""max"": 3655.627, ""mean"": 3655.627, ""median"": 3655.627, ""min"": 3655.627, ""n"": 1, ""p90"": 3655.627, ""p95"": 3655.627, ""p99"": 3655.627, ""q1"": 3655.627, ""q3"": 3655.627}","{""max"": 1937.003083, ""mean"": 1937.003083, ""median"": 1937.003083, ""min"": 1937.003083, ""n"": 1, ""p90"": 1937.003083, ""p95"": 1937.003083, ""p99"": 1937.003083, ""q1"": 1937.003083, ""q3"": 1937.003083}","{""max"": 2.885, ""mean"": 2.885, ""median"": 2.885, ""min"": 2.885, ""n"": 1, ""p90"": 2.885, ""p95"": 2.885, ""p99"": 2.885, ""q1"": 2.885, ""q3"": 2.885}","{""max"": 5838.062845, ""mean"": 5838.062845, ""median"": 5838.062845, ""min"": 5838.062845, ""n"": 1, ""p90"": 5838.062845, ""p95"": 5838.062845, ""p99"": 5838.062845, ""q1"": 5838.062845, ""q3"": 5838.062845}","{""max"": 4210.25362, ""mean"": 4210.25362, ""median"": 4210.25362, ""min"": 4210.25362, ""n"": 1, ""p90"": 4210.25362, ""p95"": 4210.25362, ""p99"": 4210.25362, ""q1"": 4210.25362, ""q3"": 4210.25362}"
rtx-pro-6000,,,1,1,"{""max"": 49241.585, ""mean"": 49241.585, ""median"": 49241.585, ""min"": 49241.585, ""n"": 1, ""p90"": 49241.585, ""p95"": 49241.585, ""p99"": 49241.585, ""q1"": 49241.585, ""q3"": 49241.585}","{""max"": 4580.625, ""mean"": 4580.625, ""median"": 4580.625, ""min"": 4580.625, ""n"": 1, ""p90"": 4580.625, ""p95"": 4580.625, ""p99"": 4580.625, ""q1"": 4580.625, ""q3"": 4580.625}","{""max"": 1505.022571, ""mean"": 1505.022571, ""median"": 1505.022571, ""min"": 1505.022571, ""n"": 1, ""p90"": 1505.022571, ""p95"": 1505.022571, ""p99"": 1505.022571, ""q1"": 1505.022571, ""q3"": 1505.022571}","{""max"": 3.635, ""mean"": 3.635, ""median"": 3.635, ""min"": 3.635, ""n"": 1, ""p90"": 3.635, ""p95"": 3.635, ""p99"": 3.635, ""q1"": 3.635, ""q3"": 3.635}","{""n"": 0}","{""n"": 0}"
rtx-pro-6000,CLOUD_PROVIDER_GCP,us-east4,2,2,"{""max"": 22898.828, ""mean"": 21786.56, ""median"": 21786.56, ""min"": 20674.292, ""n"": 2, ""p90"": 22676.3744, ""p95"": 22787.6012, ""p99"": 22876.58264, ""q1"": 21230.426, ""q3"": 22342.694000000003}","{""max"": 4635.726, ""mean"": 4601.227, ""median"": 4601.227, ""min"": 4566.728, ""n"": 2, ""p90"": 4628.8261999999995, ""p95"": 4632.2761, ""p99"": 4635.03602, ""q1"": 4583.9775, ""q3"": 4618.4765}","{""max"": 1935.776852, ""mean"": 1620.279548, ""median"": 1620.279548, ""min"": 1304.782244, ""n"": 2, ""p90"": 1872.6773911999999, ""p95"": 1904.2271216, ""p99"": 1929.46690592, ""q1"": 1462.530896, ""q3"": 1778.0282}","{""max"": 2.874, ""mean"": 2.7355, ""median"": 2.7355, ""min"": 2.597, ""n"": 2, ""p90"": 2.8463000000000003, ""p95"": 2.86015, ""p99"": 2.87123, ""q1"": 2.66625, ""q3"": 2.8047500000000003}","{""n"": 0}","{""n"": 0}"
rtx-pro-6000,CLOUD_PROVIDER_GCP,us-east1,63,63,"{""max"": 51083.169, ""mean"": 19456.397682539682, ""median"": 17594.777, ""min"": 16390.035, ""n"": 63, ""p90"": 24199.762600000002, ""p95"": 28435.5478, ""p99"": 40206.685700000045, ""q1"": 17064.235999999997, ""q3"": 18598.6375}","{""max"": 5034.2, ""mean"": 4648.401857142856, ""median"": 4638.819, ""min"": 4577.037, ""n"": 63, ""p90"": 4698.6934, ""p95"": 4715.488, ""p99"": 4855.52034, ""q1"": 4612.8355, ""q3"": 4669.48}","{""max"": 2799.737861, ""mean"": 1483.562294047619, ""median"": 1428.23592, ""min"": 1303.230154, ""n"": 63, ""p90"": 1515.137627, ""p95"": 1744.7526681999998, ""p99"": 2768.77155366, ""q1"": 1392.1887179999999, ""q3"": 1464.2405465000002}","{""max"": 324.17, ""mean"": 12.164158730158732, ""median"": 3.314, ""min"": 2.723, ""n"": 63, ""p90"": 3.9342, ""p95"": 9.214099999999995, ""p99"": 254.9178600000003, ""q1"": 3.0519999999999996, ""q3"": 3.562}","{""n"": 0}","{""n"": 0}"
rtx-pro-6000,CLOUD_PROVIDER_GCP,us-central1,7,7,"{""max"": 160619.39, ""mean"": 44822.34314285714, ""median"": 20467.754, ""min"": 17641.884, ""n"": 7, ""p90"": 95437.21940000005, ""p95"": 128028.30469999994, ""p99"": 154101.17293999996, ""q1"": 17880.2405, ""q3"": 39633.4465}","{""max"": 5086.858, ""mean"": 4650.923571428571, ""median"": 4568.044, ""min"": 4544.273, ""n"": 7, ""p90"": 4827.058, ""p95"": 4956.958, ""p99"": 5060.878, ""q1"": 4549.504, ""q3"": 4629.141}","{""max"": 1759.723501, ""mean"": 1451.4000715714285, ""median"": 1384.465514, ""min"": 1304.378126, ""n"": 7, ""p90"": 1659.2259159999999, ""p95"": 1709.4747085, ""p99"": 1749.6737425, ""q1"": 1346.7289114999999, ""q3"": 1508.8877685}","{""max"": 61.847, ""mean"": 11.677857142857144, ""median"": 3.025, ""min"": 2.703, ""n"": 7, ""p90"": 27.75680000000002, ""p95"": 44.80189999999996, ""p99"": 58.437979999999975, ""q1"": 2.934, ""q3"": 4.151}","{""n"": 0}","{""n"": 0}"
rtx-pro-6000,CLOUD_PROVIDER_AWS,eu-south-2,6,6,"{""max"": 57132.811, ""mean"": 29759.580666666665, ""median"": 23882.3335, ""min"": 20013.793, ""n"": 6, ""p90"": 44939.0995, ""p95"": 51035.95525, ""p99"": 55913.43985000001, ""q1"": 21317.03075, ""q3"": 30858.795749999997}","{""max"": 4971.52, ""mean"": 4900.2294999999995, ""median"": 4884.0215, ""min"": 4821.091, ""n"": 6, ""p90"": 4971.33, ""p95"": 4971.425, ""p99"": 4971.501, ""q1"": 4870.3902499999995, ""q3"": 4952.16275}","{""max"": 2282.344276, ""mean"": 1954.2674316666669, ""median"": 1917.0515595, ""min"": 1811.884281, ""n"": 6, ""p90"": 2103.4919099999997, ""p95"": 2192.9180929999998, ""p99"": 2264.4590393999997, ""q1"": 1883.51995825, ""q3"": 1922.9605069999998}","{""max"": 4.491, ""mean"": 3.261333333333333, ""median"": 3.044, ""min"": 2.766, ""n"": 6, ""p90"": 3.9165, ""p95"": 4.203749999999999, ""p99"": 4.43355, ""q1"": 2.9042499999999998, ""q3"": 3.285}","{""n"": 0}","{""n"": 0}"
rtx-pro-6000,CLOUD_PROVIDER_AWS,us-east-1,5,5,"{""max"": 23727.213, ""mean"": 22455.1096, ""median"": 22987.259, ""min"": 19464.41, ""n"": 5, ""p90"": 23500.943, ""p95"": 23614.078, ""p99"": 23704.586, ""q1"": 22935.128, ""q3"": 23161.538}","{""max"": 4957.398, ""mean"": 4907.8224, ""median"": 4907.743, ""min"": 4857.368, ""n"": 5, ""p90"": 4942.9788, ""p95"": 4950.1884, ""p99"": 4955.95608, ""q1"": 4895.253, ""q3"": 4921.35}","{""max"": 1962.638038, ""mean"": 1935.752504, ""median"": 1935.73436, ""min"": 1897.196538, ""n"": 5, ""p90"": 1956.8734044, ""p95"": 1959.7557212000002, ""p99"": 1962.0615746400001, ""q1"": 1934.96713, ""q3"": 1948.226454}","{""max"": 4.051, ""mean"": 3.6344000000000003, ""median"": 3.516, ""min"": 3.333, ""n"": 5, ""p90"": 3.9398, ""p95"": 3.9954, ""p99"": 4.03988, ""q1"": 3.499, ""q3"": 3.773}","{""n"": 0}","{""n"": 0}"
