gpu,run_key,role,region,cloud,transport_present,load_ms,source_wall_ms,syscall_union_ms,source_minus_syscall_ms,load_minus_source_ms,h2d_span_ms,copy_active_ms,copy_idle_ms,copy_stream_span_ms,tail_ms,source_to_gpu_ready_ms,source_h2d_overlap_ms,h2d_minus_copy_active_ms,source_minus_h2d_ms,copy_span_minus_active_ms,overlap_frac_of_source,syscall_frac_of_source,h2d_frac_of_source,source_bytes,GPU_COPY_BYTES,source_read_count,h2d_submit_count,GPU_COPY_COUNT,source_gbps_decimal,h2d_gbps_decimal,copy_active_gbps_decimal
h100,golden-p1-0-a4f66843ed5b,clip,us-west-2,CLOUD_PROVIDER_AWS,True,5384.788675,2972.943968,2966.504173,6.439795,2411.844707,2940.610109,592.0756485313177,2348.5556991249323,2940.63134765625,3.63147,2976.575438,828.521188,2348.53446,32.333859,2348.555699,0.278687,0.997834,0.989124,8044936192,8044936192,243,243,243,2.70605,2.735805,13.587683
h100,golden-p1-0-a4f66843ed5b,unet,us-west-2,CLOUD_PROVIDER_AWS,True,5486.526158,3466.127492,3456.020878,10.106614,2020.398666,3437.913731,913.1751352250576,2524.7018178999424,3437.876953125,3.398454,3469.525946,1241.354182,2524.738596,28.213761,2524.701818,0.358139,0.997084,0.99186,12309817472,12309817472,370,370,370,3.551461,3.580607,13.480237
h100,golden-p1-0-a4f66843ed5b,vae,us-west-2,CLOUD_PROVIDER_AWS,True,261.715379,146.864566,140.702272,6.162294,114.850813,124.82783,45.15667191427201,79.68511733133346,124.84178924560547,3.67097,150.535536,83.587247,79.671158,22.036736,79.685117,0.569145,0.958041,0.849952,335278732,335278732,13,13,13,2.282911,2.685929,7.424788
h100,golden-p1-0-bd8ea2348bd5,clip,CANADA-2,CLOUD_PROVIDER_UNSPECIFIED,True,8891.598984,7804.65601,7783.099233,21.556777,1086.942974,7774.269253,183.49167981743813,7590.711933463812,7774.20361328125,3.056112,7807.712122,481.170687,7590.777573,30.386757,7590.711933,0.061652,0.997238,0.996107,8044936192,8044936192,243,243,243,1.030787,1.034816,43.843602
h100,golden-p1-0-bd8ea2348bd5,unet,CANADA-2,CLOUD_PROVIDER_UNSPECIFIED,True,2280.597415,1967.657314,1965.354159,2.303155,312.940101,1948.072405,265.80470360070467,1682.2471762821078,1948.0518798828125,2.169987,1969.827301,562.459226,1682.267701,19.584909,1682.247176,0.285852,0.998829,0.990047,12309817472,12309817472,370,370,370,6.256078,6.318973,46.311511
h100,golden-p1-0-bd8ea2348bd5,vae,CANADA-2,CLOUD_PROVIDER_UNSPECIFIED,True,159.096014,113.391844,109.742312,3.649532,45.70417,94.995963,35.67788809072226,59.28960305918008,94.96749114990234,2.879682,116.271526,42.782715,59.318075,18.395881,59.289603,0.3773,0.967815,0.837767,335278732,335278732,13,13,13,2.956815,3.5294,9.397382
h100,golden-p1-0-a157324ed1d0,clip,asia-northeast1,CLOUD_PROVIDER_GCP,True,2632.040262,1603.844848,1600.312208,3.53264,1028.195414,1581.037973,332.78364814817905,1248.1862004846334,1580.9698486328125,3.084124,1606.928972,494.570828,1248.254325,22.806875,1248.1862,0.308366,0.997797,0.98578,8044936192,8044936192,243,243,243,5.016031,5.088389,24.174674
h100,golden-p1-0-a157324ed1d0,unet,asia-northeast1,CLOUD_PROVIDER_GCP,True,2783.818204,2461.956848,2458.407127,3.549721,321.861356,2436.97869,462.40515115857124,1974.6082765758038,2437.013427734375,2.188142,2464.14499,656.032646,1974.573539,24.978158,1974.608277,0.266468,0.998558,0.989854,12309817472,12309817472,370,370,370,5.000013,5.051262,26.621281
h100,golden-p1-0-a157324ed1d0,vae,asia-northeast1,CLOUD_PROVIDER_GCP,True,178.443178,128.171719,125.22024,2.951479,50.271459,106.859127,33.68367975670844,73.14464360754937,106.82832336425781,2.706034,130.877753,40.152072,73.175447,21.312592,73.144644,0.313268,0.976972,0.833718,335278732,335278732,13,13,13,2.615856,3.137577,9.953744
h100,golden-p1-0-4a3a9df54ab7,clip,asia-northeast1,CLOUD_PROVIDER_GCP,True,2512.366847,1410.171912,1408.456485,1.715427,1102.194935,1384.686204,325.21081679314375,1059.2520738318563,1384.462890625,2.530561,1412.702473,450.148636,1059.475387,25.485708,1059.252074,0.319215,0.998784,0.981927,8044936192,8044936192,243,243,243,5.704933,5.809935,24.737603
h100,golden-p1-0-4a3a9df54ab7,unet,asia-northeast1,CLOUD_PROVIDER_GCP,True,2431.845244,2107.672425,2106.142044,1.530381,324.172819,2082.925362,483.83164754509926,1599.0995047986507,2082.93115234375,1.972345,2109.64477,703.831338,1599.093714,24.747063,1599.099505,0.333938,0.999274,0.988259,12309817472,12309817472,370,370,370,5.840479,5.90987,25.442357
h100,golden-p1-0-4a3a9df54ab7,vae,asia-northeast1,CLOUD_PROVIDER_GCP,True,161.086513,114.492833,112.818539,1.674294,46.59368,89.944596,12.648383997380733,77.2485734000802,89.89695739746094,2.240321,116.733154,62.974985,77.296212,24.548237,77.248573,0.550034,0.985376,0.785591,335278732,335278732,13,13,13,2.928382,3.727614,26.507634
h100,golden-p1-0-94a52e483709,clip,sines-2,CLOUD_PROVIDER_UNSPECIFIED,True,2453.972408,1333.277675,1331.195528,2.082147,1120.694733,1295.438296,245.82150433957577,1049.5195601135492,1295.341064453125,1.794472,1335.072147,437.458825,1049.616792,37.839379,1049.51956,0.328108,0.998438,0.971619,8044936192,8044936192,243,243,243,6.033954,6.210204,32.726739
h100,golden-p1-0-94a52e483709,unet,sines-2,CLOUD_PROVIDER_UNSPECIFIED,True,12950.693993,12638.460931,12618.382226,20.078705,312.233062,12613.57989,283.66905577480793,12330.191295787692,12613.8603515625,2.591012,12641.051943,1468.233211,12329.910834,24.881041,12330.191296,0.116172,0.998411,0.998031,12309817472,12309817472,370,370,370,0.973997,0.975918,43.394996
h100,golden-p1-0-94a52e483709,vae,sines-2,CLOUD_PROVIDER_UNSPECIFIED,True,4288.981871,4183.709848,4181.088258,2.62159,105.272023,2547.889694,38.10038412362337,2509.7440982982516,2547.844482421875,2.783493,4186.493341,2518.502555,2509.78931,1635.820154,2509.744098,0.601978,0.999373,0.609002,335278732,335278732,13,13,13,0.080139,0.131591,8.799878
h100,golden-p1-0-f98520a50bf1,clip,centralus,CLOUD_PROVIDER_AZURE,True,5089.124817,3584.720091,3574.855072,9.865019,1504.404726,3539.713931,177.88006351143122,3361.685610316694,3539.565673828125,2.676734,3587.396825,935.609997,3361.833867,45.00616,3361.68561,0.260999,0.997248,0.987445,8044936192,8044936192,243,243,243,2.24423,2.272765,45.226745
h100,golden-p1-0-f98520a50bf1,unet,centralus,CLOUD_PROVIDER_AZURE,True,4031.521265,3499.497755,3487.592171,11.905584,532.02351,3278.366375,272.6982397288084,3005.6445337086916,3278.3427734375,2.932124,3502.429879,630.828042,3005.668135,221.13138,3005.644534,0.180262,0.996598,0.936811,12309817472,12309817472,370,370,370,3.517595,3.754863,45.140803
h100,golden-p1-0-f98520a50bf1,vae,centralus,CLOUD_PROVIDER_AZURE,True,374.138928,205.216043,202.178506,3.037537,168.922885,105.206093,41.12646407727152,63.91823654528707,105.0447006225586,3.006342,208.222385,63.894703,64.079629,100.00995,63.918237,0.311353,0.985198,0.51266,335278732,335278732,13,13,13,1.633784,3.186876,8.152384
h100,golden-p1-0-2a264d69ee85,clip,us-east4,CLOUD_PROVIDER_GCP,True,2917.315763,1769.465991,1765.984625,3.481366,1147.849772,1744.884918,329.75692906975746,1415.02371057868,1744.7806396484375,4.556561,1774.022552,485.397821,1415.127989,24.581073,1415.023711,0.274319,0.998033,0.986108,8044936192,8044936192,243,243,243,4.546533,4.610583,24.396565
h100,golden-p1-0-2a264d69ee85,unet,us-east4,CLOUD_PROVIDER_GCP,True,3105.45741,2747.199292,2744.032384,3.166908,358.258118,2722.180589,492.55609698593616,2229.602838560939,2722.158935546875,2.945997,2750.145289,754.008794,2229.624492,25.018703,2229.602839,0.274465,0.998847,0.990893,12309817472,12309817472,370,370,370,4.480861,4.522043,24.991707
h100,golden-p1-0-2a264d69ee85,vae,us-east4,CLOUD_PROVIDER_GCP,True,180.318609,110.826507,107.888728,2.937779,69.492102,88.653537,26.00486422982067,62.59577511344105,88.60063934326172,2.328977,113.155484,44.873582,62.648673,22.17297,62.595775,0.404899,0.973492,0.799931,335278732,335278732,13,13,13,3.025258,3.781899,12.892924
h100,golden-p1-0-207a82424ea6,clip,asia-northeast1,CLOUD_PROVIDER_GCP,True,2535.403847,1406.540856,1404.019996,2.52086,1128.862991,1374.801984,303.00083227455616,1069.0908425301313,1372.0916748046875,2.211953,1408.752809,421.418413,1071.801152,31.738872,1069.090843,0.299613,0.998208,0.977435,8044936192,8044936192,243,243,243,5.719661,5.851705,26.550872
h100,golden-p1-0-207a82424ea6,unet,asia-northeast1,CLOUD_PROVIDER_GCP,True,2576.342809,2252.728283,2251.868272,0.860011,323.614526,2225.473334,466.31689615547657,1759.1533186882734,2225.47021484375,2.281601,2255.009884,690.151506,1759.156438,27.254949,1759.153319,0.306363,0.999618,0.987901,12309817472,12309817472,370,370,370,5.464404,5.531326,26.397966
h100,golden-p1-0-207a82424ea6,vae,asia-northeast1,CLOUD_PROVIDER_GCP,True,195.346051,145.179128,142.837987,2.341141,50.166923,116.686104,14.21417597308755,102.49625798687339,116.71043395996094,2.455011,147.634139,47.244529,102.471928,28.493024,102.496258,0.325422,0.983874,0.803739,335278732,335278732,13,13,13,2.309414,2.873339,23.587631
h100,golden-p1-0-5ad28bce7dd5,clip,chicago,CLOUD_PROVIDER_UNSPECIFIED,True,3673.497133,1927.212733,1923.795924,3.416809,1746.2844,1875.977332,177.1332158818841,1698.7162714228034,1875.8494873046875,2.977714,1930.190447,362.53396,1698.844116,51.235401,1698.716271,0.188113,0.998227,0.973415,8044936192,8044936192,243,243,243,4.174389,4.288397,45.417434
h100,golden-p1-0-5ad28bce7dd5,unet,chicago,CLOUD_PROVIDER_UNSPECIFIED,True,4301.226567,3100.114822,3094.600564,5.514258,1201.111745,2979.665448,413.6422088444233,2565.9429962337017,2979.585205078125,2.042198,3102.15702,860.598822,2566.023239,120.449374,2565.942996,0.277602,0.998221,0.961147,12309817472,12309817472,370,370,370,3.970762,4.131275,29.759578
h100,golden-p1-0-5ad28bce7dd5,vae,chicago,CLOUD_PROVIDER_UNSPECIFIED,True,186.705691,109.477394,106.145738,3.331656,77.228297,89.515672,29.75948753580451,59.8073612190783,89.56684875488281,2.111417,111.588811,55.064321,59.756184,19.961722,59.807361,0.502974,0.969568,0.817664,335278732,335278732,13,13,13,3.062538,3.745475,11.26628
h100,golden-p1-0-65b7ddf18846,clip,us-chicago-1,CLOUD_PROVIDER_OCI,True,4788.771508,3492.285138,3487.558002,4.727136,1296.48637,3298.763152,190.5232958495617,3108.1344189941883,3298.65771484375,2.729569,3495.014707,381.798374,3108.239856,193.521986,3108.134419,0.109326,0.998646,0.944586,8044936192,8044936192,243,243,243,2.303631,2.438774,42.225473
h100,golden-p1-0-65b7ddf18846,unet,us-chicago-1,CLOUD_PROVIDER_OCI,True,3343.69169,3035.407556,3033.134053,2.273503,308.284134,3009.697597,317.81542494893074,2691.9067430198193,3009.72216796875,2.466038,3037.873594,612.215952,2691.882172,25.709959,2691.906743,0.201692,0.999251,0.99153,12309817472,12309817472,370,370,370,4.055408,4.090051,38.732599
h100,golden-p1-0-65b7ddf18846,vae,us-chicago-1,CLOUD_PROVIDER_OCI,True,213.76936,143.68184,141.168569,2.513271,70.08752,118.483143,33.433119900524616,85.05548941344023,118.48860931396484,2.2349,145.91674,37.35992,85.050023,25.198697,85.055489,0.260018,0.982508,0.824622,335278732,335278732,13,13,13,2.33348,2.829759,10.028341
h100,golden-p1-0-bf1abb3bd594,clip,denver,CLOUD_PROVIDER_UNSPECIFIED,True,7806.582359,5838.062845,5832.816792,5.246053,1968.519514,5158.610378,184.59667155891657,4973.879890941083,5158.4765625,2.159464,5840.222309,406.606307,4974.013706,679.452467,4973.879891,0.069647,0.999101,0.883617,8044936192,8044936192,243,243,243,1.378015,1.559516,43.581155
h100,golden-p1-0-bf1abb3bd594,unet,denver,CLOUD_PROVIDER_UNSPECIFIED,True,4871.311759,4210.25362,4198.80313,11.45049,661.058139,3578.229364,310.9808315783739,3267.166141077876,3578.14697265625,1.763671,4212.017291,660.108038,3267.248532,632.024256,3267.166141,0.156786,0.99728,0.849885,12309817472,12309817472,370,370,370,2.923771,3.440198,39.583846
h100,golden-p1-0-bf1abb3bd594,vae,denver,CLOUD_PROVIDER_UNSPECIFIED,True,221.354336,156.355447,154.601503,1.753944,64.998889,127.683061,69.86636685114354,57.83590365666896,127.7022705078125,2.033907,158.389354,77.538434,57.816694,28.672386,57.835904,0.495911,0.988782,0.81662,335278732,335278732,13,13,13,2.144337,2.625867,4.798857
rtx-pro-6000,golden-p1-0-aec31a04f8fa,clip,,,True,2656.969219,,,,,,157.575743958354,1558.2161261588335,1715.7918701171875,,,,,,1558.216126,,,,8044936192,8044936192,61,61,61,,,51.054407
rtx-pro-6000,golden-p1-0-aec31a04f8fa,unet,,,True,1602.530971,,,,,,221.43254420161247,1332.659618884325,1554.0921630859375,,,,,,1332.659619,,,,12309817472,12309817472,93,93,93,,,55.591727
rtx-pro-6000,golden-p1-0-aec31a04f8fa,vae,,,True,73.94876,,,,,,6.807263970375061,2.711327910423279,9.51859188079834,,,,,,2.711328,,,,335278732,335278732,4,4,4,,,49.253082
rtx-pro-6000,golden-p1-0-56b73a41ceee,clip,us-east4,CLOUD_PROVIDER_GCP,True,3306.18626,,,,,,156.8600327372551,1140.920240700245,1297.7802734375,,,,,,1140.920241,,,,8044936192,8044936192,61,61,61,,,51.287355
rtx-pro-6000,golden-p1-0-56b73a41ceee,unet,us-east4,CLOUD_PROVIDER_GCP,True,1422.126982,,,,,,221.97315201163292,1157.2674485743046,1379.2406005859375,,,,,,1157.267449,,,,12309817472,12309817472,93,93,93,,,55.456335
rtx-pro-6000,golden-p1-0-56b73a41ceee,vae,us-east4,CLOUD_PROVIDER_GCP,True,207.370697,,,,,,6.18233585357666,21.162528038024902,27.344863891601562,,,,,,21.162528,,,,335278732,335278732,4,4,4,,,54.231724
rtx-pro-6000,golden-p1-0-3878952cf4b8,clip,us-east1,CLOUD_PROVIDER_GCP,True,1660.998484,,,,,,145.24268753826618,817.5750004500151,962.8176879882812,,,,,,817.575,,,,8044936192,8044936192,61,61,61,,,55.389613
rtx-pro-6000,golden-p1-0-3878952cf4b8,unet,us-east1,CLOUD_PROVIDER_GCP,True,1531.771888,,,,,,224.4096319079399,1251.7123163342476,1476.1219482421875,,,,,,1251.712316,,,,12309817472,12309817472,93,93,93,,,54.85423
rtx-pro-6000,golden-p1-0-3878952cf4b8,vae,us-east1,CLOUD_PROVIDER_GCP,True,78.894169,,,,,,6.2757760882377625,0.0,,,,,,,,,,,335278732,335278732,4,4,4,,,53.424266
rtx-pro-6000,golden-p1-0-87d40f7da13b,clip,us-east1,CLOUD_PROVIDER_GCP,True,1639.338025,,,,,,148.88115148246288,845.0223519355059,993.9035034179688,,,,,,845.022352,,,,8044936192,8044936192,61,61,61,,,54.035962
rtx-pro-6000,golden-p1-0-87d40f7da13b,unet,us-east1,CLOUD_PROVIDER_GCP,True,1904.288599,,,,,,227.37571108341217,1603.5974334478378,1830.97314453125,,,,,,1603.597433,,,,12309817472,12309817472,93,93,93,,,54.138665
rtx-pro-6000,golden-p1-0-87d40f7da13b,vae,us-east1,CLOUD_PROVIDER_GCP,True,81.502636,,,,,,6.373055994510651,6.891807973384857,13.264863967895508,,,,,,6.891808,,,,335278732,335278732,4,4,4,,,52.608785
rtx-pro-6000,golden-p1-0-6d6ff51a176f,clip,us-central1,CLOUD_PROVIDER_GCP,True,7246.065649,,,,,,166.5307199805975,5052.2866628319025,5218.8173828125,,,,,,5052.286663,,,,8044936192,8044936192,61,61,61,,,48.309022
rtx-pro-6000,golden-p1-0-6d6ff51a176f,unet,us-central1,CLOUD_PROVIDER_GCP,True,1809.028211,,,,,,255.4305925667286,1468.203562706709,1723.6341552734375,,,,,,1468.203563,,,,12309817472,12309817472,93,93,93,,,48.192416
rtx-pro-6000,golden-p1-0-6d6ff51a176f,vae,us-central1,CLOUD_PROVIDER_GCP,True,103.102379,,,,,,6.629055917263031,29.778113424777985,36.407169342041016,,,,,,29.778113,,,,335278732,335278732,4,4,4,,,50.577146
rtx-pro-6000,golden-p1-0-e184521f9840,clip,us-east1,CLOUD_PROVIDER_GCP,True,1843.50056,,,,,,149.10502448678017,0.0,,,,,,,,,,,8044936192,8044936192,61,61,61,,,53.95483
rtx-pro-6000,golden-p1-0-e184521f9840,unet,us-east1,CLOUD_PROVIDER_GCP,True,1619.606947,,,,,,220.4489904642105,1352.2121423482895,1572.6611328125,,,,,,1352.212142,,,,12309817472,12309817472,93,93,93,,,55.839754
rtx-pro-6000,golden-p1-0-e184521f9840,vae,us-east1,CLOUD_PROVIDER_GCP,True,77.415861,,,,,,6.252575874328613,6.664288520812988,12.916864395141602,,,,,,6.664289,,,,335278732,335278732,4,4,4,,,53.622497
rtx-pro-6000,golden-p1-0-98f00eda52f0,clip,us-east1,CLOUD_PROVIDER_GCP,True,1764.197163,,,,,,147.67599914968014,960.5792498737574,1108.2552490234375,,,,,,960.57925,,,,8044936192,8044936192,61,61,61,,,54.476938
rtx-pro-6000,golden-p1-0-98f00eda52f0,unet,us-east1,CLOUD_PROVIDER_GCP,True,1539.873326,,,,,,222.544895529747,1269.9217792749405,1492.4666748046875,,,,,,1269.921779,,,,12309817472,12309817472,93,93,93,,,55.313861
rtx-pro-6000,golden-p1-0-98f00eda52f0,vae,us-east1,CLOUD_PROVIDER_GCP,True,81.035827,,,,,,6.136800110340118,0.0,,,,,,,,,,,335278732,335278732,4,4,4,,,54.63413
rtx-pro-6000,golden-p1-0-7eccccca75ad,clip,us-east1,CLOUD_PROVIDER_GCP,True,1811.959771,,,,,,149.96777626872063,910.1021700203419,1060.0699462890625,,,,,,910.10217,,,,8044936192,8044936192,61,61,61,,,53.644432
rtx-pro-6000,golden-p1-0-7eccccca75ad,unet,us-east1,CLOUD_PROVIDER_GCP,True,1442.714132,,,,,,225.96560031175613,0.0,,,,,,,,,,,12309817472,12309817472,93,93,93,,,54.476511
rtx-pro-6000,golden-p1-0-7eccccca75ad,vae,us-east1,CLOUD_PROVIDER_GCP,True,84.097961,,,,,,6.180224061012268,23.564767241477966,29.744991302490234,,,,,,23.564767,,,,335278732,335278732,4,4,4,,,54.250255
rtx-pro-6000,golden-p1-0-5a7d7e0cdbbe,clip,us-east1,CLOUD_PROVIDER_GCP,True,1775.440526,,,,,,152.25017622858286,898.9585640057921,1051.208740234375,,,,,,898.958564,,,,8044936192,8044936192,61,61,61,,,52.840242
rtx-pro-6000,golden-p1-0-5a7d7e0cdbbe,unet,us-east1,CLOUD_PROVIDER_GCP,True,1650.560256,,,,,,223.72038424015045,1355.330030798912,1579.0504150390625,,,,,,1355.330031,,,,12309817472,12309817472,93,93,93,,,55.023227
rtx-pro-6000,golden-p1-0-5a7d7e0cdbbe,vae,us-east1,CLOUD_PROVIDER_GCP,True,103.617618,,,,,,6.339328110218048,30.198849380016327,36.538177490234375,,,,,,30.198849,,,,335278732,335278732,4,4,4,,,52.888686
rtx-pro-6000,golden-p1-0-e58d36603cc3,clip,us-east1,CLOUD_PROVIDER_GCP,True,1906.585612,,,,,,148.12227264791727,1017.9388845786452,1166.0611572265625,,,,,,1017.938885,,,,8044936192,8044936192,61,61,61,,,54.312806
rtx-pro-6000,golden-p1-0-e58d36603cc3,unet,us-east1,CLOUD_PROVIDER_GCP,True,1640.518195,,,,,,227.48681604862213,1360.4915775060654,1587.9783935546875,,,,,,1360.491578,,,,12309817472,12309817472,93,93,93,,,54.112224
rtx-pro-6000,golden-p1-0-e58d36603cc3,vae,us-east1,CLOUD_PROVIDER_GCP,True,80.043397,,,,,,6.440992057323456,4.282656013965607,10.723648071289062,,,,,,4.282656,,,,335278732,335278732,4,4,4,,,52.053896
rtx-pro-6000,golden-p1-0-b9bf7140880f,clip,us-east1,CLOUD_PROVIDER_GCP,True,1700.921906,,,,,,146.33599989116192,869.8256822377443,1016.1616821289062,,,,,,869.825682,,,,8044936192,8044936192,61,61,61,,,54.975783
rtx-pro-6000,golden-p1-0-b9bf7140880f,unet,us-east1,CLOUD_PROVIDER_GCP,True,1609.838353,,,,,,222.96495959162712,1340.3671937286854,1563.3321533203125,,,,,,1340.367194,,,,12309817472,12309817472,93,93,93,,,55.20965
rtx-pro-6000,golden-p1-0-b9bf7140880f,vae,us-east1,CLOUD_PROVIDER_GCP,True,77.805375,,,,,,6.383968114852905,3.2333757877349854,9.61734390258789,,,,,,3.233376,,,,335278732,335278732,4,4,4,,,52.518861
rtx-pro-6000,golden-p1-0-4aaf2fa0facb,clip,us-central1,CLOUD_PROVIDER_GCP,True,3455.526033,,,,,,157.65327990055084,2318.061563849449,2475.71484375,,,,,,2318.061564,,,,8044936192,8044936192,61,61,61,,,51.029298
rtx-pro-6000,golden-p1-0-4aaf2fa0facb,unet,us-central1,CLOUD_PROVIDER_GCP,True,1598.727352,,,,,,224.07135999202728,1304.1686302423477,1528.239990234375,,,,,,1304.16863,,,,12309817472,12309817472,93,93,93,,,54.937041
rtx-pro-6000,golden-p1-0-4aaf2fa0facb,vae,us-central1,CLOUD_PROVIDER_GCP,True,76.480991,,,,,,6.393439710140228,5.0412803292274475,11.434720039367676,,,,,,5.04128,,,,335278732,335278732,4,4,4,,,52.441056
rtx-pro-6000,golden-p1-0-d5a5481edaa2,clip,us-east1,CLOUD_PROVIDER_GCP,True,1732.542977,,,,,,146.7725436836481,913.6439602226019,1060.41650390625,,,,,,913.64396,,,,8044936192,8044936192,61,61,61,,,54.812269
rtx-pro-6000,golden-p1-0-d5a5481edaa2,unet,us-east1,CLOUD_PROVIDER_GCP,True,1613.870543,,,,,,224.46371212601662,1342.6617761552334,1567.12548828125,,,,,,1342.661776,,,,12309817472,12309817472,93,93,93,,,54.841014
rtx-pro-6000,golden-p1-0-d5a5481edaa2,vae,us-east1,CLOUD_PROVIDER_GCP,True,78.984503,,,,,,6.030112087726593,9.596224009990692,15.626336097717285,,,,,,9.596224,,,,335278732,335278732,4,4,4,,,55.600746
rtx-pro-6000,golden-p1-0-e5b36917088e,clip,us-east1,CLOUD_PROVIDER_GCP,True,1818.928797,,,,,,147.91161664575338,960.3535200729966,1108.26513671875,,,,,,960.35352,,,,8044936192,8044936192,61,61,61,,,54.390158
rtx-pro-6000,golden-p1-0-e5b36917088e,unet,us-east1,CLOUD_PROVIDER_GCP,True,1624.977486,,,,,,229.03334513306618,1346.3416548669338,1575.375,,,,,,1346.341655,,,,12309817472,12309817472,93,93,93,,,53.746835
rtx-pro-6000,golden-p1-0-e5b36917088e,vae,us-east1,CLOUD_PROVIDER_GCP,True,77.459741,,,,,,6.163455963134766,3.4603843688964844,9.62384033203125,,,,,,3.460384,,,,335278732,335278732,4,4,4,,,54.397847
rtx-pro-6000,golden-p1-0-84836ee91b4f,clip,us-east1,CLOUD_PROVIDER_GCP,True,1712.964675,,,,,,144.77791997790337,854.1138646900654,998.8917846679688,,,,,,854.113865,,,,8044936192,8044936192,61,61,61,,,55.567425
rtx-pro-6000,golden-p1-0-84836ee91b4f,unet,us-east1,CLOUD_PROVIDER_GCP,True,5969.43827,,,,,,226.87046393752098,0.0,,,,,,,,,,,12309817472,12309817472,93,93,93,,,54.259233
rtx-pro-6000,golden-p1-0-84836ee91b4f,vae,us-east1,CLOUD_PROVIDER_GCP,True,77.78118,,,,,,6.517120122909546,8.615840196609497,15.132960319519043,,,,,,8.61584,,,,335278732,335278732,4,4,4,,,51.445842
rtx-pro-6000,golden-p1-0-ab62d27e8de5,clip,us-east1,CLOUD_PROVIDER_GCP,True,1666.229839,,,,,,145.47484856843948,919.723271548748,1065.1981201171875,,,,,,919.723272,,,,8044936192,8044936192,61,61,61,,,55.301217
rtx-pro-6000,golden-p1-0-ab62d27e8de5,unet,us-east1,CLOUD_PROVIDER_GCP,True,1595.9021,,,,,,223.80556792020798,1329.0541732907295,1552.8597412109375,,,,,,1329.054173,,,,12309817472,12309817472,93,93,93,,,55.002284
rtx-pro-6000,golden-p1-0-ab62d27e8de5,vae,us-east1,CLOUD_PROVIDER_GCP,True,70.845075,,,,,,6.252831876277924,2.4845758080482483,8.737407684326172,,,,,,2.484576,,,,335278732,335278732,4,4,4,,,53.620302
rtx-pro-6000,golden-p1-0-f810e0626a2e,clip,us-east1,CLOUD_PROVIDER_GCP,True,1572.248138,,,,,,144.8145597204566,792.9023592248559,937.7169189453125,,,,,,792.902359,,,,8044936192,8044936192,61,61,61,,,55.553366
rtx-pro-6000,golden-p1-0-f810e0626a2e,unet,us-east1,CLOUD_PROVIDER_GCP,True,1552.371048,,,,,,221.35459089279175,1285.1664052009583,1506.52099609375,,,,,,1285.166405,,,,12309817472,12309817472,93,93,93,,,55.611304
rtx-pro-6000,golden-p1-0-f810e0626a2e,vae,us-east1,CLOUD_PROVIDER_GCP,True,70.957512,,,,,,6.065856099128723,3.7840956449508667,9.84995174407959,,,,,,3.784096,,,,335278732,335278732,4,4,4,,,55.27311
rtx-pro-6000,golden-p1-0-d3801b4644ce,clip,us-east1,CLOUD_PROVIDER_GCP,True,1840.011669,,,,,,148.93990495800972,992.8057005107403,1141.74560546875,,,,,,992.805701,,,,8044936192,8044936192,61,61,61,,,54.014646
rtx-pro-6000,golden-p1-0-d3801b4644ce,unet,us-east1,CLOUD_PROVIDER_GCP,True,1704.63824,,,,,,223.41020822525024,1387.3511443138123,1610.7613525390625,,,,,,1387.351144,,,,12309817472,12309817472,93,93,93,,,55.09962
rtx-pro-6000,golden-p1-0-d3801b4644ce,vae,us-east1,CLOUD_PROVIDER_GCP,True,78.262837,,,,,,6.810815989971161,3.944160282611847,10.754976272583008,,,,,,3.94416,,,,335278732,335278732,4,4,4,,,49.227395
rtx-pro-6000,golden-p1-0-ff53758346c7,clip,us-east1,CLOUD_PROVIDER_GCP,True,1662.288956,,,,,,145.85081499814987,881.7175443768501,1027.568359375,,,,,,881.717544,,,,8044936192,8044936192,61,61,61,,,55.158665
rtx-pro-6000,golden-p1-0-ff53758346c7,unet,us-east1,CLOUD_PROVIDER_GCP,True,4067.629451,,,,,,225.32963210344315,3766.750446021557,3992.080078125,,,,,,3766.750446,,,,12309817472,12309817472,93,93,93,,,54.630265
rtx-pro-6000,golden-p1-0-ff53758346c7,vae,us-east1,CLOUD_PROVIDER_GCP,True,170.896527,,,,,,6.517791926860809,0.0,,,,,,,,,,,335278732,335278732,4,4,4,,,51.440539
rtx-pro-6000,golden-p1-0-809e95614924,clip,us-east1,CLOUD_PROVIDER_GCP,True,1815.068186,,,,,,147.84419226646423,1014.8278048038483,1162.6719970703125,,,,,,1014.827805,,,,8044936192,8044936192,61,61,61,,,54.414963
rtx-pro-6000,golden-p1-0-809e95614924,unet,us-east1,CLOUD_PROVIDER_GCP,True,1764.444009,,,,,,225.9615678191185,1490.314433157444,1716.2760009765625,,,,,,1490.314433,,,,12309817472,12309817472,93,93,93,,,54.477483
rtx-pro-6000,golden-p1-0-809e95614924,vae,us-east1,CLOUD_PROVIDER_GCP,True,86.107348,,,,,,6.49427205324173,3.7865602374076843,10.280832290649414,,,,,,3.78656,,,,335278732,335278732,4,4,4,,,51.626838
rtx-pro-6000,golden-p1-0-6b7f5d9ba8cf,clip,us-east1,CLOUD_PROVIDER_GCP,True,1841.328416,,,,,,147.98320049792528,0.0,,,,,,,,,,,8044936192,8044936192,61,61,61,,,54.363848
rtx-pro-6000,golden-p1-0-6b7f5d9ba8cf,unet,us-east1,CLOUD_PROVIDER_GCP,True,1685.45105,,,,,,222.77907145023346,1414.7013972997665,1637.48046875,,,,,,1414.701397,,,,12309817472,12309817472,93,93,93,,,55.255718
rtx-pro-6000,golden-p1-0-6b7f5d9ba8cf,vae,us-east1,CLOUD_PROVIDER_GCP,True,79.049989,,,,,,6.47247987985611,3.3455676436424255,9.818047523498535,,,,,,3.345568,,,,335278732,335278732,4,4,4,,,51.80066
rtx-pro-6000,golden-p1-0-926b5957408a,clip,us-east1,CLOUD_PROVIDER_GCP,True,1707.374858,,,,,,146.90441572666168,934.8098176717758,1081.7142333984375,,,,,,934.809818,,,,8044936192,8044936192,61,61,61,,,54.763066
rtx-pro-6000,golden-p1-0-926b5957408a,unet,us-east1,CLOUD_PROVIDER_GCP,True,1663.988101,,,,,,228.5221450328827,1382.2999985218048,1610.8221435546875,,,,,,1382.299999,,,,12309817472,12309817472,93,93,93,,,53.867066
rtx-pro-6000,golden-p1-0-926b5957408a,vae,us-east1,CLOUD_PROVIDER_GCP,True,86.823851,,,,,,6.332479894161224,8.735200464725494,15.067680358886719,,,,,,8.7352,,,,335278732,335278732,4,4,4,,,52.945882
rtx-pro-6000,golden-p1-0-230f42acefef,clip,us-east1,CLOUD_PROVIDER_GCP,True,1789.837092,,,,,,147.09065607190132,1028.4082452952862,1175.4989013671875,,,,,,1028.408245,,,,8044936192,8044936192,61,61,61,,,54.693727
rtx-pro-6000,golden-p1-0-230f42acefef,unet,us-east1,CLOUD_PROVIDER_GCP,True,1650.125227,,,,,,220.80396708846092,1351.8109010756016,1572.6148681640625,,,,,,1351.810901,,,,12309817472,12309817472,93,93,93,,,55.749983
rtx-pro-6000,golden-p1-0-230f42acefef,vae,us-east1,CLOUD_PROVIDER_GCP,True,80.233044,,,,,,6.26774388551712,5.838432490825653,12.106176376342773,,,,,,5.838432,,,,335278732,335278732,4,4,4,,,53.49273
rtx-pro-6000,golden-p1-0-0079be8b2af8,clip,us-east1,CLOUD_PROVIDER_GCP,True,1838.250005,,,,,,147.38073660433292,971.2032477706671,1118.583984375,,,,,,971.203248,,,,8044936192,8044936192,61,61,61,,,54.586077
rtx-pro-6000,golden-p1-0-0079be8b2af8,unet,us-east1,CLOUD_PROVIDER_GCP,True,1687.583087,,,,,,228.02492797374725,1409.7911120653152,1637.8160400390625,,,,,,1409.791112,,,,12309817472,12309817472,93,93,93,,,53.984525
rtx-pro-6000,golden-p1-0-0079be8b2af8,vae,us-east1,CLOUD_PROVIDER_GCP,True,102.030821,,,,,,6.33433610200882,0.0,,,,,,,,,,,335278732,335278732,4,4,4,,,52.930367
rtx-pro-6000,golden-p1-0-4fb6c72eff36,clip,us-east1,CLOUD_PROVIDER_GCP,True,1719.518354,,,,,,149.01644811034203,903.5578927099705,1052.5743408203125,,,,,,903.557893,,,,8044936192,8044936192,61,61,61,,,53.986901
rtx-pro-6000,golden-p1-0-4fb6c72eff36,unet,us-east1,CLOUD_PROVIDER_GCP,True,1638.301546,,,,,,227.99238446354866,1337.1119856536388,1565.1043701171875,,,,,,1337.111986,,,,12309817472,12309817472,93,93,93,,,53.992231
rtx-pro-6000,golden-p1-0-4fb6c72eff36,vae,us-east1,CLOUD_PROVIDER_GCP,True,87.867038,,,,,,6.450272023677826,13.3605437874794,19.810815811157227,,,,,,13.360544,,,,335278732,335278732,4,4,4,,,51.979007
rtx-pro-6000,golden-p1-0-35051ba53800,clip,us-east1,CLOUD_PROVIDER_GCP,True,2008.419848,,,,,,146.89539244771004,1161.6093682944775,1308.5047607421875,,,,,,1161.609368,,,,8044936192,8044936192,61,61,61,,,54.76643
rtx-pro-6000,golden-p1-0-35051ba53800,unet,us-east1,CLOUD_PROVIDER_GCP,True,1638.893398,,,,,,225.09359979629517,1368.0969519615173,1593.1905517578125,,,,,,1368.096952,,,,12309817472,12309817472,93,93,93,,,54.68755
rtx-pro-6000,golden-p1-0-35051ba53800,vae,us-east1,CLOUD_PROVIDER_GCP,True,90.97564,,,,,,6.476127922534943,2.6216322779655457,9.097760200500488,,,,,,2.621632,,,,335278732,335278732,4,4,4,,,51.771481
rtx-pro-6000,golden-p1-0-8b606506e067,clip,us-east1,CLOUD_PROVIDER_GCP,True,1866.814826,,,,,,148.49225579947233,981.6964649036527,1130.188720703125,,,,,,981.696465,,,,8044936192,8044936192,61,61,61,,,54.17748
rtx-pro-6000,golden-p1-0-8b606506e067,unet,us-east1,CLOUD_PROVIDER_GCP,True,1562.554783,,,,,,226.99683144688606,1284.8753609359264,1511.8721923828125,,,,,,1284.875361,,,,12309817472,12309817472,93,93,93,,,54.229028
rtx-pro-6000,golden-p1-0-8b606506e067,vae,us-east1,CLOUD_PROVIDER_GCP,True,74.374628,,,,,,6.044768154621124,3.8421117663383484,9.886879920959473,,,,,,3.842112,,,,335278732,335278732,4,4,4,,,55.465937
rtx-pro-6000,golden-p1-0-f0c0a1539bac,clip,us-east1,CLOUD_PROVIDER_GCP,True,1811.407842,,,,,,145.85731226205826,916.7704953551292,1062.6278076171875,,,,,,916.770495,,,,8044936192,8044936192,61,61,61,,,55.156208
rtx-pro-6000,golden-p1-0-f0c0a1539bac,unet,us-east1,CLOUD_PROVIDER_GCP,True,1657.937354,,,,,,224.1127992272377,1386.4732603430748,1610.5860595703125,,,,,,1386.47326,,,,12309817472,12309817472,93,93,93,,,54.926883
rtx-pro-6000,golden-p1-0-f0c0a1539bac,vae,us-east1,CLOUD_PROVIDER_GCP,True,77.060661,,,,,,6.129568040370941,2.055456221103668,8.18502426147461,,,,,,2.055456,,,,335278732,335278732,4,4,4,,,54.69859
rtx-pro-6000,golden-p1-0-f3eaf82a9f94,clip,us-east1,CLOUD_PROVIDER_GCP,True,2028.609223,,,,,,149.70665611326694,979.210580214858,1128.917236328125,,,,,,979.21058,,,,8044936192,8044936192,61,61,61,,,53.737999
rtx-pro-6000,golden-p1-0-f3eaf82a9f94,unet,us-east1,CLOUD_PROVIDER_GCP,True,1540.714377,,,,,,223.9547848701477,1269.1610598564148,1493.1158447265625,,,,,,1269.16106,,,,12309817472,12309817472,93,93,93,,,54.965637
rtx-pro-6000,golden-p1-0-f3eaf82a9f94,vae,us-east1,CLOUD_PROVIDER_GCP,True,70.670697,,,,,,6.322847962379456,3.100415587425232,9.423263549804688,,,,,,3.100416,,,,335278732,335278732,4,4,4,,,53.026537
rtx-pro-6000,golden-p1-0-d76f2f378808,clip,us-east1,CLOUD_PROVIDER_GCP,True,1765.313351,,,,,,145.96409684419632,887.5852195620537,1033.54931640625,,,,,,887.58522,,,,8044936192,8044936192,61,61,61,,,55.115856
rtx-pro-6000,golden-p1-0-d76f2f378808,unet,us-east1,CLOUD_PROVIDER_GCP,True,1467.612289,,,,,,222.23872089385986,1196.5312986373901,1418.77001953125,,,,,,1196.531299,,,,12309817472,12309817472,93,93,93,,,55.390066
rtx-pro-6000,golden-p1-0-d76f2f378808,vae,us-east1,CLOUD_PROVIDER_GCP,True,99.256239,,,,,,6.308000147342682,30.788351476192474,37.096351623535156,,,,,,30.788351,,,,335278732,335278732,4,4,4,,,53.151351
rtx-pro-6000,golden-p1-0-58ae70aad00c,clip,us-east1,CLOUD_PROVIDER_GCP,True,1633.512533,,,,,,146.22607973963022,822.4966985806823,968.7227783203125,,,,,,822.496699,,,,8044936192,8044936192,61,61,61,,,55.017109
rtx-pro-6000,golden-p1-0-58ae70aad00c,unet,us-east1,CLOUD_PROVIDER_GCP,True,1639.246388,,,,,,221.7641291320324,1369.0146794617176,1590.77880859375,,,,,,1369.014679,,,,12309817472,12309817472,93,93,93,,,55.508605
rtx-pro-6000,golden-p1-0-58ae70aad00c,vae,us-east1,CLOUD_PROVIDER_GCP,True,165.273086,,,,,,6.326495885848999,89.25788521766663,95.58438110351562,,,,,,89.257885,,,,335278732,335278732,4,4,4,,,52.995961
rtx-pro-6000,golden-p1-0-2ec32a2b4d91,clip,us-east1,CLOUD_PROVIDER_GCP,True,1766.907387,,,,,,145.232671931386,932.961664006114,1078.1943359375,,,,,,932.961664,,,,8044936192,8044936192,61,61,61,,,55.393432
rtx-pro-6000,golden-p1-0-2ec32a2b4d91,unet,us-east1,CLOUD_PROVIDER_GCP,True,1564.289756,,,,,,221.58131203055382,1294.1387807428837,1515.7200927734375,,,,,,1294.138781,,,,12309817472,12309817472,93,93,93,,,55.554403
rtx-pro-6000,golden-p1-0-2ec32a2b4d91,vae,us-east1,CLOUD_PROVIDER_GCP,True,87.659381,,,,,,6.238464057445526,23.724479973316193,29.96294403076172,,,,,,23.72448,,,,335278732,335278732,4,4,4,,,53.743795
rtx-pro-6000,golden-p1-0-025921aee230,clip,us-east1,CLOUD_PROVIDER_GCP,True,6088.460152,,,,,,149.66646459698677,5249.597207278013,5399.263671875,,,,,,5249.597207,,,,8044936192,8044936192,61,61,61,,,53.75243
rtx-pro-6000,golden-p1-0-025921aee230,unet,us-east1,CLOUD_PROVIDER_GCP,True,6685.574926,,,,,,226.92502391338348,6412.1828862428665,6639.10791015625,,,,,,6412.182886,,,,12309817472,12309817472,93,93,93,,,54.246188
rtx-pro-6000,golden-p1-0-025921aee230,vae,us-east1,CLOUD_PROVIDER_GCP,True,236.0189,,,,,,6.416095852851868,64.54719913005829,70.96329498291016,,,,,,64.547199,,,,335278732,335278732,4,4,4,,,52.25588
rtx-pro-6000,golden-p1-0-a1961a88e9a3,clip,us-east1,CLOUD_PROVIDER_GCP,True,1768.201494,,,,,,148.13804736733437,952.0979145467281,1100.2359619140625,,,,,,952.097915,,,,8044936192,8044936192,61,61,61,,,54.307022
rtx-pro-6000,golden-p1-0-a1961a88e9a3,unet,us-east1,CLOUD_PROVIDER_GCP,True,1560.553697,,,,,,223.0721910595894,1292.1034681200981,1515.1756591796875,,,,,,1292.103468,,,,12309817472,12309817472,93,93,93,,,55.183111
rtx-pro-6000,golden-p1-0-a1961a88e9a3,vae,us-east1,CLOUD_PROVIDER_GCP,True,85.585,,,,,,6.360384106636047,9.623776316642761,15.984160423278809,,,,,,9.623776,,,,335278732,335278732,4,4,4,,,52.713598
rtx-pro-6000,golden-p1-0-3b1539f93fdc,clip,us-east1,CLOUD_PROVIDER_GCP,True,1716.362505,,,,,,147.20448049902916,913.4821650087833,1060.6866455078125,,,,,,913.482165,,,,8044936192,8044936192,61,61,61,,,54.651436
rtx-pro-6000,golden-p1-0-3b1539f93fdc,unet,us-east1,CLOUD_PROVIDER_GCP,True,1656.159957,,,,,,223.29532706737518,1386.3763037919998,1609.671630859375,,,,,,1386.376304,,,,12309817472,12309817472,93,93,93,,,55.127967
rtx-pro-6000,golden-p1-0-3b1539f93fdc,vae,us-east1,CLOUD_PROVIDER_GCP,True,77.193313,,,,,,6.2934399247169495,8.134688317775726,14.428128242492676,,,,,,8.134688,,,,335278732,335278732,4,4,4,,,53.27432
rtx-pro-6000,golden-p1-0-b8f41a2a2a00,clip,us-east1,CLOUD_PROVIDER_GCP,True,2045.220941,,,,,,144.9576635286212,1192.1157007291913,1337.0733642578125,,,,,,1192.115701,,,,8044936192,8044936192,61,61,61,,,55.498523
rtx-pro-6000,golden-p1-0-b8f41a2a2a00,unet,us-east1,CLOUD_PROVIDER_GCP,True,1741.815981,,,,,,223.3011529147625,1469.2415716946125,1692.542724609375,,,,,,1469.241572,,,,12309817472,12309817472,93,93,93,,,55.126529
rtx-pro-6000,golden-p1-0-b8f41a2a2a00,vae,us-east1,CLOUD_PROVIDER_GCP,True,83.533995,,,,,,6.3904958963394165,6.30883252620697,12.699328422546387,,,,,,6.308833,,,,335278732,335278732,4,4,4,,,52.465214
rtx-pro-6000,golden-p1-0-840156848e82,clip,us-east1,CLOUD_PROVIDER_GCP,True,1686.841369,,,,,,149.8597441315651,880.1801728606224,1030.0399169921875,,,,,,880.180173,,,,8044936192,8044936192,61,61,61,,,53.683104
rtx-pro-6000,golden-p1-0-840156848e82,unet,us-east1,CLOUD_PROVIDER_GCP,True,2193.666511,,,,,,225.8101441860199,1922.763830423355,2148.573974609375,,,,,,1922.76383,,,,12309817472,12309817472,93,93,93,,,54.514014
rtx-pro-6000,golden-p1-0-840156848e82,vae,us-east1,CLOUD_PROVIDER_GCP,True,164.447553,,,,,,6.239264070987701,77.39296096563339,83.6322250366211,,,,,,77.392961,,,,335278732,335278732,4,4,4,,,53.736904
rtx-pro-6000,golden-p1-0-52888637d00f,clip,us-east1,CLOUD_PROVIDER_GCP,True,1890.207152,,,,,,147.8113911896944,1054.323252364993,1202.1346435546875,,,,,,1054.323252,,,,8044936192,8044936192,61,61,61,,,54.427038
rtx-pro-6000,golden-p1-0-52888637d00f,unet,us-east1,CLOUD_PROVIDER_GCP,True,1724.893778,,,,,,226.351902872324,1450.6435805261135,1676.9954833984375,,,,,,1450.643581,,,,12309817472,12309817472,93,93,93,,,54.383539
rtx-pro-6000,golden-p1-0-52888637d00f,vae,us-east1,CLOUD_PROVIDER_GCP,True,82.703167,,,,,,6.946880042552948,4.302336037158966,11.249216079711914,,,,,,4.302336,,,,335278732,335278732,4,4,4,,,48.26321
rtx-pro-6000,golden-p1-0-49a95ba2e801,clip,us-east1,CLOUD_PROVIDER_GCP,True,1865.277252,,,,,,148.33932679891586,1019.7629681229591,1168.102294921875,,,,,,1019.762968,,,,8044936192,8044936192,61,61,61,,,54.233334
rtx-pro-6000,golden-p1-0-49a95ba2e801,unet,us-east1,CLOUD_PROVIDER_GCP,True,1700.07424,,,,,,224.7272951900959,1425.955566138029,1650.682861328125,,,,,,1425.955566,,,,12309817472,12309817472,93,93,93,,,54.77669
rtx-pro-6000,golden-p1-0-49a95ba2e801,vae,us-east1,CLOUD_PROVIDER_GCP,True,80.980696,,,,,,6.330144047737122,0.0,,,,,,,,,,,335278732,335278732,4,4,4,,,52.965419
rtx-pro-6000,golden-p1-0-b7b866660915,clip,us-east1,CLOUD_PROVIDER_GCP,True,1783.092694,,,,,,148.2267849445343,975.4325168132782,1123.6593017578125,,,,,,975.432517,,,,8044936192,8044936192,61,61,61,,,54.27451
rtx-pro-6000,golden-p1-0-b7b866660915,unet,us-east1,CLOUD_PROVIDER_GCP,True,1684.675167,,,,,,228.34003162384033,1405.5136060714722,1633.8536376953125,,,,,,1405.513606,,,,12309817472,12309817472,93,93,93,,,53.910028
rtx-pro-6000,golden-p1-0-b7b866660915,vae,us-east1,CLOUD_PROVIDER_GCP,True,87.238469,,,,,,6.51689600944519,10.221375703811646,16.738271713256836,,,,,,10.221376,,,,335278732,335278732,4,4,4,,,51.447611
rtx-pro-6000,golden-p1-0-8fc32b9537e3,clip,us-east1,CLOUD_PROVIDER_GCP,True,1824.479722,,,,,,150.79027125239372,985.7185178101063,1136.5087890625,,,,,,985.718518,,,,8044936192,8044936192,61,61,61,,,53.351825
rtx-pro-6000,golden-p1-0-8fc32b9537e3,unet,us-east1,CLOUD_PROVIDER_GCP,True,1604.668195,,,,,,225.24367952346802,1330.2745089530945,1555.5181884765625,,,,,,1330.274509,,,,12309817472,12309817472,93,93,93,,,54.651112
rtx-pro-6000,golden-p1-0-8fc32b9537e3,vae,us-east1,CLOUD_PROVIDER_GCP,True,94.52414,,,,,,6.484255909919739,8.081215739250183,14.565471649169922,,,,,,8.081216,,,,335278732,335278732,4,4,4,,,51.706585
rtx-pro-6000,golden-p1-0-4ec95ca6726f,clip,us-east1,CLOUD_PROVIDER_GCP,True,1700.186023,,,,,,151.25446356087923,844.0136028453708,995.26806640625,,,,,,844.013603,,,,8044936192,8044936192,61,61,61,,,53.188091
rtx-pro-6000,golden-p1-0-4ec95ca6726f,unet,us-east1,CLOUD_PROVIDER_GCP,True,1808.136223,,,,,,228.10399955511093,1531.2779584527016,1759.3819580078125,,,,,,1531.277958,,,,12309817472,12309817472,93,93,93,,,53.965812
rtx-pro-6000,golden-p1-0-4ec95ca6726f,vae,us-east1,CLOUD_PROVIDER_GCP,True,84.099367,,,,,,6.209823966026306,8.740416169166565,14.950240135192871,,,,,,8.740416,,,,335278732,335278732,4,4,4,,,53.991664
rtx-pro-6000,golden-p1-0-0f82c0cdad35,clip,us-east1,CLOUD_PROVIDER_GCP,True,1724.180086,,,,,,146.2630716562271,977.6649068593979,1123.927978515625,,,,,,977.664907,,,,8044936192,8044936192,61,61,61,,,55.003195
rtx-pro-6000,golden-p1-0-0f82c0cdad35,unet,us-east1,CLOUD_PROVIDER_GCP,True,1675.239929,,,,,,225.6094713807106,1400.359644830227,1625.9691162109375,,,,,,1400.359645,,,,12309817472,12309817472,93,93,93,,,54.562503
rtx-pro-6000,golden-p1-0-0f82c0cdad35,vae,us-east1,CLOUD_PROVIDER_GCP,True,99.673128,,,,,,6.371328055858612,29.458624184131622,35.829952239990234,,,,,,29.458624,,,,335278732,335278732,4,4,4,,,52.623053
rtx-pro-6000,golden-p1-0-178777776abf,clip,us-east1,CLOUD_PROVIDER_GCP,True,1748.048479,,,,,,146.44518375396729,961.3437566757202,1107.7889404296875,,,,,,961.343757,,,,8044936192,8044936192,61,61,61,,,54.934795
rtx-pro-6000,golden-p1-0-178777776abf,unet,us-east1,CLOUD_PROVIDER_GCP,True,1641.805622,,,,,,222.3063673377037,1372.2478318810463,1594.55419921875,,,,,,1372.247832,,,,12309817472,12309817472,93,93,93,,,55.373211
rtx-pro-6000,golden-p1-0-178777776abf,vae,us-east1,CLOUD_PROVIDER_GCP,True,73.22185,,,,,,6.232351899147034,3.307520270347595,9.539872169494629,,,,,,3.30752,,,,335278732,335278732,4,4,4,,,53.796502
rtx-pro-6000,golden-p1-0-d10ea2ee80bd,clip,us-east1,CLOUD_PROVIDER_GCP,True,3897.882467,,,,,,153.06262469291687,1544.7078831195831,1697.7705078125,,,,,,1544.707883,,,,8044936192,8044936192,61,61,61,,,52.559769
rtx-pro-6000,golden-p1-0-d10ea2ee80bd,unet,us-east1,CLOUD_PROVIDER_GCP,True,1620.025833,,,,,,224.03366330266,1346.0506872832775,1570.0843505859375,,,,,,1346.050687,,,,12309817472,12309817472,93,93,93,,,54.946285
rtx-pro-6000,golden-p1-0-d10ea2ee80bd,vae,us-east1,CLOUD_PROVIDER_GCP,True,300.901733,,,,,,6.44921612739563,104.05362963676453,110.50284576416016,,,,,,104.05363,,,,335278732,335278732,4,4,4,,,51.987517
rtx-pro-6000,golden-p1-0-8a91d8d4179b,clip,us-east1,CLOUD_PROVIDER_GCP,True,1669.080498,,,,,,145.8206731006503,841.8668879345059,987.6875610351562,,,,,,841.866888,,,,8044936192,8044936192,61,61,61,,,55.170066
rtx-pro-6000,golden-p1-0-8a91d8d4179b,unet,us-east1,CLOUD_PROVIDER_GCP,True,1719.571461,,,,,,228.86006379127502,1440.4640328884125,1669.3240966796875,,,,,,1440.464033,,,,12309817472,12309817472,93,93,93,,,53.78753
rtx-pro-6000,golden-p1-0-8a91d8d4179b,vae,us-east1,CLOUD_PROVIDER_GCP,True,85.491979,,,,,,6.454047977924347,0.0,,,,,,,,,,,335278732,335278732,4,4,4,,,51.948596
rtx-pro-6000,golden-p1-0-d7b1d252669c,clip,us-east1,CLOUD_PROVIDER_GCP,True,4096.043625,,,,,,152.11622327566147,3193.7834349274635,3345.899658203125,,,,,,3193.783435,,,,8044936192,8044936192,61,61,61,,,52.886773
rtx-pro-6000,golden-p1-0-d7b1d252669c,unet,us-east1,CLOUD_PROVIDER_GCP,True,1483.595403,,,,,,225.75107258558273,1211.3966324925423,1437.147705078125,,,,,,1211.396632,,,,12309817472,12309817472,93,93,93,,,54.528279
rtx-pro-6000,golden-p1-0-d7b1d252669c,vae,us-east1,CLOUD_PROVIDER_GCP,True,79.590077,,,,,,6.326559960842133,9.069215834140778,15.39577579498291,,,,,,9.069216,,,,335278732,335278732,4,4,4,,,52.995425
rtx-pro-6000,golden-p1-0-db91fddabdb5,clip,us-east1,CLOUD_PROVIDER_GCP,True,2075.32788,,,,,,153.61395144462585,1175.7728893756866,1329.3868408203125,,,,,,1175.772889,,,,8044936192,8044936192,61,61,61,,,52.37113
rtx-pro-6000,golden-p1-0-db91fddabdb5,unet,us-east1,CLOUD_PROVIDER_GCP,True,1443.606676,,,,,,222.47766450047493,1176.2773403823376,1398.7550048828125,,,,,,1176.27734,,,,12309817472,12309817472,93,93,93,,,55.330577
rtx-pro-6000,golden-p1-0-db91fddabdb5,vae,us-east1,CLOUD_PROVIDER_GCP,True,67.00506,,,,,,6.321183979511261,2.08982390165329,8.41100788116455,,,,,,2.089824,,,,335278732,335278732,4,4,4,,,53.040496
rtx-pro-6000,golden-p1-0-954d3cf7b51e,clip,us-east1,CLOUD_PROVIDER_GCP,True,1749.914888,,,,,,147.11987175047398,929.476319655776,1076.59619140625,,,,,,929.47632,,,,8044936192,8044936192,61,61,61,,,54.682866
rtx-pro-6000,golden-p1-0-954d3cf7b51e,unet,us-east1,CLOUD_PROVIDER_GCP,True,1597.089365,,,,,,224.29247996211052,1326.744751483202,1551.0372314453125,,,,,,1326.744751,,,,12309817472,12309817472,93,93,93,,,54.882881
rtx-pro-6000,golden-p1-0-954d3cf7b51e,vae,us-east1,CLOUD_PROVIDER_GCP,True,74.084099,,,,,,6.076319932937622,3.885727643966675,9.962047576904297,,,,,,3.885728,,,,335278732,335278732,4,4,4,,,55.177926
rtx-pro-6000,golden-p1-0-ed7ada1065ce,clip,us-east1,CLOUD_PROVIDER_GCP,True,1777.794035,,,,,,150.48240050673485,841.4340423643589,991.9164428710938,,,,,,841.434042,,,,8044936192,8044936192,61,61,61,,,53.460977
rtx-pro-6000,golden-p1-0-ed7ada1065ce,unet,us-east1,CLOUD_PROVIDER_GCP,True,1580.193038,,,,,,227.57478260993958,1301.6154029369354,1529.190185546875,,,,,,1301.615403,,,,12309817472,12309817472,93,93,93,,,54.091307
rtx-pro-6000,golden-p1-0-ed7ada1065ce,vae,us-east1,CLOUD_PROVIDER_GCP,True,106.129016,,,,,,6.231007993221283,30.93260818719864,37.16361618041992,,,,,,30.932608,,,,335278732,335278732,4,4,4,,,53.808105
rtx-pro-6000,golden-p1-0-a6fb9d2c41aa,clip,us-east1,CLOUD_PROVIDER_GCP,True,2001.945224,,,,,,153.09571189433336,963.6036289259791,1116.6993408203125,,,,,,963.603629,,,,8044936192,8044936192,61,61,61,,,52.54841
rtx-pro-6000,golden-p1-0-a6fb9d2c41aa,unet,us-east1,CLOUD_PROVIDER_GCP,True,2319.067361,,,,,,259.8961263895035,1983.4879068136215,2243.384033203125,,,,,,1983.487907,,,,12309817472,12309817472,93,93,93,,,47.364375
rtx-pro-6000,golden-p1-0-a6fb9d2c41aa,vae,us-east1,CLOUD_PROVIDER_GCP,True,144.538224,,,,,,6.4260159730911255,5.914687991142273,12.340703964233398,,,,,,5.914688,,,,335278732,335278732,4,4,4,,,52.17521
rtx-pro-6000,golden-p1-0-b3cb66233d1b,clip,us-east1,CLOUD_PROVIDER_GCP,True,5911.752488,,,,,,156.49529656022787,1050.0573157444596,1206.5526123046875,,,,,,1050.057316,,,,8044936192,8044936192,61,61,61,,,51.406888
rtx-pro-6000,golden-p1-0-b3cb66233d1b,unet,us-east1,CLOUD_PROVIDER_GCP,True,1825.80126,,,,,,228.19024056196213,1550.4104674458504,1778.6007080078125,,,,,,1550.410467,,,,12309817472,12309817472,93,93,93,,,53.945416
rtx-pro-6000,golden-p1-0-b3cb66233d1b,vae,us-east1,CLOUD_PROVIDER_GCP,True,78.431268,,,,,,6.2897279262542725,4.825663805007935,11.115391731262207,,,,,,4.825664,,,,335278732,335278732,4,4,4,,,53.305761
rtx-pro-6000,golden-p1-0-7adb0b1f489a,clip,us-east1,CLOUD_PROVIDER_GCP,True,1862.911756,,,,,,147.25555223226547,986.1145649552345,1133.3701171875,,,,,,986.114565,,,,8044936192,8044936192,61,61,61,,,54.632481
rtx-pro-6000,golden-p1-0-7adb0b1f489a,unet,us-east1,CLOUD_PROVIDER_GCP,True,1571.544533,,,,,,225.94921603798866,1301.1234157979488,1527.0726318359375,,,,,,1301.123416,,,,12309817472,12309817472,93,93,93,,,54.480461
rtx-pro-6000,golden-p1-0-7adb0b1f489a,vae,us-east1,CLOUD_PROVIDER_GCP,True,72.282482,,,,,,6.144160032272339,0.0,,,,,,,,,,,335278732,335278732,4,4,4,,,54.568685
rtx-pro-6000,golden-p1-0-93cdf06a1843,clip,us-east1,CLOUD_PROVIDER_GCP,True,1777.39212,,,,,,149.2227526307106,924.3758801817894,1073.5986328125,,,,,,924.37588,,,,8044936192,8044936192,61,61,61,,,53.912262
rtx-pro-6000,golden-p1-0-93cdf06a1843,unet,us-east1,CLOUD_PROVIDER_GCP,True,1500.41546,,,,,,230.80902367830276,1215.8574802279472,1446.66650390625,,,,,,1215.85748,,,,12309817472,12309817472,93,93,93,,,53.333346
rtx-pro-6000,golden-p1-0-93cdf06a1843,vae,us-east1,CLOUD_PROVIDER_GCP,True,70.52583,,,,,,6.431647956371307,3.4847357869148254,9.916383743286133,,,,,,3.484736,,,,335278732,335278732,4,4,4,,,52.129522
rtx-pro-6000,golden-p1-0-404a09c59049,clip,us-east1,CLOUD_PROVIDER_GCP,True,1693.987877,,,,,,146.43097583949566,951.2609186917543,1097.69189453125,,,,,,951.260919,,,,8044936192,8044936192,61,61,61,,,54.940126
rtx-pro-6000,golden-p1-0-404a09c59049,unet,us-east1,CLOUD_PROVIDER_GCP,True,1556.226684,,,,,,221.12140908837318,1278.0736592710018,1499.195068359375,,,,,,1278.073659,,,,12309817472,12309817472,93,93,93,,,55.669949
rtx-pro-6000,golden-p1-0-404a09c59049,vae,us-east1,CLOUD_PROVIDER_GCP,True,99.243196,,,,,,6.539456009864807,31.694465041160583,38.23392105102539,,,,,,31.694465,,,,335278732,335278732,4,4,4,,,51.270126
rtx-pro-6000,golden-p1-0-7cdb3f044ff8,clip,eu-south-2,CLOUD_PROVIDER_AWS,True,4424.039511,,,,,,154.77939128875732,2232.4105501174927,2387.18994140625,,,,,,2232.41055,,,,8044936192,8044936192,61,61,61,,,51.976792
rtx-pro-6000,golden-p1-0-7cdb3f044ff8,unet,eu-south-2,CLOUD_PROVIDER_AWS,True,9225.284544,,,,,,237.7767996788025,7389.1025948524475,7626.87939453125,,,,,,7389.102595,,,,12309817472,12309817472,93,93,93,,,51.770473
rtx-pro-6000,golden-p1-0-7cdb3f044ff8,vae,eu-south-2,CLOUD_PROVIDER_AWS,True,1134.665672,,,,,,6.982495903968811,13.010240912437439,19.99273681640625,,,,,,13.010241,,,,335278732,335278732,4,4,4,,,48.017032
rtx-pro-6000,golden-p1-0-8121d6640d8b,clip,eu-south-2,CLOUD_PROVIDER_AWS,True,2905.671469,,,,,,155.24803119152784,1865.2690586522222,2020.51708984375,,,,,,1865.269059,,,,8044936192,8044936192,61,61,61,,,51.819892
rtx-pro-6000,golden-p1-0-8121d6640d8b,unet,eu-south-2,CLOUD_PROVIDER_AWS,True,2976.923558,,,,,,234.46774339675903,2679.348662853241,2913.81640625,,,,,,2679.348663,,,,12309817472,12309817472,93,93,93,,,52.501113
rtx-pro-6000,golden-p1-0-8121d6640d8b,vae,eu-south-2,CLOUD_PROVIDER_AWS,True,122.737786,,,,,,6.644800007343292,11.193056285381317,17.83785629272461,,,,,,11.193056,,,,335278732,335278732,4,4,4,,,50.45731
rtx-pro-6000,golden-p1-0-6343ad78ae9a,clip,us-central1,CLOUD_PROVIDER_GCP,True,1819.828179,,,,,,144.00889584422112,998.5993805229664,1142.6082763671875,,,,,,998.599381,,,,8044936192,8044936192,61,61,61,,,55.864161
rtx-pro-6000,golden-p1-0-6343ad78ae9a,unet,us-central1,CLOUD_PROVIDER_GCP,True,1823.888922,,,,,,223.90672010183334,1491.0291929841042,1714.9359130859375,,,,,,1491.029193,,,,12309817472,12309817472,93,93,93,,,54.977436
rtx-pro-6000,golden-p1-0-6343ad78ae9a,vae,us-central1,CLOUD_PROVIDER_GCP,True,114.405164,,,,,,6.072831928730011,0.0,,,,,,,,,,,335278732,335278732,4,4,4,,,55.209618
rtx-pro-6000,golden-p1-0-7f375f029112,clip,us-east1,CLOUD_PROVIDER_GCP,True,1663.215011,,,,,,154.93334339559078,925.5639710575342,1080.497314453125,,,,,,925.563971,,,,8044936192,8044936192,61,61,61,,,51.925144
rtx-pro-6000,golden-p1-0-7f375f029112,unet,us-east1,CLOUD_PROVIDER_GCP,True,1658.661422,,,,,,222.95315146446228,1386.2267801761627,1609.179931640625,,,,,,1386.22678,,,,12309817472,12309817472,93,93,93,,,55.212574
rtx-pro-6000,golden-p1-0-7f375f029112,vae,us-east1,CLOUD_PROVIDER_GCP,True,73.349509,,,,,,8.209376037120819,1.4917119145393372,9.701087951660156,,,,,,1.491712,,,,335278732,335278732,4,4,4,,,40.840952
rtx-pro-6000,golden-p1-0-dae856040545,clip,us-central1,CLOUD_PROVIDER_GCP,True,1799.208211,,,,,,143.49756887555122,0.0,,,,,,,,,,,8044936192,8044936192,61,61,61,,,56.063223
rtx-pro-6000,golden-p1-0-dae856040545,unet,us-central1,CLOUD_PROVIDER_GCP,True,1841.369375,,,,,,222.98371255397797,1333.5457063913345,1556.5294189453125,,,,,,1333.545706,,,,12309817472,12309817472,93,93,93,,,55.205007
rtx-pro-6000,golden-p1-0-dae856040545,vae,us-central1,CLOUD_PROVIDER_GCP,True,99.931889,,,,,,6.418271839618683,3.588704288005829,10.006976127624512,,,,,,3.588704,,,,335278732,335278732,4,4,4,,,52.238163
rtx-pro-6000,golden-p1-0-7a9656185048,clip,us-east1,CLOUD_PROVIDER_GCP,True,1686.927763,,,,,,155.90748703479767,950.6017903089523,1106.50927734375,,,,,,950.60179,,,,8044936192,8044936192,61,61,61,,,51.600705
rtx-pro-6000,golden-p1-0-7a9656185048,unet,us-east1,CLOUD_PROVIDER_GCP,True,1698.937871,,,,,,224.31718492507935,1429.1752467155457,1653.492431640625,,,,,,1429.175247,,,,12309817472,12309817472,93,93,93,,,54.876836
rtx-pro-6000,golden-p1-0-7a9656185048,vae,us-east1,CLOUD_PROVIDER_GCP,True,81.686528,,,,,,6.246559917926788,10.669247806072235,16.915807723999023,,,,,,10.669248,,,,335278732,335278732,4,4,4,,,53.67414
rtx-pro-6000,golden-p1-0-24dbfbae0936,clip,us-central1,CLOUD_PROVIDER_GCP,True,1962.124951,,,,,,148.2221440821886,1080.4848871678114,1228.70703125,,,,,,1080.484887,,,,8044936192,8044936192,61,61,61,,,54.27621
rtx-pro-6000,golden-p1-0-24dbfbae0936,unet,us-central1,CLOUD_PROVIDER_GCP,True,1994.488609,,,,,,224.1610872745514,1484.809249639511,1708.9703369140625,,,,,,1484.80925,,,,12309817472,12309817472,93,93,93,,,54.915051
rtx-pro-6000,golden-p1-0-24dbfbae0936,vae,us-central1,CLOUD_PROVIDER_GCP,True,102.934257,,,,,,6.144320011138916,6.062624454498291,12.206944465637207,,,,,,6.062624,,,,335278732,335278732,4,4,4,,,54.567264
rtx-pro-6000,golden-p1-0-faa5c9a68ec0,clip,us-east1,CLOUD_PROVIDER_GCP,True,1650.598189,,,,,,152.25440031290054,891.0869082808495,1043.34130859375,,,,,,891.086908,,,,8044936192,8044936192,61,61,61,,,52.838776
rtx-pro-6000,golden-p1-0-faa5c9a68ec0,unet,us-east1,CLOUD_PROVIDER_GCP,True,1698.073604,,,,,,224.6535994708538,1404.6034806072712,1629.257080078125,,,,,,1404.603481,,,,12309817472,12309817472,93,93,93,,,54.794659
rtx-pro-6000,golden-p1-0-faa5c9a68ec0,vae,us-east1,CLOUD_PROVIDER_GCP,True,77.140599,,,,,,6.252063989639282,4.5140159130096436,10.766079902648926,,,,,,4.514016,,,,335278732,335278732,4,4,4,,,53.626887
rtx-pro-6000,golden-p1-0-1fbcc088cc79,clip,us-east1,CLOUD_PROVIDER_GCP,True,2725.148477,,,,,,150.81996684521437,1435.5926308110356,1586.41259765625,,,,,,1435.592631,,,,8044936192,8044936192,61,61,61,,,53.341321
rtx-pro-6000,golden-p1-0-1fbcc088cc79,unet,us-east1,CLOUD_PROVIDER_GCP,True,3467.068263,,,,,,226.85132712125778,2209.607413113117,2436.458740234375,,,,,,2209.607413,,,,12309817472,12309817472,93,93,93,,,54.263811
rtx-pro-6000,golden-p1-0-1fbcc088cc79,vae,us-east1,CLOUD_PROVIDER_GCP,True,401.429788,,,,,,6.474399924278259,62.37958109378815,68.8539810180664,,,,,,62.379581,,,,335278732,335278732,4,4,4,,,51.785298
rtx-pro-6000,golden-p1-0-b0378db1bed7,clip,us-east1,CLOUD_PROVIDER_GCP,True,1794.682787,,,,,,148.1846076697111,1073.378136470914,1221.562744140625,,,,,,1073.378136,,,,8044936192,8044936192,61,61,61,,,54.289958
rtx-pro-6000,golden-p1-0-b0378db1bed7,unet,us-east1,CLOUD_PROVIDER_GCP,True,1886.572561,,,,,,225.1433912217617,1615.7993578016758,1840.9427490234375,,,,,,1615.799358,,,,12309817472,12309817472,93,93,93,,,54.675456
rtx-pro-6000,golden-p1-0-b0378db1bed7,vae,us-east1,CLOUD_PROVIDER_GCP,True,100.726889,,,,,,6.314271986484528,31.500032365322113,37.81430435180664,,,,,,31.500032,,,,335278732,335278732,4,4,4,,,53.098557
rtx-pro-6000,golden-p1-0-980f7058970d,clip,us-east-1,CLOUD_PROVIDER_AWS,True,3582.721346,,,,,,154.44601640105247,1962.1272257864475,2116.5732421875,,,,,,1962.127226,,,,8044936192,8044936192,61,61,61,,,52.088985
rtx-pro-6000,golden-p1-0-980f7058970d,unet,us-east-1,CLOUD_PROVIDER_AWS,True,4973.313813,,,,,,241.72064024209976,4089.0371722579002,4330.7578125,,,,,,4089.037172,,,,12309817472,12309817472,93,93,93,,,50.925802
rtx-pro-6000,golden-p1-0-980f7058970d,vae,us-east-1,CLOUD_PROVIDER_AWS,True,316.459096,,,,,,6.63155198097229,74.51487898826599,81.14643096923828,,,,,,74.514879,,,,335278732,335278732,4,4,4,,,50.55811
rtx-pro-6000,golden-p1-0-020f7146e990,clip,us-east1,CLOUD_PROVIDER_GCP,True,1693.04423,,,,,,146.08064033091068,973.2882561534643,1119.368896484375,,,,,,973.288256,,,,8044936192,8044936192,61,61,61,,,55.071885
rtx-pro-6000,golden-p1-0-020f7146e990,unet,us-east1,CLOUD_PROVIDER_GCP,True,1774.77156,,,,,,224.1386235654354,1504.039477020502,1728.1781005859375,,,,,,1504.039477,,,,12309817472,12309817472,93,93,93,,,54.920554
rtx-pro-6000,golden-p1-0-020f7146e990,vae,us-east1,CLOUD_PROVIDER_GCP,True,81.555409,,,,,,6.211519956588745,10.608256578445435,16.81977653503418,,,,,,10.608257,,,,335278732,335278732,4,4,4,,,53.976923
rtx-pro-6000,golden-p1-0-4837dec882f3,clip,us-central1,CLOUD_PROVIDER_GCP,True,3046.518338,,,,,,147.20063938200474,1685.6066115945578,1832.8072509765625,,,,,,1685.606612,,,,8044936192,8044936192,61,61,61,,,54.652862
rtx-pro-6000,golden-p1-0-4837dec882f3,unet,us-central1,CLOUD_PROVIDER_GCP,True,3502.37262,,,,,,228.22844699025154,2640.4187698066235,2868.647216796875,,,,,,2640.41877,,,,12309817472,12309817472,93,93,93,,,53.936385
rtx-pro-6000,golden-p1-0-4837dec882f3,vae,us-central1,CLOUD_PROVIDER_GCP,True,980.702345,,,,,,6.067871928215027,6.078368306159973,12.146240234375,,,,,,6.078368,,,,335278732,335278732,4,4,4,,,55.254748
rtx-pro-6000,golden-p1-0-b6f97818a236,clip,eu-south-2,CLOUD_PROVIDER_AWS,True,2744.744266,,,,,,184.87292785942554,1737.964840695262,1922.8377685546875,,,,,,1737.964841,,,,8044936192,8044936192,61,61,61,,,43.516032
rtx-pro-6000,golden-p1-0-b6f97818a236,unet,eu-south-2,CLOUD_PROVIDER_AWS,True,2976.760052,,,,,,287.8092808127403,2621.2187953591347,2909.028076171875,,,,,,2621.218795,,,,12309817472,12309817472,93,93,93,,,42.770745
rtx-pro-6000,golden-p1-0-b6f97818a236,vae,eu-south-2,CLOUD_PROVIDER_AWS,True,121.408933,,,,,,8.055040061473846,9.03347235918045,17.088512420654297,,,,,,9.033472,,,,335278732,335278732,4,4,4,,,41.623472
rtx-pro-6000,golden-p1-0-ac90a358d0cd,clip,us-central1,CLOUD_PROVIDER_GCP,True,1767.121634,,,,,,147.3370564430952,977.7260539084673,1125.0631103515625,,,,,,977.726054,,,,8044936192,8044936192,61,61,61,,,54.60226
rtx-pro-6000,golden-p1-0-ac90a358d0cd,unet,us-central1,CLOUD_PROVIDER_GCP,True,1693.650189,,,,,,221.22291141748428,1325.6089977622032,1546.8319091796875,,,,,,1325.608998,,,,12309817472,12309817472,93,93,93,,,55.644406
rtx-pro-6000,golden-p1-0-ac90a358d0cd,vae,us-central1,CLOUD_PROVIDER_GCP,True,105.526735,,,,,,6.090463995933533,3.5976959466934204,9.688159942626953,,,,,,3.597696,,,,335278732,335278732,4,4,4,,,55.049785
rtx-pro-6000,golden-p1-0-727f329a483e,clip,eu-south-2,CLOUD_PROVIDER_AWS,True,3988.695401,,,,,,155.13862420618534,1896.6882800906897,2051.826904296875,,,,,,1896.68828,,,,8044936192,8044936192,61,61,61,,,51.856436
rtx-pro-6000,golden-p1-0-727f329a483e,unet,eu-south-2,CLOUD_PROVIDER_AWS,True,5015.748294,,,,,,240.89231932163239,3296.0471338033676,3536.939453125,,,,,,3296.047134,,,,12309817472,12309817472,93,93,93,,,51.100913
rtx-pro-6000,golden-p1-0-727f329a483e,vae,eu-south-2,CLOUD_PROVIDER_AWS,True,410.9783,,,,,,6.70220810174942,27.70240157842636,34.40460968017578,,,,,,27.702402,,,,335278732,335278732,4,4,4,,,50.025115
rtx-pro-6000,golden-p1-0-b79cbeddc384,clip,us-east4,CLOUD_PROVIDER_GCP,True,2774.293017,,,,,,146.38748858869076,1169.9788444191217,1316.3663330078125,,,,,,1169.978844,,,,8044936192,8044936192,61,61,61,,,54.956447
rtx-pro-6000,golden-p1-0-b79cbeddc384,unet,us-east4,CLOUD_PROVIDER_GCP,True,3189.182954,,,,,,225.97443184256554,1682.7330876886845,1908.70751953125,,,,,,1682.733088,,,,12309817472,12309817472,93,93,93,,,54.474382
rtx-pro-6000,golden-p1-0-b79cbeddc384,vae,us-east4,CLOUD_PROVIDER_GCP,True,628.33267,,,,,,6.034688115119934,2.17369544506073,8.208383560180664,,,,,,2.173695,,,,335278732,335278732,4,4,4,,,55.558585
rtx-pro-6000,golden-p1-0-0cfeb146cb48,clip,us-east1,CLOUD_PROVIDER_GCP,True,1759.959684,,,,,,146.3699190467596,1004.1273954063654,1150.497314453125,,,,,,1004.127395,,,,8044936192,8044936192,61,61,61,,,54.963043
rtx-pro-6000,golden-p1-0-0cfeb146cb48,unet,us-east1,CLOUD_PROVIDER_GCP,True,1760.66129,,,,,,223.04953557252884,1489.9815923571587,1713.0311279296875,,,,,,1489.981592,,,,12309817472,12309817472,93,93,93,,,55.188716
rtx-pro-6000,golden-p1-0-0cfeb146cb48,vae,us-east1,CLOUD_PROVIDER_GCP,True,79.803009,,,,,,6.109759986400604,8.646368324756622,14.756128311157227,,,,,,8.646368,,,,335278732,335278732,4,4,4,,,54.875925
rtx-pro-6000,golden-p1-0-04ee10b6dc9e,clip,us-east-1,CLOUD_PROVIDER_AWS,True,3661.865715,,,,,,154.97542470693588,2096.012124121189,2250.987548828125,,,,,,2096.012124,,,,8044936192,8044936192,61,61,61,,,51.911045
rtx-pro-6000,golden-p1-0-04ee10b6dc9e,unet,us-east-1,CLOUD_PROVIDER_AWS,True,4302.22287,,,,,,244.75910407304764,3414.9977318644524,3659.7568359375,,,,,,3414.997732,,,,12309817472,12309817472,93,93,93,,,50.293604
rtx-pro-6000,golden-p1-0-04ee10b6dc9e,vae,us-east-1,CLOUD_PROVIDER_AWS,True,344.251912,,,,,,6.550464153289795,125.04038667678833,131.59085083007812,,,,,,125.040387,,,,335278732,335278732,4,4,4,,,51.183966
rtx-pro-6000,golden-p1-0-f801e07be1f5,clip,eu-south-2,CLOUD_PROVIDER_AWS,True,2910.594162,,,,,,167.03619146347046,1886.9547753334045,2053.990966796875,,,,,,1886.954775,,,,8044936192,8044936192,61,61,61,,,48.162833
rtx-pro-6000,golden-p1-0-f801e07be1f5,unet,eu-south-2,CLOUD_PROVIDER_AWS,True,3113.34603,,,,,,274.40041649341583,2769.697483897209,3044.097900390625,,,,,,2769.697484,,,,12309817472,12309817472,93,93,93,,,44.860783
rtx-pro-6000,golden-p1-0-f801e07be1f5,vae,eu-south-2,CLOUD_PROVIDER_AWS,True,127.150083,,,,,,8.030239999294281,11.143456518650055,19.173696517944336,,,,,,11.143457,,,,335278732,335278732,4,4,4,,,41.752019
rtx-pro-6000,golden-p1-0-1d1d64bce937,clip,us-east-1,CLOUD_PROVIDER_AWS,True,3592.941884,,,,,,160.1639026403427,2056.3212047815323,2216.485107421875,,,,,,2056.321205,,,,8044936192,8044936192,61,61,61,,,50.229397
rtx-pro-6000,golden-p1-0-1d1d64bce937,unet,us-east-1,CLOUD_PROVIDER_AWS,True,4988.465857,,,,,,241.67443215847015,3787.630499482155,4029.304931640625,,,,,,3787.630499,,,,12309817472,12309817472,93,93,93,,,50.935539
rtx-pro-6000,golden-p1-0-1d1d64bce937,vae,us-east-1,CLOUD_PROVIDER_AWS,True,380.700493,,,,,,6.5952319502830505,0.0,,,,,,,,,,,335278732,335278732,4,4,4,,,50.836534
rtx-pro-6000,golden-p1-0-7561d953693b,clip,us-east1,CLOUD_PROVIDER_GCP,True,1513.67312,,,,,,144.89267188310623,809.8848549723625,954.7775268554688,,,,,,809.884855,,,,8044936192,8044936192,61,61,61,,,55.523417
rtx-pro-6000,golden-p1-0-7561d953693b,unet,us-east1,CLOUD_PROVIDER_GCP,True,1594.480084,,,,,,221.35225647687912,1328.9037249684334,1550.2559814453125,,,,,,1328.903725,,,,12309817472,12309817472,93,93,93,,,55.611891
rtx-pro-6000,golden-p1-0-7561d953693b,vae,us-east1,CLOUD_PROVIDER_GCP,True,78.280324,,,,,,6.557632088661194,8.321376204490662,14.879008293151855,,,,,,8.321376,,,,335278732,335278732,4,4,4,,,51.128018
rtx-pro-6000,golden-p1-0-b9dfb78a2ee3,clip,us-east1,CLOUD_PROVIDER_GCP,True,2840.962994,,,,,,149.18265640735626,1405.9612644910812,1555.1439208984375,,,,,,1405.961264,,,,8044936192,8044936192,61,61,61,,,53.926753
rtx-pro-6000,golden-p1-0-b9dfb78a2ee3,unet,us-east1,CLOUD_PROVIDER_GCP,True,3284.019577,,,,,,225.76035171747208,2638.070947110653,2863.831298828125,,,,,,2638.070947,,,,12309817472,12309817472,93,93,93,,,54.526038
rtx-pro-6000,golden-p1-0-b9dfb78a2ee3,vae,us-east1,CLOUD_PROVIDER_GCP,True,433.930756,,,,,,6.4211519956588745,98.316610455513,104.73776245117188,,,,,,98.31661,,,,335278732,335278732,4,4,4,,,52.214732
rtx-pro-6000,golden-p1-0-fcb16da2da97,clip,eu-south-2,CLOUD_PROVIDER_AWS,True,4217.740542,,,,,,154.96223965287209,2748.634195894003,2903.596435546875,,,,,,2748.634196,,,,8044936192,8044936192,61,61,61,,,51.915462
rtx-pro-6000,golden-p1-0-fcb16da2da97,unet,eu-south-2,CLOUD_PROVIDER_AWS,True,3073.215514,,,,,,265.42777597904205,2736.958698630333,3002.386474609375,,,,,,2736.958699,,,,12309817472,12309817472,93,93,93,,,46.377277
rtx-pro-6000,golden-p1-0-fcb16da2da97,vae,eu-south-2,CLOUD_PROVIDER_AWS,True,123.88603,,,,,,8.294143974781036,8.628383338451385,16.922527313232422,,,,,,8.628383,,,,335278732,335278732,4,4,4,,,40.423549
rtx-pro-6000,golden-p1-0-1d77bc958a69,clip,us-east-1,CLOUD_PROVIDER_AWS,True,3590.20206,,,,,,155.60543985664845,1977.0854781121016,2132.69091796875,,,,,,1977.085478,,,,8044936192,8044936192,61,61,61,,,51.700867
rtx-pro-6000,golden-p1-0-1d77bc958a69,unet,us-east-1,CLOUD_PROVIDER_AWS,True,5255.425517,,,,,,239.63824093341827,4384.923770785332,4624.56201171875,,,,,,4384.923771,,,,12309817472,12309817472,93,93,93,,,51.368335
rtx-pro-6000,golden-p1-0-1d77bc958a69,vae,us-east-1,CLOUD_PROVIDER_AWS,True,300.61558,,,,,,6.723840236663818,73.66118478775024,80.38502502441406,,,,,,73.661185,,,,335278732,335278732,4,4,4,,,49.864173
rtx-pro-6000,golden-p1-0-51c8904e356a,clip,us-east1,CLOUD_PROVIDER_GCP,True,1612.937668,,,,,,147.40409529209137,934.4185365438461,1081.8226318359375,,,,,,934.418537,,,,8044936192,8044936192,61,61,61,,,54.577427
rtx-pro-6000,golden-p1-0-51c8904e356a,unet,us-east1,CLOUD_PROVIDER_GCP,True,3170.298046,,,,,,228.76063925027847,2525.7435111403465,2754.504150390625,,,,,,2525.743511,,,,12309817472,12309817472,93,93,93,,,53.810907
rtx-pro-6000,golden-p1-0-51c8904e356a,vae,us-east1,CLOUD_PROVIDER_GCP,True,90.03972,,,,,,6.329440057277679,4.6037121415138245,10.933152198791504,,,,,,4.603712,,,,335278732,335278732,4,4,4,,,52.97131
rtx-pro-6000,golden-p1-0-229c91525881,clip,us-east-1,CLOUD_PROVIDER_AWS,True,2882.173792,,,,,,158.42646405100822,1904.6113777458668,2063.037841796875,,,,,,1904.611378,,,,8044936192,8044936192,61,61,61,,,50.780255
rtx-pro-6000,golden-p1-0-229c91525881,unet,us-east-1,CLOUD_PROVIDER_AWS,True,2957.438447,,,,,,237.82064020633698,2617.821205496788,2855.641845703125,,,,,,2617.821205,,,,12309817472,12309817472,93,93,93,,,51.76093
rtx-pro-6000,golden-p1-0-229c91525881,vae,us-east-1,CLOUD_PROVIDER_AWS,True,130.835953,,,,,,6.659167945384979,10.112352669239044,16.771520614624023,,,,,,10.112353,,,,335278732,335278732,4,4,4,,,50.348442
rtx-pro-6000,golden-p1-0-6496a7dc5efd,clip,us-east1,CLOUD_PROVIDER_GCP,True,1648.624065,,,,,,146.20480017364025,871.661471799016,1017.8662719726562,,,,,,871.661472,,,,8044936192,8044936192,61,61,61,,,55.025117
rtx-pro-6000,golden-p1-0-6496a7dc5efd,unet,us-east1,CLOUD_PROVIDER_GCP,True,1558.014022,,,,,,223.19356724619865,1287.9198360741138,1511.1134033203125,,,,,,1287.919836,,,,12309817472,12309817472,93,93,93,,,55.153102
rtx-pro-6000,golden-p1-0-6496a7dc5efd,vae,us-east1,CLOUD_PROVIDER_GCP,True,93.113785,,,,,,6.410975813865662,0.0,,,,,,,,,,,335278732,335278732,4,4,4,,,52.297613
rtx-pro-6000,golden-p1-0-2ba1412d59a4,clip,us-east1,CLOUD_PROVIDER_GCP,True,1507.29047,,,,,,145.69942443817854,766.0778582766652,911.7772827148438,,,,,,766.077858,,,,8044936192,8044936192,61,61,61,,,55.215978
rtx-pro-6000,golden-p1-0-2ba1412d59a4,unet,us-east1,CLOUD_PROVIDER_GCP,True,1501.778218,,,,,,220.1340793967247,1187.1065211892128,1407.2406005859375,,,,,,1187.106521,,,,12309817472,12309817472,93,93,93,,,55.919635
rtx-pro-6000,golden-p1-0-2ba1412d59a4,vae,us-east1,CLOUD_PROVIDER_GCP,True,84.567289,,,,,,6.075487911701202,9.256672084331512,15.332159996032715,,,,,,9.256672,,,,335278732,335278732,4,4,4,,,55.185483
