run,request,role,offset,length,buffered_ms,trigger_ms,odirect_ms,lead_ms,completion_separation_ms,exact,classification,source_path,raw_or_derived,notes,worktree,branch,commit,experiment_profile,modal_app,workspace,deployment_id/receipt,container_id,GPU,storage_path (V1/V2/other),buffered_or_direct,read_primitive,architecture,thread_process_topology,reader_process_count,queue_depth,read_chunk_bytes,fd_strategy,staging_strategy,pinned_arena_details,hedge_configuration,clip_load_ms,unet_load_ms,vae_load_ms,total_source_read_wall_ms,overall_request_ms,source_read_count,median_read_ms,maximum_read_ms,reads_ge_150ms,reads_ge_250ms,reads_ge_500ms,reads_ge_1s,reads_ge_5s,true_cold_status,snapshot_capture_status,fallback_count,validity/exclusion_reason,exact_raw_artifact_paths
8d63ee25a26f:62,62,unet,48928,134217728,391.566189,254.788006,12.348731,0.049890,0.049890,true,SHARED_STALL,.slim/worktrees/odirect-shadow-sep14/.v2ctl/evidence/odirect_shadow_derived_event_table_36cc4611.csv,derived_event_table,Per-read rows reconstructed from the only per-read telemetry table found (odirect shadow). Derived from raw child read events; no raw per-read event JSON located.,odirect-shadow-sep14,exp/odirect-shadow-sep14,02b623f0afc2e4a76dbdade060bea4abd7acc5c2,golden_p1_parallel_io_v2_c0_persistent_fds_preadv_sickness_v2_odirect_shadow,batch-sep14-odirect-shadow,Testing 1,36cc46111f774ca110a1e212a91c51c5d25f4dc7ee5a9f29804f588521138c21|receipt_3_36cc46111f774ca110a1e212a91c51c5d25f4dc7ee5a9f29804f588521138c21.json,unknown,rtx-pro-6000,other:odirect_shadow,odirect,unknown,io_process_v2,unknown,,2,134217728,persistent_fds,staged_safetensors=0;staged_source_order=0;native_fast_disk_unet=1;clip_staged_hydration=0;unet_pinned_staging=0;checkpoint_prewarm=0,unknown,unknown,,,,,67903.65,,,,,,,,,true,snapshot_identity=0fd1b11e48ecd66c9e70554745c0d5fd60aa11e2391973528516ce7bae7847dd,,,.slim/worktrees/odirect-shadow-sep14/.v2ctl/evidence/odirect_shadow_derived_event_table_36cc4611.csv
8d63ee25a26f:63,63,unet,6154957664,19106752,619.597324,499.054036,1.866397,118.248252,118.248252,true,DIRECT_ESCAPE,.slim/worktrees/odirect-shadow-sep14/.v2ctl/evidence/odirect_shadow_derived_event_table_36cc4611.csv,derived_event_table,Per-read rows reconstructed from the only per-read telemetry table found (odirect shadow). Derived from raw child read events; no raw per-read event JSON located.,odirect-shadow-sep14,exp/odirect-shadow-sep14,02b623f0afc2e4a76dbdade060bea4abd7acc5c2,golden_p1_parallel_io_v2_c0_persistent_fds_preadv_sickness_v2_odirect_shadow,batch-sep14-odirect-shadow,Testing 1,36cc46111f774ca110a1e212a91c51c5d25f4dc7ee5a9f29804f588521138c21|receipt_3_36cc46111f774ca110a1e212a91c51c5d25f4dc7ee5a9f29804f588521138c21.json,unknown,rtx-pro-6000,other:odirect_shadow,odirect,unknown,io_process_v2,unknown,,2,19106752,persistent_fds,staged_safetensors=0;staged_source_order=0;native_fast_disk_unet=1;clip_staged_hydration=0;unet_pinned_staging=0;checkpoint_prewarm=0,unknown,unknown,,,,,67903.65,,,,,,,,,true,snapshot_identity=0fd1b11e48ecd66c9e70554745c0d5fd60aa11e2391973528516ce7bae7847dd,,,.slim/worktrees/odirect-shadow-sep14/.v2ctl/evidence/odirect_shadow_derived_event_table_36cc4611.csv
8d63ee25a26f:65,65,unet,6174064416,134217728,313.178517,258.512200,15.359797,38.991981,38.991981,true,DIRECT_ESCAPE,.slim/worktrees/odirect-shadow-sep14/.v2ctl/evidence/odirect_shadow_derived_event_table_36cc4611.csv,derived_event_table,Per-read rows reconstructed from the only per-read telemetry table found (odirect shadow). Derived from raw child read events; no raw per-read event JSON located.,odirect-shadow-sep14,exp/odirect-shadow-sep14,02b623f0afc2e4a76dbdade060bea4abd7acc5c2,golden_p1_parallel_io_v2_c0_persistent_fds_preadv_sickness_v2_odirect_shadow,batch-sep14-odirect-shadow,Testing 1,36cc46111f774ca110a1e212a91c51c5d25f4dc7ee5a9f29804f588521138c21|receipt_3_36cc46111f774ca110a1e212a91c51c5d25f4dc7ee5a9f29804f588521138c21.json,unknown,rtx-pro-6000,other:odirect_shadow,odirect,unknown,io_process_v2,unknown,,2,134217728,persistent_fds,staged_safetensors=0;staged_source_order=0;native_fast_disk_unet=1;clip_staged_hydration=0;unet_pinned_staging=0;checkpoint_prewarm=0,unknown,unknown,,,,,67903.65,,,,,,,,,true,snapshot_identity=0fd1b11e48ecd66c9e70554745c0d5fd60aa11e2391973528516ce7bae7847dd,,,.slim/worktrees/odirect-shadow-sep14/.v2ctl/evidence/odirect_shadow_derived_event_table_36cc4611.csv
8d63ee25a26f:84,84,unet,6979370784,134217728,1770.301056,259.883988,1510.267078,-0.128720,-0.128720,true,SHARED_STALL,.slim/worktrees/odirect-shadow-sep14/.v2ctl/evidence/odirect_shadow_derived_event_table_36cc4611.csv,derived_event_table,Per-read rows reconstructed from the only per-read telemetry table found (odirect shadow). Derived from raw child read events; no raw per-read event JSON located.,odirect-shadow-sep14,exp/odirect-shadow-sep14,02b623f0afc2e4a76dbdade060bea4abd7acc5c2,golden_p1_parallel_io_v2_c0_persistent_fds_preadv_sickness_v2_odirect_shadow,batch-sep14-odirect-shadow,Testing 1,36cc46111f774ca110a1e212a91c51c5d25f4dc7ee5a9f29804f588521138c21|receipt_3_36cc46111f774ca110a1e212a91c51c5d25f4dc7ee5a9f29804f588521138c21.json,unknown,rtx-pro-6000,other:odirect_shadow,odirect,unknown,io_process_v2,unknown,,2,134217728,persistent_fds,staged_safetensors=0;staged_source_order=0;native_fast_disk_unet=1;clip_staged_hydration=0;unet_pinned_staging=0;checkpoint_prewarm=0,unknown,unknown,,,,,67903.65,,,,,,,,,true,snapshot_identity=0fd1b11e48ecd66c9e70554745c0d5fd60aa11e2391973528516ce7bae7847dd,,,.slim/worktrees/odirect-shadow-sep14/.v2ctl/evidence/odirect_shadow_derived_event_table_36cc4611.csv
8d63ee25a26f:128,128,unet,8724201248,134217728,1057.746745,260.718720,795.809516,0.933439,0.933439,true,SHARED_STALL,.slim/worktrees/odirect-shadow-sep14/.v2ctl/evidence/odirect_shadow_derived_event_table_36cc4611.csv,derived_event_table,Per-read rows reconstructed from the only per-read telemetry table found (odirect shadow). Derived from raw child read events; no raw per-read event JSON located.,odirect-shadow-sep14,exp/odirect-shadow-sep14,02b623f0afc2e4a76dbdade060bea4abd7acc5c2,golden_p1_parallel_io_v2_c0_persistent_fds_preadv_sickness_v2_odirect_shadow,batch-sep14-odirect-shadow,Testing 1,36cc46111f774ca110a1e212a91c51c5d25f4dc7ee5a9f29804f588521138c21|receipt_3_36cc46111f774ca110a1e212a91c51c5d25f4dc7ee5a9f29804f588521138c21.json,unknown,rtx-pro-6000,other:odirect_shadow,odirect,unknown,io_process_v2,unknown,,2,134217728,persistent_fds,staged_safetensors=0;staged_source_order=0;native_fast_disk_unet=1;clip_staged_hydration=0;unet_pinned_staging=0;checkpoint_prewarm=0,unknown,unknown,,,,,67903.65,,,,,,,,,true,snapshot_identity=0fd1b11e48ecd66c9e70554745c0d5fd60aa11e2391973528516ce7bae7847dd,,,.slim/worktrees/odirect-shadow-sep14/.v2ctl/evidence/odirect_shadow_derived_event_table_36cc4611.csv
8d63ee25a26f:143,143,unet,10737467168,134217728,309.027980,251.943837,54.284298,2.609716,2.609716,false,DIRECT_ERROR,.slim/worktrees/odirect-shadow-sep14/.v2ctl/evidence/odirect_shadow_derived_event_table_36cc4611.csv,derived_event_table,Per-read rows reconstructed from the only per-read telemetry table found (odirect shadow). Derived from raw child read events; no raw per-read event JSON located.,odirect-shadow-sep14,exp/odirect-shadow-sep14,02b623f0afc2e4a76dbdade060bea4abd7acc5c2,golden_p1_parallel_io_v2_c0_persistent_fds_preadv_sickness_v2_odirect_shadow,batch-sep14-odirect-shadow,Testing 1,36cc46111f774ca110a1e212a91c51c5d25f4dc7ee5a9f29804f588521138c21|receipt_3_36cc46111f774ca110a1e212a91c51c5d25f4dc7ee5a9f29804f588521138c21.json,unknown,rtx-pro-6000,other:odirect_shadow,odirect,unknown,io_process_v2,unknown,,2,134217728,persistent_fds,staged_safetensors=0;staged_source_order=0;native_fast_disk_unet=1;clip_staged_hydration=0;unet_pinned_staging=0;checkpoint_prewarm=0,unknown,unknown,,,,,67903.65,,,,,,,,,true,snapshot_identity=0fd1b11e48ecd66c9e70554745c0d5fd60aa11e2391973528516ce7bae7847dd,,classification=DIRECT_ERROR,.slim/worktrees/odirect-shadow-sep14/.v2ctl/evidence/odirect_shadow_derived_event_table_36cc4611.csv
8d63ee25a26f:155,155,vae,25656,134217728,1691.147938,250.512212,11.340243,439.327407,439.327407,true,DIRECT_ESCAPE,.slim/worktrees/odirect-shadow-sep14/.v2ctl/evidence/odirect_shadow_derived_event_table_36cc4611.csv,derived_event_table,Per-read rows reconstructed from the only per-read telemetry table found (odirect shadow). Derived from raw child read events; no raw per-read event JSON located.,odirect-shadow-sep14,exp/odirect-shadow-sep14,02b623f0afc2e4a76dbdade060bea4abd7acc5c2,golden_p1_parallel_io_v2_c0_persistent_fds_preadv_sickness_v2_odirect_shadow,batch-sep14-odirect-shadow,Testing 1,36cc46111f774ca110a1e212a91c51c5d25f4dc7ee5a9f29804f588521138c21|receipt_3_36cc46111f774ca110a1e212a91c51c5d25f4dc7ee5a9f29804f588521138c21.json,unknown,rtx-pro-6000,other:odirect_shadow,odirect,unknown,io_process_v2,unknown,,2,134217728,persistent_fds,staged_safetensors=0;staged_source_order=0;native_fast_disk_unet=1;clip_staged_hydration=0;unet_pinned_staging=0;checkpoint_prewarm=0,unknown,unknown,,,,,67903.65,,,,,,,,,true,snapshot_identity=0fd1b11e48ecd66c9e70554745c0d5fd60aa11e2391973528516ce7bae7847dd,,,.slim/worktrees/odirect-shadow-sep14/.v2ctl/evidence/odirect_shadow_derived_event_table_36cc4611.csv
7f35f214455f:47,47,clip,6308279072,134217728,305.870190,251.738940,12.773420,-24.118510,-24.118510,true,SHARED_STALL,.slim/worktrees/odirect-shadow-sep14/.v2ctl/evidence/odirect_shadow_derived_event_table_36cc4611.csv,derived_event_table,Per-read rows reconstructed from the only per-read telemetry table found (odirect shadow). Derived from raw child read events; no raw per-read event JSON located.,odirect-shadow-sep14,exp/odirect-shadow-sep14,02b623f0afc2e4a76dbdade060bea4abd7acc5c2,golden_p1_parallel_io_v2_c0_persistent_fds_preadv_sickness_v2_odirect_shadow,batch-sep14-odirect-shadow,Testing 1,36cc46111f774ca110a1e212a91c51c5d25f4dc7ee5a9f29804f588521138c21|receipt_3_36cc46111f774ca110a1e212a91c51c5d25f4dc7ee5a9f29804f588521138c21.json,unknown,rtx-pro-6000,other:odirect_shadow,odirect,unknown,io_process_v2,unknown,,2,134217728,persistent_fds,staged_safetensors=0;staged_source_order=0;native_fast_disk_unet=1;clip_staged_hydration=0;unet_pinned_staging=0;checkpoint_prewarm=0,unknown,unknown,,,,,20096.678,,,,,,,,,true,snapshot_identity=0fd1b11e48ecd66c9e70554745c0d5fd60aa11e2391973528516ce7bae7847dd,,,.slim/worktrees/odirect-shadow-sep14/.v2ctl/evidence/odirect_shadow_derived_event_table_36cc4611.csv
6abca366dc3d:1,1,clip,45856,134217728,1695.101801,253.498764,12.365930,0.038340,0.038340,false,DIRECT_ERROR,.slim/worktrees/odirect-shadow-sep14/.v2ctl/evidence/odirect_shadow_derived_event_table_36cc4611.csv,derived_event_table,Per-read rows reconstructed from the only per-read telemetry table found (odirect shadow). Derived from raw child read events; no raw per-read event JSON located.,odirect-shadow-sep14,exp/odirect-shadow-sep14,02b623f0afc2e4a76dbdade060bea4abd7acc5c2,golden_p1_parallel_io_v2_c0_persistent_fds_preadv_sickness_v2_odirect_shadow,batch-sep14-odirect-shadow,Testing 1,36cc46111f774ca110a1e212a91c51c5d25f4dc7ee5a9f29804f588521138c21|receipt_3_36cc46111f774ca110a1e212a91c51c5d25f4dc7ee5a9f29804f588521138c21.json,unknown,rtx-pro-6000,other:odirect_shadow,odirect,unknown,io_process_v2,unknown,,2,134217728,persistent_fds,staged_safetensors=0;staged_source_order=0;native_fast_disk_unet=1;clip_staged_hydration=0;unet_pinned_staging=0;checkpoint_prewarm=0,unknown,unknown,,,,,24142.622,,,,,,,,,true,snapshot_identity=0fd1b11e48ecd66c9e70554745c0d5fd60aa11e2391973528516ce7bae7847dd,,classification=DIRECT_ERROR,.slim/worktrees/odirect-shadow-sep14/.v2ctl/evidence/odirect_shadow_derived_event_table_36cc4611.csv
6abca366dc3d:65,65,unet,134266656,134217728,272.559886,250.725996,15.169270,0.063970,0.063970,false,DIRECT_ERROR,.slim/worktrees/odirect-shadow-sep14/.v2ctl/evidence/odirect_shadow_derived_event_table_36cc4611.csv,derived_event_table,Per-read rows reconstructed from the only per-read telemetry table found (odirect shadow). Derived from raw child read events; no raw per-read event JSON located.,odirect-shadow-sep14,exp/odirect-shadow-sep14,02b623f0afc2e4a76dbdade060bea4abd7acc5c2,golden_p1_parallel_io_v2_c0_persistent_fds_preadv_sickness_v2_odirect_shadow,batch-sep14-odirect-shadow,Testing 1,36cc46111f774ca110a1e212a91c51c5d25f4dc7ee5a9f29804f588521138c21|receipt_3_36cc46111f774ca110a1e212a91c51c5d25f4dc7ee5a9f29804f588521138c21.json,unknown,rtx-pro-6000,other:odirect_shadow,odirect,unknown,io_process_v2,unknown,,2,134217728,persistent_fds,staged_safetensors=0;staged_source_order=0;native_fast_disk_unet=1;clip_staged_hydration=0;unet_pinned_staging=0;checkpoint_prewarm=0,unknown,unknown,,,,,24142.622,,,,,,,,,true,snapshot_identity=0fd1b11e48ecd66c9e70554745c0d5fd60aa11e2391973528516ce7bae7847dd,,classification=DIRECT_ERROR,.slim/worktrees/odirect-shadow-sep14/.v2ctl/evidence/odirect_shadow_derived_event_table_36cc4611.csv
6abca366dc3d:79,79,unet,536919840,134217728,270.850257,252.557877,18.026330,0.021120,0.021120,false,DIRECT_ERROR,.slim/worktrees/odirect-shadow-sep14/.v2ctl/evidence/odirect_shadow_derived_event_table_36cc4611.csv,derived_event_table,Per-read rows reconstructed from the only per-read telemetry table found (odirect shadow). Derived from raw child read events; no raw per-read event JSON located.,odirect-shadow-sep14,exp/odirect-shadow-sep14,02b623f0afc2e4a76dbdade060bea4abd7acc5c2,golden_p1_parallel_io_v2_c0_persistent_fds_preadv_sickness_v2_odirect_shadow,batch-sep14-odirect-shadow,Testing 1,36cc46111f774ca110a1e212a91c51c5d25f4dc7ee5a9f29804f588521138c21|receipt_3_36cc46111f774ca110a1e212a91c51c5d25f4dc7ee5a9f29804f588521138c21.json,unknown,rtx-pro-6000,other:odirect_shadow,odirect,unknown,io_process_v2,unknown,,2,134217728,persistent_fds,staged_safetensors=0;staged_source_order=0;native_fast_disk_unet=1;clip_staged_hydration=0;unet_pinned_staging=0;checkpoint_prewarm=0,unknown,unknown,,,,,24142.622,,,,,,,,,true,snapshot_identity=0fd1b11e48ecd66c9e70554745c0d5fd60aa11e2391973528516ce7bae7847dd,,classification=DIRECT_ERROR,.slim/worktrees/odirect-shadow-sep14/.v2ctl/evidence/odirect_shadow_derived_event_table_36cc4611.csv
5d1684d9f089:14,14,clip,805352224,134217728,2698.560086,257.074057,12.308432,0.041740,0.041740,false,DIRECT_ERROR,.slim/worktrees/odirect-shadow-sep14/.v2ctl/evidence/odirect_shadow_derived_event_table_36cc4611.csv,derived_event_table,Per-read rows reconstructed from the only per-read telemetry table found (odirect shadow). Derived from raw child read events; no raw per-read event JSON located.,odirect-shadow-sep14,exp/odirect-shadow-sep14,02b623f0afc2e4a76dbdade060bea4abd7acc5c2,golden_p1_parallel_io_v2_c0_persistent_fds_preadv_sickness_v2_odirect_shadow,batch-sep14-odirect-shadow,Testing 1,36cc46111f774ca110a1e212a91c51c5d25f4dc7ee5a9f29804f588521138c21|receipt_3_36cc46111f774ca110a1e212a91c51c5d25f4dc7ee5a9f29804f588521138c21.json,unknown,rtx-pro-6000,other:odirect_shadow,odirect,unknown,io_process_v2,unknown,,2,134217728,persistent_fds,staged_safetensors=0;staged_source_order=0;native_fast_disk_unet=1;clip_staged_hydration=0;unet_pinned_staging=0;checkpoint_prewarm=0,unknown,unknown,,,,,41290.969,,,,,,,,,true,snapshot_identity=0fd1b11e48ecd66c9e70554745c0d5fd60aa11e2391973528516ce7bae7847dd,,classification=DIRECT_ERROR,.slim/worktrees/odirect-shadow-sep14/.v2ctl/evidence/odirect_shadow_derived_event_table_36cc4611.csv
5d1684d9f089:72,72,unet,671137568,134217728,358.115635,250.684563,10.811603,0.019600,0.019600,false,DIRECT_ERROR,.slim/worktrees/odirect-shadow-sep14/.v2ctl/evidence/odirect_shadow_derived_event_table_36cc4611.csv,derived_event_table,Per-read rows reconstructed from the only per-read telemetry table found (odirect shadow). Derived from raw child read events; no raw per-read event JSON located.,odirect-shadow-sep14,exp/odirect-shadow-sep14,02b623f0afc2e4a76dbdade060bea4abd7acc5c2,golden_p1_parallel_io_v2_c0_persistent_fds_preadv_sickness_v2_odirect_shadow,batch-sep14-odirect-shadow,Testing 1,36cc46111f774ca110a1e212a91c51c5d25f4dc7ee5a9f29804f588521138c21|receipt_3_36cc46111f774ca110a1e212a91c51c5d25f4dc7ee5a9f29804f588521138c21.json,unknown,rtx-pro-6000,other:odirect_shadow,odirect,unknown,io_process_v2,unknown,,2,134217728,persistent_fds,staged_safetensors=0;staged_source_order=0;native_fast_disk_unet=1;clip_staged_hydration=0;unet_pinned_staging=0;checkpoint_prewarm=0,unknown,unknown,,,,,41290.969,,,,,,,,,true,snapshot_identity=0fd1b11e48ecd66c9e70554745c0d5fd60aa11e2391973528516ce7bae7847dd,,classification=DIRECT_ERROR,.slim/worktrees/odirect-shadow-sep14/.v2ctl/evidence/odirect_shadow_derived_event_table_36cc4611.csv
5d1684d9f089:80,80,unet,7650459424,134217728,341.294166,254.438891,85.764386,0.801069,0.801069,false,DIRECT_ERROR,.slim/worktrees/odirect-shadow-sep14/.v2ctl/evidence/odirect_shadow_derived_event_table_36cc4611.csv,derived_event_table,Per-read rows reconstructed from the only per-read telemetry table found (odirect shadow). Derived from raw child read events; no raw per-read event JSON located.,odirect-shadow-sep14,exp/odirect-shadow-sep14,02b623f0afc2e4a76dbdade060bea4abd7acc5c2,golden_p1_parallel_io_v2_c0_persistent_fds_preadv_sickness_v2_odirect_shadow,batch-sep14-odirect-shadow,Testing 1,36cc46111f774ca110a1e212a91c51c5d25f4dc7ee5a9f29804f588521138c21|receipt_3_36cc46111f774ca110a1e212a91c51c5d25f4dc7ee5a9f29804f588521138c21.json,unknown,rtx-pro-6000,other:odirect_shadow,odirect,unknown,io_process_v2,unknown,,2,134217728,persistent_fds,staged_safetensors=0;staged_source_order=0;native_fast_disk_unet=1;clip_staged_hydration=0;unet_pinned_staging=0;checkpoint_prewarm=0,unknown,unknown,,,,,41290.969,,,,,,,,,true,snapshot_identity=0fd1b11e48ecd66c9e70554745c0d5fd60aa11e2391973528516ce7bae7847dd,,classification=DIRECT_ERROR,.slim/worktrees/odirect-shadow-sep14/.v2ctl/evidence/odirect_shadow_derived_event_table_36cc4611.csv
5d1684d9f089:90,90,unet,7784677152,134217728,321.555147,257.081558,55.832935,8.418854,8.418854,true,SHARED_STALL,.slim/worktrees/odirect-shadow-sep14/.v2ctl/evidence/odirect_shadow_derived_event_table_36cc4611.csv,derived_event_table,Per-read rows reconstructed from the only per-read telemetry table found (odirect shadow). Derived from raw child read events; no raw per-read event JSON located.,odirect-shadow-sep14,exp/odirect-shadow-sep14,02b623f0afc2e4a76dbdade060bea4abd7acc5c2,golden_p1_parallel_io_v2_c0_persistent_fds_preadv_sickness_v2_odirect_shadow,batch-sep14-odirect-shadow,Testing 1,36cc46111f774ca110a1e212a91c51c5d25f4dc7ee5a9f29804f588521138c21|receipt_3_36cc46111f774ca110a1e212a91c51c5d25f4dc7ee5a9f29804f588521138c21.json,unknown,rtx-pro-6000,other:odirect_shadow,odirect,unknown,io_process_v2,unknown,,2,134217728,persistent_fds,staged_safetensors=0;staged_source_order=0;native_fast_disk_unet=1;clip_staged_hydration=0;unet_pinned_staging=0;checkpoint_prewarm=0,unknown,unknown,,,,,41290.969,,,,,,,,,true,snapshot_identity=0fd1b11e48ecd66c9e70554745c0d5fd60aa11e2391973528516ce7bae7847dd,,,.slim/worktrees/odirect-shadow-sep14/.v2ctl/evidence/odirect_shadow_derived_event_table_36cc4611.csv
6b82ec830bca:62,62,unet,48928,134217728,1231.244364,255.099561,26.858545,0.036660,0.036660,true,SHARED_STALL,.slim/worktrees/odirect-shadow-sep14/.v2ctl/evidence/odirect_shadow_derived_event_table_36cc4611.csv,derived_event_table,Per-read rows reconstructed from the only per-read telemetry table found (odirect shadow). Derived from raw child read events; no raw per-read event JSON located.,odirect-shadow-sep14,exp/odirect-shadow-sep14,02b623f0afc2e4a76dbdade060bea4abd7acc5c2,golden_p1_parallel_io_v2_c0_persistent_fds_preadv_sickness_v2_odirect_shadow,batch-sep14-odirect-shadow,Testing 1,36cc46111f774ca110a1e212a91c51c5d25f4dc7ee5a9f29804f588521138c21|receipt_3_36cc46111f774ca110a1e212a91c51c5d25f4dc7ee5a9f29804f588521138c21.json,unknown,rtx-pro-6000,other:odirect_shadow,odirect,unknown,io_process_v2,unknown,,2,134217728,persistent_fds,staged_safetensors=0;staged_source_order=0;native_fast_disk_unet=1;clip_staged_hydration=0;unet_pinned_staging=0;checkpoint_prewarm=0,unknown,unknown,,,,,36886.823,,,,,,,,,true,snapshot_identity=0fd1b11e48ecd66c9e70554745c0d5fd60aa11e2391973528516ce7bae7847dd,,,.slim/worktrees/odirect-shadow-sep14/.v2ctl/evidence/odirect_shadow_derived_event_table_36cc4611.csv
6b82ec830bca:65,65,unet,134266656,134217728,542.233548,259.928935,274.505818,7.529661,7.529661,true,SHARED_STALL,.slim/worktrees/odirect-shadow-sep14/.v2ctl/evidence/odirect_shadow_derived_event_table_36cc4611.csv,derived_event_table,Per-read rows reconstructed from the only per-read telemetry table found (odirect shadow). Derived from raw child read events; no raw per-read event JSON located.,odirect-shadow-sep14,exp/odirect-shadow-sep14,02b623f0afc2e4a76dbdade060bea4abd7acc5c2,golden_p1_parallel_io_v2_c0_persistent_fds_preadv_sickness_v2_odirect_shadow,batch-sep14-odirect-shadow,Testing 1,36cc46111f774ca110a1e212a91c51c5d25f4dc7ee5a9f29804f588521138c21|receipt_3_36cc46111f774ca110a1e212a91c51c5d25f4dc7ee5a9f29804f588521138c21.json,unknown,rtx-pro-6000,other:odirect_shadow,odirect,unknown,io_process_v2,unknown,,2,134217728,persistent_fds,staged_safetensors=0;staged_source_order=0;native_fast_disk_unet=1;clip_staged_hydration=0;unet_pinned_staging=0;checkpoint_prewarm=0,unknown,unknown,,,,,36886.823,,,,,,,,,true,snapshot_identity=0fd1b11e48ecd66c9e70554745c0d5fd60aa11e2391973528516ce7bae7847dd,,,.slim/worktrees/odirect-shadow-sep14/.v2ctl/evidence/odirect_shadow_derived_event_table_36cc4611.csv
6b82ec830bca:156,156,vae,167665022,100796090,318.586934,260.594479,18.839715,-18.486096,-18.486096,true,SHARED_STALL,.slim/worktrees/odirect-shadow-sep14/.v2ctl/evidence/odirect_shadow_derived_event_table_36cc4611.csv,derived_event_table,Per-read rows reconstructed from the only per-read telemetry table found (odirect shadow). Derived from raw child read events; no raw per-read event JSON located.,odirect-shadow-sep14,exp/odirect-shadow-sep14,02b623f0afc2e4a76dbdade060bea4abd7acc5c2,golden_p1_parallel_io_v2_c0_persistent_fds_preadv_sickness_v2_odirect_shadow,batch-sep14-odirect-shadow,Testing 1,36cc46111f774ca110a1e212a91c51c5d25f4dc7ee5a9f29804f588521138c21|receipt_3_36cc46111f774ca110a1e212a91c51c5d25f4dc7ee5a9f29804f588521138c21.json,unknown,rtx-pro-6000,other:odirect_shadow,odirect,unknown,io_process_v2,unknown,,2,100796090,persistent_fds,staged_safetensors=0;staged_source_order=0;native_fast_disk_unet=1;clip_staged_hydration=0;unet_pinned_staging=0;checkpoint_prewarm=0,unknown,unknown,,,,,36886.823,,,,,,,,,true,snapshot_identity=0fd1b11e48ecd66c9e70554745c0d5fd60aa11e2391973528516ce7bae7847dd,,,.slim/worktrees/odirect-shadow-sep14/.v2ctl/evidence/odirect_shadow_derived_event_table_36cc4611.csv
