"candidate_id","run_dir","request_id","deploy_fingerprint16","provider_region","runtime_status","telemetry_event","emitter_location","start_condition","end_condition","raw_value_ms","reported_duration_ms","independently_derived_ms","nested_intervals","includes_wait","waited_on_condition","wait_owner","candidate_owned_prereq_before_interval","candidate_owned_required_after_interval","overlaps_other_interval","unrelated_work_inside","MEASURED_OPERATION_COMPLETENESS","GOLDEN_PART_COMPLETENESS","CONTAMINATION","evidence_tier","artifact_path"
"C-R43","v2_2026-08-23_20-08-03","v2-benchmark-0-dace7f4ce71d","7417db68f7dda739","AWS/us-east-2","DEGRADED","cpm.restore_total_ms","modal_app.py:10456(perf_start)->11923-11926(stamp); host cpm derivation","_restore_perf_start(modal_app.py:10456)","stamp in _do_restore_finalization(:11923)","912.21","912.21","1005.869","yes:snapshot_restore/restore_gpu_state/cuda_init children","no explicit sleep/poll on path","n/a","n/a","eviction/lazy-init/frozen-manifest/clip-demand-install occur BEFORE perf_start (excluded from timer)","return-tail(marker/prints/GPU-detect)+method-entry seam excluded from timer","background folder-warm+cgroup sampler launched inside, continue after return","observability probes/advisory warm launch inside(ms-scale); CUDA driver init inside(owned dependency)","PARTIAL_FOR_MEASURED_OPERATION","PARTIAL","MIXED","RAW","ComfyUI\comfymodal-data\benchmarks\runs\v2_2026-08-23_20-08-03\run_001_sample.json (+run_0.json)"
"C-R43","v2_2026-08-23_20-08-03","v2-benchmark-0-dace7f4ce71d","7417db68f7dda739","AWS/us-east-2","DEGRADED","snapshot_restore_ms(stage_durations)","runtime_bootstrap.py:2007(snapshot_restore_start)->2478(snapshot_restore_end)","bootstrap.restore() metadata capture","host fingerprint + snapshot_restore_end","873.2","","","yes:gpu_state/cuda_init/reload timers inside","no explicit wait; volume reload only if invoked(not invoked here)","n/a","n/a","identity/configure_runtime precede within restore_total","finalize segment follows within restore_total","no","none proven","TOTAL_FOR_MEASURED_OPERATION","PARTIAL","NONE_PROVEN","RAW","ComfyUI\comfymodal-data\benchmarks\runs\v2_2026-08-23_20-08-03\run_001_sample.json (+run_0.json)"
"C-R43","v2_2026-08-23_20-08-03","v2-benchmark-0-dace7f4ce71d","7417db68f7dda739","AWS/us-east-2","DEGRADED","restore_gpu_state_ms(variance_stage)","runtime_bootstrap.py:2025-2033 variance_stage(restore_gpu_state)","restore_gpu_state_start event","restore_gpu_state_end event","249.324","","","no","no explicit wait","n/a","n/a","inside bootstrap inside restore_total","","no","none proven","TOTAL_FOR_MEASURED_OPERATION","PARTIAL","NONE_PROVEN","RAW","ComfyUI\comfymodal-data\benchmarks\runs\v2_2026-08-23_20-08-03\run_001_sample.json (+run_0.json)"
"C-R43","v2_2026-08-23_20-08-03","v2-benchmark-0-dace7f4ce71d","7417db68f7dda739","AWS/us-east-2","DEGRADED","cuda_init_ms(variance_stage)","runtime_bootstrap.py:2036-2053 variance_stage(cuda_init)","cuda_init_start event","cuda_init_end event","156.07","","","no","time spent inside driver/platform context creation","CUDA context init","owned dependency(contractual)","inside bootstrap inside restore_total","","no","producer of long draw UNIDENTIFIED","TOTAL_FOR_MEASURED_OPERATION","PARTIAL","UNKNOWN","RAW","ComfyUI\comfymodal-data\benchmarks\runs\v2_2026-08-23_20-08-03\run_001_sample.json (+run_0.json)"
"C-R43","v2_2026-08-23_20-08-03","v2-benchmark-0-dace7f4ce71d","7417db68f7dda739","AWS/us-east-2","DEGRADED","reload_runtime_state_ms / reload_models_ms","runtime_bootstrap.py:2156-2244 decision+variance_stage; merged modal_app.py:11952-11970","decision gate entry","skip on generation match(fail-closed else reload)","0.0","","","no","network Volume reload WOULD be external blocking if invoked","not invoked on this run","owned obligation when invoked","inside bootstrap","","no","skipped_generation_match/not_invoked decisions recorded","TOTAL_FOR_MEASURED_OPERATION","PARTIAL","NONE_PROVEN","RAW","ComfyUI\comfymodal-data\benchmarks\runs\v2_2026-08-23_20-08-03\run_001_sample.json (+run_0.json)"
"C-R43","v2_2026-08-23_20-08-03","v2-benchmark-0-dace7f4ce71d","7417db68f7dda739","AWS/us-east-2","DEGRADED","cpm.remote_python_resume_to_restore_start_ms","host cpm metric derived from canonical-ledger endpoints","remote_python_resume point","derived restore_start point(equals resume by construction)","0.0","","","no","misleading if read as timer start; remote perf_start is later(proven via wall-gap)","n/a","platform","","","host-side derivation only","","TOTAL_FOR_MEASURED_OPERATION","PARTIAL","NONE_PROVEN","RAW","ComfyUI\comfymodal-data\benchmarks\runs\v2_2026-08-23_20-08-03\run_001_sample.json (+run_0.json)"
"C-R43","v2_2026-08-23_20-08-03","v2-benchmark-0-dace7f4ce71d","7417db68f7dda739","AWS/us-east-2","DEGRADED","cpm.restore_to_method_entry_ms","host cpm metric derived from canonical-ledger endpoints","restore() return(dict handed to Modal)","run_plan_stream method entry","30.845","","","no","Modal method-dispatch gap","method dispatch","Modal platform(unowned by restore code)","","request-part setup follows","seam belongs to neither part timer today","","TOTAL_FOR_MEASURED_OPERATION","UNKNOWN","EXTERNAL_BLOCKING","RAW","ComfyUI\comfymodal-data\benchmarks\runs\v2_2026-08-23_20-08-03\run_001_sample.json (+run_0.json)"
"C-R43","v2_2026-08-23_20-08-03","v2-benchmark-0-dace7f4ce71d","7417db68f7dda739","AWS/us-east-2","DEGRADED","cpm.command_start_to_python_resume_ms(domain A)","host cpm metric derived from canonical-ledger endpoints","local command start","first executable Python line of restore()","15096.595","","","no","provisioning/scheduling/snapshot-materialization wait","Modal platform readiness","Modal platform","","","excluded from every restore timer by design","","TOTAL_FOR_MEASURED_OPERATION","PARTIAL","EXTERNAL_BLOCKING","RAW","ComfyUI\comfymodal-data\benchmarks\runs\v2_2026-08-23_20-08-03\run_001_sample.json (+run_0.json)"
"C-R43","v2_2026-08-23_20-08-03","v2-benchmark-0-dace7f4ce71d","7417db68f7dda739","AWS/us-east-2","DEGRADED","cpm.submission_to_remote_python_resume_ms(domain A)","host cpm metric derived from canonical-ledger endpoints","submission","first Python line","5564.686","","","no","queue+scheduling wait","Modal platform readiness","Modal platform","","","never add to internal restore intervals","","TOTAL_FOR_MEASURED_OPERATION","PARTIAL","EXTERNAL_BLOCKING","RAW","ComfyUI\comfymodal-data\benchmarks\runs\v2_2026-08-23_20-08-03\run_001_sample.json (+run_0.json)"
"C-R43","v2_2026-08-23_20-08-03","v2-benchmark-0-dace7f4ce71d","7417db68f7dda739","AWS/us-east-2","DEGRADED","cpm.first_remote_event_to_final_result_ms","host cpm metric derived from canonical-ledger endpoints","first remote event","final result durable","21382.192","","","multi-owner span","request execution incl CLIP/UNET/VAE/output transport","n/a","request part","","durable-write transport follows outside restore domain","overlaps executor spans","crosses restore boundary; multi-owner","TOTAL_FOR_MEASURED_OPERATION","PARTIAL","MIXED","RAW","ComfyUI\comfymodal-data\benchmarks\runs\v2_2026-08-23_20-08-03\run_001_sample.json (+run_0.json)"
"C-R43","v2_2026-08-23_20-08-03","v2-benchmark-0-dace7f4ce71d","7417db68f7dda739","AWS/us-east-2","DEGRADED","snapshot_callback_age_at_restore_ms","modal_app.py:10274-10288 callback-age marker","snapshot callback return marker(cross-process check)","restore-time read of marker age","323002.936","","","state_metric not interval","n/a","n/a","n/a","capture-state debt carried INTO restore","","covariate for cross-era comparability; not additive","","TOTAL_FOR_MEASURED_OPERATION","UNKNOWN","NONE_PROVEN","RAW","ComfyUI\comfymodal-data\benchmarks\runs\v2_2026-08-23_20-08-03\run_001_sample.json (+run_0.json)"
"C-R43","v2_2026-08-23_20-44-03","v2-benchmark-0-d8923df1df3e","02ab046e2777f53e","AWS/us-east-2","NOMINAL","cpm.restore_total_ms","modal_app.py:10456(perf_start)->11923-11926(stamp); host cpm derivation","_restore_perf_start(modal_app.py:10456)","stamp in _do_restore_finalization(:11923)","1513.022","1513.022","1809.907","yes:snapshot_restore/restore_gpu_state/cuda_init children","no explicit sleep/poll on path","n/a","n/a","eviction/lazy-init/frozen-manifest/clip-demand-install occur BEFORE perf_start (excluded from timer)","return-tail(marker/prints/GPU-detect)+method-entry seam excluded from timer","background folder-warm+cgroup sampler launched inside, continue after return","observability probes/advisory warm launch inside(ms-scale); CUDA driver init inside(owned dependency)","PARTIAL_FOR_MEASURED_OPERATION","PARTIAL","MIXED","RAW","ComfyUI\comfymodal-data\benchmarks\runs\v2_2026-08-23_20-44-03\run_001_sample.json (+run_0.json)"
"C-R43","v2_2026-08-23_20-44-03","v2-benchmark-0-d8923df1df3e","02ab046e2777f53e","AWS/us-east-2","NOMINAL","snapshot_restore_ms(stage_durations)","runtime_bootstrap.py:2007(snapshot_restore_start)->2478(snapshot_restore_end)","bootstrap.restore() metadata capture","host fingerprint + snapshot_restore_end","1479.03","","","yes:gpu_state/cuda_init/reload timers inside","no explicit wait; volume reload only if invoked(not invoked here)","n/a","n/a","identity/configure_runtime precede within restore_total","finalize segment follows within restore_total","no","none proven","TOTAL_FOR_MEASURED_OPERATION","PARTIAL","NONE_PROVEN","RAW","ComfyUI\comfymodal-data\benchmarks\runs\v2_2026-08-23_20-44-03\run_001_sample.json (+run_0.json)"
"C-R43","v2_2026-08-23_20-44-03","v2-benchmark-0-d8923df1df3e","02ab046e2777f53e","AWS/us-east-2","NOMINAL","restore_gpu_state_ms(variance_stage)","runtime_bootstrap.py:2025-2033 variance_stage(restore_gpu_state)","restore_gpu_state_start event","restore_gpu_state_end event","379.183","","","no","no explicit wait","n/a","n/a","inside bootstrap inside restore_total","","no","none proven","TOTAL_FOR_MEASURED_OPERATION","PARTIAL","NONE_PROVEN","RAW","ComfyUI\comfymodal-data\benchmarks\runs\v2_2026-08-23_20-44-03\run_001_sample.json (+run_0.json)"
"C-R43","v2_2026-08-23_20-44-03","v2-benchmark-0-d8923df1df3e","02ab046e2777f53e","AWS/us-east-2","NOMINAL","cuda_init_ms(variance_stage)","runtime_bootstrap.py:2036-2053 variance_stage(cuda_init)","cuda_init_start event","cuda_init_end event","630.84","","","no","time spent inside driver/platform context creation","CUDA context init","owned dependency(contractual)","inside bootstrap inside restore_total","","no","producer of long draw UNIDENTIFIED","TOTAL_FOR_MEASURED_OPERATION","PARTIAL","UNKNOWN","RAW","ComfyUI\comfymodal-data\benchmarks\runs\v2_2026-08-23_20-44-03\run_001_sample.json (+run_0.json)"
"C-R43","v2_2026-08-23_20-44-03","v2-benchmark-0-d8923df1df3e","02ab046e2777f53e","AWS/us-east-2","NOMINAL","reload_runtime_state_ms / reload_models_ms","runtime_bootstrap.py:2156-2244 decision+variance_stage; merged modal_app.py:11952-11970","decision gate entry","skip on generation match(fail-closed else reload)","0.0","","","no","network Volume reload WOULD be external blocking if invoked","not invoked on this run","owned obligation when invoked","inside bootstrap","","no","skipped_generation_match/not_invoked decisions recorded","TOTAL_FOR_MEASURED_OPERATION","PARTIAL","NONE_PROVEN","RAW","ComfyUI\comfymodal-data\benchmarks\runs\v2_2026-08-23_20-44-03\run_001_sample.json (+run_0.json)"
"C-R43","v2_2026-08-23_20-44-03","v2-benchmark-0-d8923df1df3e","02ab046e2777f53e","AWS/us-east-2","NOMINAL","cpm.remote_python_resume_to_restore_start_ms","host cpm metric derived from canonical-ledger endpoints","remote_python_resume point","derived restore_start point(equals resume by construction)","0.0","","","no","misleading if read as timer start; remote perf_start is later(proven via wall-gap)","n/a","platform","","","host-side derivation only","","TOTAL_FOR_MEASURED_OPERATION","PARTIAL","NONE_PROVEN","RAW","ComfyUI\comfymodal-data\benchmarks\runs\v2_2026-08-23_20-44-03\run_001_sample.json (+run_0.json)"
"C-R43","v2_2026-08-23_20-44-03","v2-benchmark-0-d8923df1df3e","02ab046e2777f53e","AWS/us-east-2","NOMINAL","cpm.restore_to_method_entry_ms","host cpm metric derived from canonical-ledger endpoints","restore() return(dict handed to Modal)","run_plan_stream method entry","25.864","","","no","Modal method-dispatch gap","method dispatch","Modal platform(unowned by restore code)","","request-part setup follows","seam belongs to neither part timer today","","TOTAL_FOR_MEASURED_OPERATION","UNKNOWN","EXTERNAL_BLOCKING","RAW","ComfyUI\comfymodal-data\benchmarks\runs\v2_2026-08-23_20-44-03\run_001_sample.json (+run_0.json)"
"C-R43","v2_2026-08-23_20-44-03","v2-benchmark-0-d8923df1df3e","02ab046e2777f53e","AWS/us-east-2","NOMINAL","cpm.command_start_to_python_resume_ms(domain A)","host cpm metric derived from canonical-ledger endpoints","local command start","first executable Python line of restore()","23128.809","","","no","provisioning/scheduling/snapshot-materialization wait","Modal platform readiness","Modal platform","","","excluded from every restore timer by design","","TOTAL_FOR_MEASURED_OPERATION","PARTIAL","EXTERNAL_BLOCKING","RAW","ComfyUI\comfymodal-data\benchmarks\runs\v2_2026-08-23_20-44-03\run_001_sample.json (+run_0.json)"
"C-R43","v2_2026-08-23_20-44-03","v2-benchmark-0-d8923df1df3e","02ab046e2777f53e","AWS/us-east-2","NOMINAL","cpm.submission_to_remote_python_resume_ms(domain A)","host cpm metric derived from canonical-ledger endpoints","submission","first Python line","5123.347","","","no","queue+scheduling wait","Modal platform readiness","Modal platform","","","never add to internal restore intervals","","TOTAL_FOR_MEASURED_OPERATION","PARTIAL","EXTERNAL_BLOCKING","RAW","ComfyUI\comfymodal-data\benchmarks\runs\v2_2026-08-23_20-44-03\run_001_sample.json (+run_0.json)"
"C-R43","v2_2026-08-23_20-44-03","v2-benchmark-0-d8923df1df3e","02ab046e2777f53e","AWS/us-east-2","NOMINAL","cpm.first_remote_event_to_final_result_ms","host cpm metric derived from canonical-ledger endpoints","first remote event","final result durable","22541.517","","","multi-owner span","request execution incl CLIP/UNET/VAE/output transport","n/a","request part","","durable-write transport follows outside restore domain","overlaps executor spans","crosses restore boundary; multi-owner","TOTAL_FOR_MEASURED_OPERATION","PARTIAL","MIXED","RAW","ComfyUI\comfymodal-data\benchmarks\runs\v2_2026-08-23_20-44-03\run_001_sample.json (+run_0.json)"
"C-R43","v2_2026-08-23_20-44-03","v2-benchmark-0-d8923df1df3e","02ab046e2777f53e","AWS/us-east-2","NOMINAL","snapshot_callback_age_at_restore_ms","modal_app.py:10274-10288 callback-age marker","snapshot callback return marker(cross-process check)","restore-time read of marker age","192356.207","","","state_metric not interval","n/a","n/a","n/a","capture-state debt carried INTO restore","","covariate for cross-era comparability; not additive","","TOTAL_FOR_MEASURED_OPERATION","UNKNOWN","NONE_PROVEN","RAW","ComfyUI\comfymodal-data\benchmarks\runs\v2_2026-08-23_20-44-03\run_001_sample.json (+run_0.json)"
"C-R43","v2_2026-08-23_20-53-40","v2-benchmark-0-563fc90ea2cd","02ab046e2777f53e","AWS/us-east-2","NOMINAL","cpm.restore_total_ms","modal_app.py:10456(perf_start)->11923-11926(stamp); host cpm derivation","_restore_perf_start(modal_app.py:10456)","stamp in _do_restore_finalization(:11923)","696.779","696.779","852.222","yes:snapshot_restore/restore_gpu_state/cuda_init children","no explicit sleep/poll on path","n/a","n/a","eviction/lazy-init/frozen-manifest/clip-demand-install occur BEFORE perf_start (excluded from timer)","return-tail(marker/prints/GPU-detect)+method-entry seam excluded from timer","background folder-warm+cgroup sampler launched inside, continue after return","observability probes/advisory warm launch inside(ms-scale); CUDA driver init inside(owned dependency)","PARTIAL_FOR_MEASURED_OPERATION","PARTIAL","MIXED","RAW","ComfyUI\comfymodal-data\benchmarks\runs\v2_2026-08-23_20-53-40\run_001_sample.json (+run_0.json)"
"C-R43","v2_2026-08-23_20-53-40","v2-benchmark-0-563fc90ea2cd","02ab046e2777f53e","AWS/us-east-2","NOMINAL","snapshot_restore_ms(stage_durations)","runtime_bootstrap.py:2007(snapshot_restore_start)->2478(snapshot_restore_end)","bootstrap.restore() metadata capture","host fingerprint + snapshot_restore_end","583.59","","","yes:gpu_state/cuda_init/reload timers inside","no explicit wait; volume reload only if invoked(not invoked here)","n/a","n/a","identity/configure_runtime precede within restore_total","finalize segment follows within restore_total","no","none proven","TOTAL_FOR_MEASURED_OPERATION","PARTIAL","NONE_PROVEN","RAW","ComfyUI\comfymodal-data\benchmarks\runs\v2_2026-08-23_20-53-40\run_001_sample.json (+run_0.json)"
"C-R43","v2_2026-08-23_20-53-40","v2-benchmark-0-563fc90ea2cd","02ab046e2777f53e","AWS/us-east-2","NOMINAL","restore_gpu_state_ms(variance_stage)","runtime_bootstrap.py:2025-2033 variance_stage(restore_gpu_state)","restore_gpu_state_start event","restore_gpu_state_end event","420.307","","","no","no explicit wait","n/a","n/a","inside bootstrap inside restore_total","","no","none proven","TOTAL_FOR_MEASURED_OPERATION","PARTIAL","NONE_PROVEN","RAW","ComfyUI\comfymodal-data\benchmarks\runs\v2_2026-08-23_20-53-40\run_001_sample.json (+run_0.json)"
"C-R43","v2_2026-08-23_20-53-40","v2-benchmark-0-563fc90ea2cd","02ab046e2777f53e","AWS/us-east-2","NOMINAL","cuda_init_ms(variance_stage)","runtime_bootstrap.py:2036-2053 variance_stage(cuda_init)","cuda_init_start event","cuda_init_end event","5.07","","","no","time spent inside driver/platform context creation","CUDA context init","owned dependency(contractual)","inside bootstrap inside restore_total","","no","","TOTAL_FOR_MEASURED_OPERATION","PARTIAL","NONE_PROVEN","RAW","ComfyUI\comfymodal-data\benchmarks\runs\v2_2026-08-23_20-53-40\run_001_sample.json (+run_0.json)"
"C-R43","v2_2026-08-23_20-53-40","v2-benchmark-0-563fc90ea2cd","02ab046e2777f53e","AWS/us-east-2","NOMINAL","reload_runtime_state_ms / reload_models_ms","runtime_bootstrap.py:2156-2244 decision+variance_stage; merged modal_app.py:11952-11970","decision gate entry","skip on generation match(fail-closed else reload)","0.0","","","no","network Volume reload WOULD be external blocking if invoked","not invoked on this run","owned obligation when invoked","inside bootstrap","","no","skipped_generation_match/not_invoked decisions recorded","TOTAL_FOR_MEASURED_OPERATION","PARTIAL","NONE_PROVEN","RAW","ComfyUI\comfymodal-data\benchmarks\runs\v2_2026-08-23_20-53-40\run_001_sample.json (+run_0.json)"
"C-R43","v2_2026-08-23_20-53-40","v2-benchmark-0-563fc90ea2cd","02ab046e2777f53e","AWS/us-east-2","NOMINAL","cpm.remote_python_resume_to_restore_start_ms","host cpm metric derived from canonical-ledger endpoints","remote_python_resume point","derived restore_start point(equals resume by construction)","0.0","","","no","misleading if read as timer start; remote perf_start is later(proven via wall-gap)","n/a","platform","","","host-side derivation only","","TOTAL_FOR_MEASURED_OPERATION","PARTIAL","NONE_PROVEN","RAW","ComfyUI\comfymodal-data\benchmarks\runs\v2_2026-08-23_20-53-40\run_001_sample.json (+run_0.json)"
"C-R43","v2_2026-08-23_20-53-40","v2-benchmark-0-563fc90ea2cd","02ab046e2777f53e","AWS/us-east-2","NOMINAL","cpm.restore_to_method_entry_ms","host cpm metric derived from canonical-ledger endpoints","restore() return(dict handed to Modal)","run_plan_stream method entry","41.99","","","no","Modal method-dispatch gap","method dispatch","Modal platform(unowned by restore code)","","request-part setup follows","seam belongs to neither part timer today","","TOTAL_FOR_MEASURED_OPERATION","UNKNOWN","EXTERNAL_BLOCKING","RAW","ComfyUI\comfymodal-data\benchmarks\runs\v2_2026-08-23_20-53-40\run_001_sample.json (+run_0.json)"
"C-R43","v2_2026-08-23_20-53-40","v2-benchmark-0-563fc90ea2cd","02ab046e2777f53e","AWS/us-east-2","NOMINAL","cpm.command_start_to_python_resume_ms(domain A)","host cpm metric derived from canonical-ledger endpoints","local command start","first executable Python line of restore()","11258.536","","","no","provisioning/scheduling/snapshot-materialization wait","Modal platform readiness","Modal platform","","","excluded from every restore timer by design","","TOTAL_FOR_MEASURED_OPERATION","PARTIAL","EXTERNAL_BLOCKING","RAW","ComfyUI\comfymodal-data\benchmarks\runs\v2_2026-08-23_20-53-40\run_001_sample.json (+run_0.json)"
"C-R43","v2_2026-08-23_20-53-40","v2-benchmark-0-563fc90ea2cd","02ab046e2777f53e","AWS/us-east-2","NOMINAL","cpm.submission_to_remote_python_resume_ms(domain A)","host cpm metric derived from canonical-ledger endpoints","submission","first Python line","4133.135","","","no","queue+scheduling wait","Modal platform readiness","Modal platform","","","never add to internal restore intervals","","TOTAL_FOR_MEASURED_OPERATION","PARTIAL","EXTERNAL_BLOCKING","RAW","ComfyUI\comfymodal-data\benchmarks\runs\v2_2026-08-23_20-53-40\run_001_sample.json (+run_0.json)"
"C-R43","v2_2026-08-23_20-53-40","v2-benchmark-0-563fc90ea2cd","02ab046e2777f53e","AWS/us-east-2","NOMINAL","cpm.first_remote_event_to_final_result_ms","host cpm metric derived from canonical-ledger endpoints","first remote event","final result durable","22199.923","","","multi-owner span","request execution incl CLIP/UNET/VAE/output transport","n/a","request part","","durable-write transport follows outside restore domain","overlaps executor spans","crosses restore boundary; multi-owner","TOTAL_FOR_MEASURED_OPERATION","PARTIAL","MIXED","RAW","ComfyUI\comfymodal-data\benchmarks\runs\v2_2026-08-23_20-53-40\run_001_sample.json (+run_0.json)"
"C-R43","v2_2026-08-23_20-53-40","v2-benchmark-0-563fc90ea2cd","02ab046e2777f53e","AWS/us-east-2","NOMINAL","snapshot_callback_age_at_restore_ms","modal_app.py:10274-10288 callback-age marker","snapshot callback return marker(cross-process check)","restore-time read of marker age","768969.515","","","state_metric not interval","n/a","n/a","n/a","capture-state debt carried INTO restore","","covariate for cross-era comparability; not additive","","TOTAL_FOR_MEASURED_OPERATION","UNKNOWN","NONE_PROVEN","RAW","ComfyUI\comfymodal-data\benchmarks\runs\v2_2026-08-23_20-53-40\run_001_sample.json (+run_0.json)"
"C-R43","v2_2026-08-23_20-54-39","v2-benchmark-0-e6d57f546156","02ab046e2777f53e","AWS/us-east-2","NOMINAL","cpm.restore_total_ms","modal_app.py:10456(perf_start)->11923-11926(stamp); host cpm derivation","_restore_perf_start(modal_app.py:10456)","stamp in _do_restore_finalization(:11923)","393.936","393.936","451.05","yes:snapshot_restore/restore_gpu_state/cuda_init children","no explicit sleep/poll on path","n/a","n/a","eviction/lazy-init/frozen-manifest/clip-demand-install occur BEFORE perf_start (excluded from timer)","return-tail(marker/prints/GPU-detect)+method-entry seam excluded from timer","background folder-warm+cgroup sampler launched inside, continue after return","observability probes/advisory warm launch inside(ms-scale); CUDA driver init inside(owned dependency)","PARTIAL_FOR_MEASURED_OPERATION","PARTIAL","MIXED","RAW","ComfyUI\comfymodal-data\benchmarks\runs\v2_2026-08-23_20-54-39\run_001_sample.json (+run_0.json)"
"C-R43","v2_2026-08-23_20-54-39","v2-benchmark-0-e6d57f546156","02ab046e2777f53e","AWS/us-east-2","NOMINAL","snapshot_restore_ms(stage_durations)","runtime_bootstrap.py:2007(snapshot_restore_start)->2478(snapshot_restore_end)","bootstrap.restore() metadata capture","host fingerprint + snapshot_restore_end","347.7","","","yes:gpu_state/cuda_init/reload timers inside","no explicit wait; volume reload only if invoked(not invoked here)","n/a","n/a","identity/configure_runtime precede within restore_total","finalize segment follows within restore_total","no","none proven","TOTAL_FOR_MEASURED_OPERATION","PARTIAL","NONE_PROVEN","RAW","ComfyUI\comfymodal-data\benchmarks\runs\v2_2026-08-23_20-54-39\run_001_sample.json (+run_0.json)"
"C-R43","v2_2026-08-23_20-54-39","v2-benchmark-0-e6d57f546156","02ab046e2777f53e","AWS/us-east-2","NOMINAL","restore_gpu_state_ms(variance_stage)","runtime_bootstrap.py:2025-2033 variance_stage(restore_gpu_state)","restore_gpu_state_start event","restore_gpu_state_end event","241.22","","","no","no explicit wait","n/a","n/a","inside bootstrap inside restore_total","","no","none proven","TOTAL_FOR_MEASURED_OPERATION","PARTIAL","NONE_PROVEN","RAW","ComfyUI\comfymodal-data\benchmarks\runs\v2_2026-08-23_20-54-39\run_001_sample.json (+run_0.json)"
"C-R43","v2_2026-08-23_20-54-39","v2-benchmark-0-e6d57f546156","02ab046e2777f53e","AWS/us-east-2","NOMINAL","cuda_init_ms(variance_stage)","runtime_bootstrap.py:2036-2053 variance_stage(cuda_init)","cuda_init_start event","cuda_init_end event","11.5","","","no","time spent inside driver/platform context creation","CUDA context init","owned dependency(contractual)","inside bootstrap inside restore_total","","no","","TOTAL_FOR_MEASURED_OPERATION","PARTIAL","NONE_PROVEN","RAW","ComfyUI\comfymodal-data\benchmarks\runs\v2_2026-08-23_20-54-39\run_001_sample.json (+run_0.json)"
"C-R43","v2_2026-08-23_20-54-39","v2-benchmark-0-e6d57f546156","02ab046e2777f53e","AWS/us-east-2","NOMINAL","reload_runtime_state_ms / reload_models_ms","runtime_bootstrap.py:2156-2244 decision+variance_stage; merged modal_app.py:11952-11970","decision gate entry","skip on generation match(fail-closed else reload)","0.0","","","no","network Volume reload WOULD be external blocking if invoked","not invoked on this run","owned obligation when invoked","inside bootstrap","","no","skipped_generation_match/not_invoked decisions recorded","TOTAL_FOR_MEASURED_OPERATION","PARTIAL","NONE_PROVEN","RAW","ComfyUI\comfymodal-data\benchmarks\runs\v2_2026-08-23_20-54-39\run_001_sample.json (+run_0.json)"
"C-R43","v2_2026-08-23_20-54-39","v2-benchmark-0-e6d57f546156","02ab046e2777f53e","AWS/us-east-2","NOMINAL","cpm.remote_python_resume_to_restore_start_ms","host cpm metric derived from canonical-ledger endpoints","remote_python_resume point","derived restore_start point(equals resume by construction)","0.0","","","no","misleading if read as timer start; remote perf_start is later(proven via wall-gap)","n/a","platform","","","host-side derivation only","","TOTAL_FOR_MEASURED_OPERATION","PARTIAL","NONE_PROVEN","RAW","ComfyUI\comfymodal-data\benchmarks\runs\v2_2026-08-23_20-54-39\run_001_sample.json (+run_0.json)"
"C-R43","v2_2026-08-23_20-54-39","v2-benchmark-0-e6d57f546156","02ab046e2777f53e","AWS/us-east-2","NOMINAL","cpm.restore_to_method_entry_ms","host cpm metric derived from canonical-ledger endpoints","restore() return(dict handed to Modal)","run_plan_stream method entry","49.546","","","no","Modal method-dispatch gap","method dispatch","Modal platform(unowned by restore code)","","request-part setup follows","seam belongs to neither part timer today","","TOTAL_FOR_MEASURED_OPERATION","UNKNOWN","EXTERNAL_BLOCKING","RAW","ComfyUI\comfymodal-data\benchmarks\runs\v2_2026-08-23_20-54-39\run_001_sample.json (+run_0.json)"
"C-R43","v2_2026-08-23_20-54-39","v2-benchmark-0-e6d57f546156","02ab046e2777f53e","AWS/us-east-2","NOMINAL","cpm.command_start_to_python_resume_ms(domain A)","host cpm metric derived from canonical-ledger endpoints","local command start","first executable Python line of restore()","9330.292","","","no","provisioning/scheduling/snapshot-materialization wait","Modal platform readiness","Modal platform","","","excluded from every restore timer by design","","TOTAL_FOR_MEASURED_OPERATION","PARTIAL","EXTERNAL_BLOCKING","RAW","ComfyUI\comfymodal-data\benchmarks\runs\v2_2026-08-23_20-54-39\run_001_sample.json (+run_0.json)"
"C-R43","v2_2026-08-23_20-54-39","v2-benchmark-0-e6d57f546156","02ab046e2777f53e","AWS/us-east-2","NOMINAL","cpm.submission_to_remote_python_resume_ms(domain A)","host cpm metric derived from canonical-ledger endpoints","submission","first Python line","3720.017","","","no","queue+scheduling wait","Modal platform readiness","Modal platform","","","never add to internal restore intervals","","TOTAL_FOR_MEASURED_OPERATION","PARTIAL","EXTERNAL_BLOCKING","RAW","ComfyUI\comfymodal-data\benchmarks\runs\v2_2026-08-23_20-54-39\run_001_sample.json (+run_0.json)"
"C-R43","v2_2026-08-23_20-54-39","v2-benchmark-0-e6d57f546156","02ab046e2777f53e","AWS/us-east-2","NOMINAL","cpm.first_remote_event_to_final_result_ms","host cpm metric derived from canonical-ledger endpoints","first remote event","final result durable","22523.639","","","multi-owner span","request execution incl CLIP/UNET/VAE/output transport","n/a","request part","","durable-write transport follows outside restore domain","overlaps executor spans","crosses restore boundary; multi-owner","TOTAL_FOR_MEASURED_OPERATION","PARTIAL","MIXED","RAW","ComfyUI\comfymodal-data\benchmarks\runs\v2_2026-08-23_20-54-39\run_001_sample.json (+run_0.json)"
"C-R43","v2_2026-08-23_20-54-39","v2-benchmark-0-e6d57f546156","02ab046e2777f53e","AWS/us-east-2","NOMINAL","snapshot_callback_age_at_restore_ms","modal_app.py:10274-10288 callback-age marker","snapshot callback return marker(cross-process check)","restore-time read of marker age","826778.633","","","state_metric not interval","n/a","n/a","n/a","capture-state debt carried INTO restore","","covariate for cross-era comparability; not additive","","TOTAL_FOR_MEASURED_OPERATION","UNKNOWN","NONE_PROVEN","RAW","ComfyUI\comfymodal-data\benchmarks\runs\v2_2026-08-23_20-54-39\run_001_sample.json (+run_0.json)"
"C-R43","v2_2026-08-23_20-55-38","v2-benchmark-0-572fc2022494","02ab046e2777f53e","AWS/us-east-2","NOMINAL","cpm.restore_total_ms","modal_app.py:10456(perf_start)->11923-11926(stamp); host cpm derivation","_restore_perf_start(modal_app.py:10456)","stamp in _do_restore_finalization(:11923)","257.681","257.681","318.484","yes:snapshot_restore/restore_gpu_state/cuda_init children","no explicit sleep/poll on path","n/a","n/a","eviction/lazy-init/frozen-manifest/clip-demand-install occur BEFORE perf_start (excluded from timer)","return-tail(marker/prints/GPU-detect)+method-entry seam excluded from timer","background folder-warm+cgroup sampler launched inside, continue after return","observability probes/advisory warm launch inside(ms-scale); CUDA driver init inside(owned dependency)","PARTIAL_FOR_MEASURED_OPERATION","PARTIAL","MIXED","RAW","ComfyUI\comfymodal-data\benchmarks\runs\v2_2026-08-23_20-55-38\run_001_sample.json (+run_0.json)"
"C-R43","v2_2026-08-23_20-55-38","v2-benchmark-0-572fc2022494","02ab046e2777f53e","AWS/us-east-2","NOMINAL","snapshot_restore_ms(stage_durations)","runtime_bootstrap.py:2007(snapshot_restore_start)->2478(snapshot_restore_end)","bootstrap.restore() metadata capture","host fingerprint + snapshot_restore_end","227.1","","","yes:gpu_state/cuda_init/reload timers inside","no explicit wait; volume reload only if invoked(not invoked here)","n/a","n/a","identity/configure_runtime precede within restore_total","finalize segment follows within restore_total","no","none proven","TOTAL_FOR_MEASURED_OPERATION","PARTIAL","NONE_PROVEN","RAW","ComfyUI\comfymodal-data\benchmarks\runs\v2_2026-08-23_20-55-38\run_001_sample.json (+run_0.json)"
"C-R43","v2_2026-08-23_20-55-38","v2-benchmark-0-572fc2022494","02ab046e2777f53e","AWS/us-east-2","NOMINAL","restore_gpu_state_ms(variance_stage)","runtime_bootstrap.py:2025-2033 variance_stage(restore_gpu_state)","restore_gpu_state_start event","restore_gpu_state_end event","188.055","","","no","no explicit wait","n/a","n/a","inside bootstrap inside restore_total","","no","none proven","TOTAL_FOR_MEASURED_OPERATION","PARTIAL","NONE_PROVEN","RAW","ComfyUI\comfymodal-data\benchmarks\runs\v2_2026-08-23_20-55-38\run_001_sample.json (+run_0.json)"
"C-R43","v2_2026-08-23_20-55-38","v2-benchmark-0-572fc2022494","02ab046e2777f53e","AWS/us-east-2","NOMINAL","cuda_init_ms(variance_stage)","runtime_bootstrap.py:2036-2053 variance_stage(cuda_init)","cuda_init_start event","cuda_init_end event","3.3","","","no","time spent inside driver/platform context creation","CUDA context init","owned dependency(contractual)","inside bootstrap inside restore_total","","no","","TOTAL_FOR_MEASURED_OPERATION","PARTIAL","NONE_PROVEN","RAW","ComfyUI\comfymodal-data\benchmarks\runs\v2_2026-08-23_20-55-38\run_001_sample.json (+run_0.json)"
"C-R43","v2_2026-08-23_20-55-38","v2-benchmark-0-572fc2022494","02ab046e2777f53e","AWS/us-east-2","NOMINAL","reload_runtime_state_ms / reload_models_ms","runtime_bootstrap.py:2156-2244 decision+variance_stage; merged modal_app.py:11952-11970","decision gate entry","skip on generation match(fail-closed else reload)","0.0","","","no","network Volume reload WOULD be external blocking if invoked","not invoked on this run","owned obligation when invoked","inside bootstrap","","no","skipped_generation_match/not_invoked decisions recorded","TOTAL_FOR_MEASURED_OPERATION","PARTIAL","NONE_PROVEN","RAW","ComfyUI\comfymodal-data\benchmarks\runs\v2_2026-08-23_20-55-38\run_001_sample.json (+run_0.json)"
"C-R43","v2_2026-08-23_20-55-38","v2-benchmark-0-572fc2022494","02ab046e2777f53e","AWS/us-east-2","NOMINAL","cpm.remote_python_resume_to_restore_start_ms","host cpm metric derived from canonical-ledger endpoints","remote_python_resume point","derived restore_start point(equals resume by construction)","0.0","","","no","misleading if read as timer start; remote perf_start is later(proven via wall-gap)","n/a","platform","","","host-side derivation only","","TOTAL_FOR_MEASURED_OPERATION","PARTIAL","NONE_PROVEN","RAW","ComfyUI\comfymodal-data\benchmarks\runs\v2_2026-08-23_20-55-38\run_001_sample.json (+run_0.json)"
"C-R43","v2_2026-08-23_20-55-38","v2-benchmark-0-572fc2022494","02ab046e2777f53e","AWS/us-east-2","NOMINAL","cpm.restore_to_method_entry_ms","host cpm metric derived from canonical-ledger endpoints","restore() return(dict handed to Modal)","run_plan_stream method entry","35.337","","","no","Modal method-dispatch gap","method dispatch","Modal platform(unowned by restore code)","","request-part setup follows","seam belongs to neither part timer today","","TOTAL_FOR_MEASURED_OPERATION","UNKNOWN","EXTERNAL_BLOCKING","RAW","ComfyUI\comfymodal-data\benchmarks\runs\v2_2026-08-23_20-55-38\run_001_sample.json (+run_0.json)"
"C-R43","v2_2026-08-23_20-55-38","v2-benchmark-0-572fc2022494","02ab046e2777f53e","AWS/us-east-2","NOMINAL","cpm.command_start_to_python_resume_ms(domain A)","host cpm metric derived from canonical-ledger endpoints","local command start","first executable Python line of restore()","8839.478","","","no","provisioning/scheduling/snapshot-materialization wait","Modal platform readiness","Modal platform","","","excluded from every restore timer by design","","TOTAL_FOR_MEASURED_OPERATION","PARTIAL","EXTERNAL_BLOCKING","RAW","ComfyUI\comfymodal-data\benchmarks\runs\v2_2026-08-23_20-55-38\run_001_sample.json (+run_0.json)"
"C-R43","v2_2026-08-23_20-55-38","v2-benchmark-0-572fc2022494","02ab046e2777f53e","AWS/us-east-2","NOMINAL","cpm.submission_to_remote_python_resume_ms(domain A)","host cpm metric derived from canonical-ledger endpoints","submission","first Python line","3746.589","","","no","queue+scheduling wait","Modal platform readiness","Modal platform","","","never add to internal restore intervals","","TOTAL_FOR_MEASURED_OPERATION","PARTIAL","EXTERNAL_BLOCKING","RAW","ComfyUI\comfymodal-data\benchmarks\runs\v2_2026-08-23_20-55-38\run_001_sample.json (+run_0.json)"
"C-R43","v2_2026-08-23_20-55-38","v2-benchmark-0-572fc2022494","02ab046e2777f53e","AWS/us-east-2","NOMINAL","cpm.first_remote_event_to_final_result_ms","host cpm metric derived from canonical-ledger endpoints","first remote event","final result durable","21649.384","","","multi-owner span","request execution incl CLIP/UNET/VAE/output transport","n/a","request part","","durable-write transport follows outside restore domain","overlaps executor spans","crosses restore boundary; multi-owner","TOTAL_FOR_MEASURED_OPERATION","PARTIAL","MIXED","RAW","ComfyUI\comfymodal-data\benchmarks\runs\v2_2026-08-23_20-55-38\run_001_sample.json (+run_0.json)"
"C-R43","v2_2026-08-23_20-55-38","v2-benchmark-0-572fc2022494","02ab046e2777f53e","AWS/us-east-2","NOMINAL","snapshot_callback_age_at_restore_ms","modal_app.py:10274-10288 callback-age marker","snapshot callback return marker(cross-process check)","restore-time read of marker age","886187.664","","","state_metric not interval","n/a","n/a","n/a","capture-state debt carried INTO restore","","covariate for cross-era comparability; not additive","","TOTAL_FOR_MEASURED_OPERATION","UNKNOWN","NONE_PROVEN","RAW","ComfyUI\comfymodal-data\benchmarks\runs\v2_2026-08-23_20-55-38\run_001_sample.json (+run_0.json)"
"C-R43","v2_2026-08-23_20-56-38","v2-benchmark-0-c94d01d64686","02ab046e2777f53e","AWS/us-east-2","NOMINAL","cpm.restore_total_ms","modal_app.py:10456(perf_start)->11923-11926(stamp); host cpm derivation","_restore_perf_start(modal_app.py:10456)","stamp in _do_restore_finalization(:11923)","275.388","275.388","341.597","yes:snapshot_restore/restore_gpu_state/cuda_init children","no explicit sleep/poll on path","n/a","n/a","eviction/lazy-init/frozen-manifest/clip-demand-install occur BEFORE perf_start (excluded from timer)","return-tail(marker/prints/GPU-detect)+method-entry seam excluded from timer","background folder-warm+cgroup sampler launched inside, continue after return","observability probes/advisory warm launch inside(ms-scale); CUDA driver init inside(owned dependency)","PARTIAL_FOR_MEASURED_OPERATION","PARTIAL","MIXED","RAW","ComfyUI\comfymodal-data\benchmarks\runs\v2_2026-08-23_20-56-38\run_001_sample.json (+run_0.json)"
"C-R43","v2_2026-08-23_20-56-38","v2-benchmark-0-c94d01d64686","02ab046e2777f53e","AWS/us-east-2","NOMINAL","snapshot_restore_ms(stage_durations)","runtime_bootstrap.py:2007(snapshot_restore_start)->2478(snapshot_restore_end)","bootstrap.restore() metadata capture","host fingerprint + snapshot_restore_end","240.42","","","yes:gpu_state/cuda_init/reload timers inside","no explicit wait; volume reload only if invoked(not invoked here)","n/a","n/a","identity/configure_runtime precede within restore_total","finalize segment follows within restore_total","no","none proven","TOTAL_FOR_MEASURED_OPERATION","PARTIAL","NONE_PROVEN","RAW","ComfyUI\comfymodal-data\benchmarks\runs\v2_2026-08-23_20-56-38\run_001_sample.json (+run_0.json)"
"C-R43","v2_2026-08-23_20-56-38","v2-benchmark-0-c94d01d64686","02ab046e2777f53e","AWS/us-east-2","NOMINAL","restore_gpu_state_ms(variance_stage)","runtime_bootstrap.py:2025-2033 variance_stage(restore_gpu_state)","restore_gpu_state_start event","restore_gpu_state_end event","195.757","","","no","no explicit wait","n/a","n/a","inside bootstrap inside restore_total","","no","none proven","TOTAL_FOR_MEASURED_OPERATION","PARTIAL","NONE_PROVEN","RAW","ComfyUI\comfymodal-data\benchmarks\runs\v2_2026-08-23_20-56-38\run_001_sample.json (+run_0.json)"
"C-R43","v2_2026-08-23_20-56-38","v2-benchmark-0-c94d01d64686","02ab046e2777f53e","AWS/us-east-2","NOMINAL","cuda_init_ms(variance_stage)","runtime_bootstrap.py:2036-2053 variance_stage(cuda_init)","cuda_init_start event","cuda_init_end event","4.4","","","no","time spent inside driver/platform context creation","CUDA context init","owned dependency(contractual)","inside bootstrap inside restore_total","","no","","TOTAL_FOR_MEASURED_OPERATION","PARTIAL","NONE_PROVEN","RAW","ComfyUI\comfymodal-data\benchmarks\runs\v2_2026-08-23_20-56-38\run_001_sample.json (+run_0.json)"
"C-R43","v2_2026-08-23_20-56-38","v2-benchmark-0-c94d01d64686","02ab046e2777f53e","AWS/us-east-2","NOMINAL","reload_runtime_state_ms / reload_models_ms","runtime_bootstrap.py:2156-2244 decision+variance_stage; merged modal_app.py:11952-11970","decision gate entry","skip on generation match(fail-closed else reload)","0.0","","","no","network Volume reload WOULD be external blocking if invoked","not invoked on this run","owned obligation when invoked","inside bootstrap","","no","skipped_generation_match/not_invoked decisions recorded","TOTAL_FOR_MEASURED_OPERATION","PARTIAL","NONE_PROVEN","RAW","ComfyUI\comfymodal-data\benchmarks\runs\v2_2026-08-23_20-56-38\run_001_sample.json (+run_0.json)"
"C-R43","v2_2026-08-23_20-56-38","v2-benchmark-0-c94d01d64686","02ab046e2777f53e","AWS/us-east-2","NOMINAL","cpm.remote_python_resume_to_restore_start_ms","host cpm metric derived from canonical-ledger endpoints","remote_python_resume point","derived restore_start point(equals resume by construction)","0.0","","","no","misleading if read as timer start; remote perf_start is later(proven via wall-gap)","n/a","platform","","","host-side derivation only","","TOTAL_FOR_MEASURED_OPERATION","PARTIAL","NONE_PROVEN","RAW","ComfyUI\comfymodal-data\benchmarks\runs\v2_2026-08-23_20-56-38\run_001_sample.json (+run_0.json)"
"C-R43","v2_2026-08-23_20-56-38","v2-benchmark-0-c94d01d64686","02ab046e2777f53e","AWS/us-east-2","NOMINAL","cpm.restore_to_method_entry_ms","host cpm metric derived from canonical-ledger endpoints","restore() return(dict handed to Modal)","run_plan_stream method entry","32.811","","","no","Modal method-dispatch gap","method dispatch","Modal platform(unowned by restore code)","","request-part setup follows","seam belongs to neither part timer today","","TOTAL_FOR_MEASURED_OPERATION","UNKNOWN","EXTERNAL_BLOCKING","RAW","ComfyUI\comfymodal-data\benchmarks\runs\v2_2026-08-23_20-56-38\run_001_sample.json (+run_0.json)"
"C-R43","v2_2026-08-23_20-56-38","v2-benchmark-0-c94d01d64686","02ab046e2777f53e","AWS/us-east-2","NOMINAL","cpm.command_start_to_python_resume_ms(domain A)","host cpm metric derived from canonical-ledger endpoints","local command start","first executable Python line of restore()","8925.524","","","no","provisioning/scheduling/snapshot-materialization wait","Modal platform readiness","Modal platform","","","excluded from every restore timer by design","","TOTAL_FOR_MEASURED_OPERATION","PARTIAL","EXTERNAL_BLOCKING","RAW","ComfyUI\comfymodal-data\benchmarks\runs\v2_2026-08-23_20-56-38\run_001_sample.json (+run_0.json)"
"C-R43","v2_2026-08-23_20-56-38","v2-benchmark-0-c94d01d64686","02ab046e2777f53e","AWS/us-east-2","NOMINAL","cpm.submission_to_remote_python_resume_ms(domain A)","host cpm metric derived from canonical-ledger endpoints","submission","first Python line","3558.952","","","no","queue+scheduling wait","Modal platform readiness","Modal platform","","","never add to internal restore intervals","","TOTAL_FOR_MEASURED_OPERATION","PARTIAL","EXTERNAL_BLOCKING","RAW","ComfyUI\comfymodal-data\benchmarks\runs\v2_2026-08-23_20-56-38\run_001_sample.json (+run_0.json)"
"C-R43","v2_2026-08-23_20-56-38","v2-benchmark-0-c94d01d64686","02ab046e2777f53e","AWS/us-east-2","NOMINAL","cpm.first_remote_event_to_final_result_ms","host cpm metric derived from canonical-ledger endpoints","first remote event","final result durable","21860.766","","","multi-owner span","request execution incl CLIP/UNET/VAE/output transport","n/a","request part","","durable-write transport follows outside restore domain","overlaps executor spans","crosses restore boundary; multi-owner","TOTAL_FOR_MEASURED_OPERATION","PARTIAL","MIXED","RAW","ComfyUI\comfymodal-data\benchmarks\runs\v2_2026-08-23_20-56-38\run_001_sample.json (+run_0.json)"
"C-R43","v2_2026-08-23_20-56-38","v2-benchmark-0-c94d01d64686","02ab046e2777f53e","AWS/us-east-2","NOMINAL","snapshot_callback_age_at_restore_ms","modal_app.py:10274-10288 callback-age marker","snapshot callback return marker(cross-process check)","restore-time read of marker age","945924.487","","","state_metric not interval","n/a","n/a","n/a","capture-state debt carried INTO restore","","covariate for cross-era comparability; not additive","","TOTAL_FOR_MEASURED_OPERATION","UNKNOWN","NONE_PROVEN","RAW","ComfyUI\comfymodal-data\benchmarks\runs\v2_2026-08-23_20-56-38\run_001_sample.json (+run_0.json)"
"C-PREK1","v2_2026-08-25_02-55-12","v2-benchmark-0-61b4e2bd9f9e","32d4119609eca0cc","GCP/us-east-1","NOMINAL","cpm.restore_total_ms","modal_app.py:10456(perf_start)->11923-11926(stamp); host cpm derivation","_restore_perf_start(modal_app.py:10456)","stamp in _do_restore_finalization(:11923)","1670.909","1670.909","1735.619","yes:snapshot_restore/restore_gpu_state/cuda_init children","no explicit sleep/poll on path","n/a","n/a","eviction/lazy-init/frozen-manifest/clip-demand-install occur BEFORE perf_start (excluded from timer)","return-tail(marker/prints/GPU-detect)+method-entry seam excluded from timer","background folder-warm+cgroup sampler launched inside, continue after return","observability probes/advisory warm launch inside(ms-scale); CUDA driver init inside(owned dependency)","PARTIAL_FOR_MEASURED_OPERATION","PARTIAL","MIXED","RAW","ComfyUI\comfymodal-data\benchmarks\runs\v2_2026-08-25_02-55-12\run_001_sample.json (+run_0.json)"
"C-PREK1","v2_2026-08-25_02-55-12","v2-benchmark-0-61b4e2bd9f9e","32d4119609eca0cc","GCP/us-east-1","NOMINAL","snapshot_restore_ms(stage_durations)","runtime_bootstrap.py:2007(snapshot_restore_start)->2478(snapshot_restore_end)","bootstrap.restore() metadata capture","host fingerprint + snapshot_restore_end","743.63","","","yes:gpu_state/cuda_init/reload timers inside","no explicit wait; volume reload only if invoked(not invoked here)","n/a","n/a","identity/configure_runtime precede within restore_total","finalize segment follows within restore_total","no","none proven","TOTAL_FOR_MEASURED_OPERATION","PARTIAL","NONE_PROVEN","RAW","ComfyUI\comfymodal-data\benchmarks\runs\v2_2026-08-25_02-55-12\run_001_sample.json (+run_0.json)"
"C-PREK1","v2_2026-08-25_02-55-12","v2-benchmark-0-61b4e2bd9f9e","32d4119609eca0cc","GCP/us-east-1","NOMINAL","restore_gpu_state_ms(variance_stage)","runtime_bootstrap.py:2025-2033 variance_stage(restore_gpu_state)","restore_gpu_state_start event","restore_gpu_state_end event","553.853","","","no","no explicit wait","n/a","n/a","inside bootstrap inside restore_total","","no","none proven","TOTAL_FOR_MEASURED_OPERATION","PARTIAL","NONE_PROVEN","RAW","ComfyUI\comfymodal-data\benchmarks\runs\v2_2026-08-25_02-55-12\run_001_sample.json (+run_0.json)"
"C-PREK1","v2_2026-08-25_02-55-12","v2-benchmark-0-61b4e2bd9f9e","32d4119609eca0cc","GCP/us-east-1","NOMINAL","cuda_init_ms(variance_stage)","runtime_bootstrap.py:2036-2053 variance_stage(cuda_init)","cuda_init_start event","cuda_init_end event","3.46","","","no","time spent inside driver/platform context creation","CUDA context init","owned dependency(contractual)","inside bootstrap inside restore_total","","no","","TOTAL_FOR_MEASURED_OPERATION","PARTIAL","NONE_PROVEN","RAW","ComfyUI\comfymodal-data\benchmarks\runs\v2_2026-08-25_02-55-12\run_001_sample.json (+run_0.json)"
"C-PREK1","v2_2026-08-25_02-55-12","v2-benchmark-0-61b4e2bd9f9e","32d4119609eca0cc","GCP/us-east-1","NOMINAL","reload_runtime_state_ms / reload_models_ms","runtime_bootstrap.py:2156-2244 decision+variance_stage; merged modal_app.py:11952-11970","decision gate entry","skip on generation match(fail-closed else reload)","0.0","","","no","network Volume reload WOULD be external blocking if invoked","not invoked on this run","owned obligation when invoked","inside bootstrap","","no","skipped_generation_match/not_invoked decisions recorded","TOTAL_FOR_MEASURED_OPERATION","PARTIAL","NONE_PROVEN","RAW","ComfyUI\comfymodal-data\benchmarks\runs\v2_2026-08-25_02-55-12\run_001_sample.json (+run_0.json)"
"C-PREK1","v2_2026-08-25_02-55-12","v2-benchmark-0-61b4e2bd9f9e","32d4119609eca0cc","GCP/us-east-1","NOMINAL","initialize_cuda_ms(stage timer)","_RESTORE_STAGE_TIMERS[initialize_cuda] modal_app.py:11956-11966","stage timer around initialize_cuda()","timer stop","3.302","","","no","same operation as cuda_init_ms; distinct emitter; do NOT sum","CUDA context init","owned dependency","coexists with cuda_init_ms child","","no","second emitter of same operation","TOTAL_FOR_MEASURED_OPERATION","PARTIAL","NONE_PROVEN","RAW","ComfyUI\comfymodal-data\benchmarks\runs\v2_2026-08-25_02-55-12\run_001_sample.json (+run_0.json)"
"C-PREK1","v2_2026-08-25_02-55-12","v2-benchmark-0-61b4e2bd9f9e","32d4119609eca0cc","GCP/us-east-1","NOMINAL","cpm.remote_python_resume_to_restore_start_ms","host cpm metric derived from canonical-ledger endpoints","remote_python_resume point","derived restore_start point(equals resume by construction)","0.0","","","no","misleading if read as timer start; remote perf_start is later(proven via wall-gap)","n/a","platform","","","host-side derivation only","","TOTAL_FOR_MEASURED_OPERATION","PARTIAL","NONE_PROVEN","RAW","ComfyUI\comfymodal-data\benchmarks\runs\v2_2026-08-25_02-55-12\run_001_sample.json (+run_0.json)"
"C-PREK1","v2_2026-08-25_02-55-12","v2-benchmark-0-61b4e2bd9f9e","32d4119609eca0cc","GCP/us-east-1","NOMINAL","cpm.restore_to_method_entry_ms","host cpm metric derived from canonical-ledger endpoints","restore() return(dict handed to Modal)","run_plan_stream method entry","81.47","","","no","Modal method-dispatch gap","method dispatch","Modal platform(unowned by restore code)","","request-part setup follows","seam belongs to neither part timer today","","TOTAL_FOR_MEASURED_OPERATION","UNKNOWN","EXTERNAL_BLOCKING","RAW","ComfyUI\comfymodal-data\benchmarks\runs\v2_2026-08-25_02-55-12\run_001_sample.json (+run_0.json)"
"C-PREK1","v2_2026-08-25_02-55-12","v2-benchmark-0-61b4e2bd9f9e","32d4119609eca0cc","GCP/us-east-1","NOMINAL","cpm.method_entry_to_first_remote_event_ms","host cpm metric derived from canonical-ledger endpoints","run_plan_stream entry","first remote event emission","647.979","","","no","request-owned setup work","n/a","request part","","","request-part domain; context only","","TOTAL_FOR_MEASURED_OPERATION","PARTIAL","NONE_PROVEN","RAW","ComfyUI\comfymodal-data\benchmarks\runs\v2_2026-08-25_02-55-12\run_001_sample.json (+run_0.json)"
"C-PREK1","v2_2026-08-25_02-55-12","v2-benchmark-0-61b4e2bd9f9e","32d4119609eca0cc","GCP/us-east-1","NOMINAL","cpm.command_start_to_python_resume_ms(domain A)","host cpm metric derived from canonical-ledger endpoints","local command start","first executable Python line of restore()","10159.712","","","no","provisioning/scheduling/snapshot-materialization wait","Modal platform readiness","Modal platform","","","excluded from every restore timer by design","","TOTAL_FOR_MEASURED_OPERATION","PARTIAL","EXTERNAL_BLOCKING","RAW","ComfyUI\comfymodal-data\benchmarks\runs\v2_2026-08-25_02-55-12\run_001_sample.json (+run_0.json)"
"C-PREK1","v2_2026-08-25_02-55-12","v2-benchmark-0-61b4e2bd9f9e","32d4119609eca0cc","GCP/us-east-1","NOMINAL","cpm.submission_to_remote_python_resume_ms(domain A)","host cpm metric derived from canonical-ledger endpoints","submission","first Python line","4048.363","","","no","queue+scheduling wait","Modal platform readiness","Modal platform","","","never add to internal restore intervals","","TOTAL_FOR_MEASURED_OPERATION","PARTIAL","EXTERNAL_BLOCKING","RAW","ComfyUI\comfymodal-data\benchmarks\runs\v2_2026-08-25_02-55-12\run_001_sample.json (+run_0.json)"
"C-PREK1","v2_2026-08-25_02-55-12","v2-benchmark-0-61b4e2bd9f9e","32d4119609eca0cc","GCP/us-east-1","NOMINAL","cpm.first_remote_event_to_final_result_ms","host cpm metric derived from canonical-ledger endpoints","first remote event","final result durable","14494.099","","","multi-owner span","request execution incl CLIP/UNET/VAE/output transport","n/a","request part","","durable-write transport follows outside restore domain","overlaps executor spans","crosses restore boundary; multi-owner","TOTAL_FOR_MEASURED_OPERATION","PARTIAL","MIXED","RAW","ComfyUI\comfymodal-data\benchmarks\runs\v2_2026-08-25_02-55-12\run_001_sample.json (+run_0.json)"
"C-PREK1","v2_2026-08-25_02-55-12","v2-benchmark-0-61b4e2bd9f9e","32d4119609eca0cc","GCP/us-east-1","NOMINAL","snapshot_callback_age_at_restore_ms","modal_app.py:10274-10288 callback-age marker","snapshot callback return marker(cross-process check)","restore-time read of marker age","1818349.95","","","state_metric not interval","n/a","n/a","n/a","capture-state debt carried INTO restore","","covariate for cross-era comparability; not additive","","TOTAL_FOR_MEASURED_OPERATION","UNKNOWN","NONE_PROVEN","RAW","ComfyUI\comfymodal-data\benchmarks\runs\v2_2026-08-25_02-55-12\run_001_sample.json (+run_0.json)"
"C-K1","v2_2026-08-25_06-51-50","v2-benchmark-0-8e43af5eed14","34686e386040dece","GCP/us-east-1","NOMINAL","cpm.restore_total_ms","modal_app.py:10456(perf_start)->11923-11926(stamp); host cpm derivation","_restore_perf_start(modal_app.py:10456)","stamp in _do_restore_finalization(:11923)","300.133","300.133","356.023","yes:snapshot_restore/restore_gpu_state/cuda_init children","no explicit sleep/poll on path","n/a","n/a","eviction/lazy-init/frozen-manifest/clip-demand-install occur BEFORE perf_start (excluded from timer)","return-tail(marker/prints/GPU-detect)+method-entry seam excluded from timer","background folder-warm+cgroup sampler launched inside, continue after return","observability probes/advisory warm launch inside(ms-scale); CUDA driver init inside(owned dependency)","PARTIAL_FOR_MEASURED_OPERATION","PARTIAL","MIXED","RAW","ComfyUI\comfymodal-data\benchmarks\runs\v2_2026-08-25_06-51-50\run_001_sample.json (+run_0.json)"
"C-K1","v2_2026-08-25_06-51-50","v2-benchmark-0-8e43af5eed14","34686e386040dece","GCP/us-east-1","NOMINAL","snapshot_restore_ms(stage_durations)","runtime_bootstrap.py:2007(snapshot_restore_start)->2478(snapshot_restore_end)","bootstrap.restore() metadata capture","host fingerprint + snapshot_restore_end","269.04","","","yes:gpu_state/cuda_init/reload timers inside","no explicit wait; volume reload only if invoked(not invoked here)","n/a","n/a","identity/configure_runtime precede within restore_total","finalize segment follows within restore_total","no","none proven","TOTAL_FOR_MEASURED_OPERATION","PARTIAL","NONE_PROVEN","RAW","ComfyUI\comfymodal-data\benchmarks\runs\v2_2026-08-25_06-51-50\run_001_sample.json (+run_0.json)"
"C-K1","v2_2026-08-25_06-51-50","v2-benchmark-0-8e43af5eed14","34686e386040dece","GCP/us-east-1","NOMINAL","restore_gpu_state_ms(variance_stage)","runtime_bootstrap.py:2025-2033 variance_stage(restore_gpu_state)","restore_gpu_state_start event","restore_gpu_state_end event","230.321","","","no","no explicit wait","n/a","n/a","inside bootstrap inside restore_total","","no","none proven","TOTAL_FOR_MEASURED_OPERATION","PARTIAL","NONE_PROVEN","RAW","ComfyUI\comfymodal-data\benchmarks\runs\v2_2026-08-25_06-51-50\run_001_sample.json (+run_0.json)"
"C-K1","v2_2026-08-25_06-51-50","v2-benchmark-0-8e43af5eed14","34686e386040dece","GCP/us-east-1","NOMINAL","cuda_init_ms(variance_stage)","runtime_bootstrap.py:2036-2053 variance_stage(cuda_init)","cuda_init_start event","cuda_init_end event","4.99","","","no","time spent inside driver/platform context creation","CUDA context init","owned dependency(contractual)","inside bootstrap inside restore_total","","no","","TOTAL_FOR_MEASURED_OPERATION","PARTIAL","NONE_PROVEN","RAW","ComfyUI\comfymodal-data\benchmarks\runs\v2_2026-08-25_06-51-50\run_001_sample.json (+run_0.json)"
"C-K1","v2_2026-08-25_06-51-50","v2-benchmark-0-8e43af5eed14","34686e386040dece","GCP/us-east-1","NOMINAL","reload_runtime_state_ms / reload_models_ms","runtime_bootstrap.py:2156-2244 decision+variance_stage; merged modal_app.py:11952-11970","decision gate entry","skip on generation match(fail-closed else reload)","0.0","","","no","network Volume reload WOULD be external blocking if invoked","not invoked on this run","owned obligation when invoked","inside bootstrap","","no","skipped_generation_match/not_invoked decisions recorded","TOTAL_FOR_MEASURED_OPERATION","PARTIAL","NONE_PROVEN","RAW","ComfyUI\comfymodal-data\benchmarks\runs\v2_2026-08-25_06-51-50\run_001_sample.json (+run_0.json)"
"C-K1","v2_2026-08-25_06-51-50","v2-benchmark-0-8e43af5eed14","34686e386040dece","GCP/us-east-1","NOMINAL","cpm.remote_python_resume_to_restore_start_ms","host cpm metric derived from canonical-ledger endpoints","remote_python_resume point","derived restore_start point(equals resume by construction)","0.0","","","no","misleading if read as timer start; remote perf_start is later(proven via wall-gap)","n/a","platform","","","host-side derivation only","","TOTAL_FOR_MEASURED_OPERATION","PARTIAL","NONE_PROVEN","RAW","ComfyUI\comfymodal-data\benchmarks\runs\v2_2026-08-25_06-51-50\run_001_sample.json (+run_0.json)"
"C-K1","v2_2026-08-25_06-51-50","v2-benchmark-0-8e43af5eed14","34686e386040dece","GCP/us-east-1","NOMINAL","cpm.restore_to_method_entry_ms","host cpm metric derived from canonical-ledger endpoints","restore() return(dict handed to Modal)","run_plan_stream method entry","76.493","","","no","Modal method-dispatch gap","method dispatch","Modal platform(unowned by restore code)","","request-part setup follows","seam belongs to neither part timer today","","TOTAL_FOR_MEASURED_OPERATION","UNKNOWN","EXTERNAL_BLOCKING","RAW","ComfyUI\comfymodal-data\benchmarks\runs\v2_2026-08-25_06-51-50\run_001_sample.json (+run_0.json)"
"C-K1","v2_2026-08-25_06-51-50","v2-benchmark-0-8e43af5eed14","34686e386040dece","GCP/us-east-1","NOMINAL","cpm.method_entry_to_first_remote_event_ms","host cpm metric derived from canonical-ledger endpoints","run_plan_stream entry","first remote event emission","1409.284","","","no","request-owned setup work","n/a","request part","","","request-part domain; context only","","TOTAL_FOR_MEASURED_OPERATION","PARTIAL","NONE_PROVEN","RAW","ComfyUI\comfymodal-data\benchmarks\runs\v2_2026-08-25_06-51-50\run_001_sample.json (+run_0.json)"
"C-K1","v2_2026-08-25_06-51-50","v2-benchmark-0-8e43af5eed14","34686e386040dece","GCP/us-east-1","NOMINAL","cpm.command_start_to_python_resume_ms(domain A)","host cpm metric derived from canonical-ledger endpoints","local command start","first executable Python line of restore()","149226.783","","","no","provisioning/scheduling/snapshot-materialization wait","Modal platform readiness","Modal platform","","","excluded from every restore timer by design","","TOTAL_FOR_MEASURED_OPERATION","PARTIAL","EXTERNAL_BLOCKING","RAW","ComfyUI\comfymodal-data\benchmarks\runs\v2_2026-08-25_06-51-50\run_001_sample.json (+run_0.json)"
"C-K1","v2_2026-08-25_06-51-50","v2-benchmark-0-8e43af5eed14","34686e386040dece","GCP/us-east-1","NOMINAL","cpm.submission_to_remote_python_resume_ms(domain A)","host cpm metric derived from canonical-ledger endpoints","submission","first Python line","144108.279","","","no","queue+scheduling wait","Modal platform readiness","Modal platform","","","never add to internal restore intervals","","TOTAL_FOR_MEASURED_OPERATION","PARTIAL","EXTERNAL_BLOCKING","RAW","ComfyUI\comfymodal-data\benchmarks\runs\v2_2026-08-25_06-51-50\run_001_sample.json (+run_0.json)"
"C-K1","v2_2026-08-25_06-51-50","v2-benchmark-0-8e43af5eed14","34686e386040dece","GCP/us-east-1","NOMINAL","cpm.first_remote_event_to_final_result_ms","host cpm metric derived from canonical-ledger endpoints","first remote event","final result durable","14313.273","","","multi-owner span","request execution incl CLIP/UNET/VAE/output transport","n/a","request part","","durable-write transport follows outside restore domain","overlaps executor spans","crosses restore boundary; multi-owner","TOTAL_FOR_MEASURED_OPERATION","PARTIAL","MIXED","RAW","ComfyUI\comfymodal-data\benchmarks\runs\v2_2026-08-25_06-51-50\run_001_sample.json (+run_0.json)"
"C-K1","v2_2026-08-25_06-51-50","v2-benchmark-0-8e43af5eed14","34686e386040dece","GCP/us-east-1","NOMINAL","snapshot_callback_age_at_restore_ms","modal_app.py:10274-10288 callback-age marker","snapshot callback return marker(cross-process check)","restore-time read of marker age","13075.476","","","state_metric not interval","n/a","n/a","n/a","capture-state debt carried INTO restore","","covariate for cross-era comparability; not additive","","TOTAL_FOR_MEASURED_OPERATION","UNKNOWN","NONE_PROVEN","RAW","ComfyUI\comfymodal-data\benchmarks\runs\v2_2026-08-25_06-51-50\run_001_sample.json (+run_0.json)"
"C-K1","v2_2026-08-25_06-55-04","v2-benchmark-0-e67bfdd3c6e1","34686e386040dece","AWS/eu-south-2","NOMINAL","cpm.restore_total_ms","modal_app.py:10456(perf_start)->11923-11926(stamp); host cpm derivation","_restore_perf_start(modal_app.py:10456)","stamp in _do_restore_finalization(:11923)","3556.692","3556.692","3626.269","yes:snapshot_restore/restore_gpu_state/cuda_init children","no explicit sleep/poll on path","n/a","n/a","eviction/lazy-init/frozen-manifest/clip-demand-install occur BEFORE perf_start (excluded from timer)","return-tail(marker/prints/GPU-detect)+method-entry seam excluded from timer","background folder-warm+cgroup sampler launched inside, continue after return","observability probes/advisory warm launch inside(ms-scale); CUDA driver init inside(owned dependency)","PARTIAL_FOR_MEASURED_OPERATION","PARTIAL","MIXED(cuda_init draw cause UNKNOWN)","RAW","ComfyUI\comfymodal-data\benchmarks\runs\v2_2026-08-25_06-55-04\run_001_sample.json (+run_0.json)"
"C-K1","v2_2026-08-25_06-55-04","v2-benchmark-0-e67bfdd3c6e1","34686e386040dece","AWS/eu-south-2","NOMINAL","snapshot_restore_ms(stage_durations)","runtime_bootstrap.py:2007(snapshot_restore_start)->2478(snapshot_restore_end)","bootstrap.restore() metadata capture","host fingerprint + snapshot_restore_end","3517.37","","","yes:gpu_state/cuda_init/reload timers inside","no explicit wait; volume reload only if invoked(not invoked here)","n/a","n/a","identity/configure_runtime precede within restore_total","finalize segment follows within restore_total","no","contains pathological cuda_init draw","TOTAL_FOR_MEASURED_OPERATION","PARTIAL","MIXED","RAW","ComfyUI\comfymodal-data\benchmarks\runs\v2_2026-08-25_06-55-04\run_001_sample.json (+run_0.json)"
"C-K1","v2_2026-08-25_06-55-04","v2-benchmark-0-e67bfdd3c6e1","34686e386040dece","AWS/eu-south-2","NOMINAL","restore_gpu_state_ms(variance_stage)","runtime_bootstrap.py:2025-2033 variance_stage(restore_gpu_state)","restore_gpu_state_start event","restore_gpu_state_end event","241.949","","","no","no explicit wait","n/a","n/a","inside bootstrap inside restore_total","","no","none proven","TOTAL_FOR_MEASURED_OPERATION","PARTIAL","NONE_PROVEN","RAW","ComfyUI\comfymodal-data\benchmarks\runs\v2_2026-08-25_06-55-04\run_001_sample.json (+run_0.json)"
"C-K1","v2_2026-08-25_06-55-04","v2-benchmark-0-e67bfdd3c6e1","34686e386040dece","AWS/eu-south-2","NOMINAL","cuda_init_ms(variance_stage)","runtime_bootstrap.py:2036-2053 variance_stage(cuda_init)","cuda_init_start event","cuda_init_end event","2350.56","","","no","time spent inside driver/platform context creation","CUDA context init","owned dependency(contractual)","inside bootstrap inside restore_total","","no","producer of long draw UNIDENTIFIED","TOTAL_FOR_MEASURED_OPERATION","PARTIAL","UNKNOWN","RAW","ComfyUI\comfymodal-data\benchmarks\runs\v2_2026-08-25_06-55-04\run_001_sample.json (+run_0.json)"
"C-K1","v2_2026-08-25_06-55-04","v2-benchmark-0-e67bfdd3c6e1","34686e386040dece","AWS/eu-south-2","NOMINAL","reload_runtime_state_ms / reload_models_ms","runtime_bootstrap.py:2156-2244 decision+variance_stage; merged modal_app.py:11952-11970","decision gate entry","skip on generation match(fail-closed else reload)","0.0","","","no","network Volume reload WOULD be external blocking if invoked","not invoked on this run","owned obligation when invoked","inside bootstrap","","no","skipped_generation_match/not_invoked decisions recorded","TOTAL_FOR_MEASURED_OPERATION","PARTIAL","NONE_PROVEN","RAW","ComfyUI\comfymodal-data\benchmarks\runs\v2_2026-08-25_06-55-04\run_001_sample.json (+run_0.json)"
"C-K1","v2_2026-08-25_06-55-04","v2-benchmark-0-e67bfdd3c6e1","34686e386040dece","AWS/eu-south-2","NOMINAL","cpm.remote_python_resume_to_restore_start_ms","host cpm metric derived from canonical-ledger endpoints","remote_python_resume point","derived restore_start point(equals resume by construction)","0.0","","","no","misleading if read as timer start; remote perf_start is later(proven via wall-gap)","n/a","platform","","","host-side derivation only","","TOTAL_FOR_MEASURED_OPERATION","PARTIAL","NONE_PROVEN","RAW","ComfyUI\comfymodal-data\benchmarks\runs\v2_2026-08-25_06-55-04\run_001_sample.json (+run_0.json)"
"C-K1","v2_2026-08-25_06-55-04","v2-benchmark-0-e67bfdd3c6e1","34686e386040dece","AWS/eu-south-2","NOMINAL","cpm.restore_to_method_entry_ms","host cpm metric derived from canonical-ledger endpoints","restore() return(dict handed to Modal)","run_plan_stream method entry","153.345","","","no","Modal method-dispatch gap","method dispatch","Modal platform(unowned by restore code)","","request-part setup follows","seam belongs to neither part timer today","","TOTAL_FOR_MEASURED_OPERATION","UNKNOWN","EXTERNAL_BLOCKING","RAW","ComfyUI\comfymodal-data\benchmarks\runs\v2_2026-08-25_06-55-04\run_001_sample.json (+run_0.json)"
"C-K1","v2_2026-08-25_06-55-04","v2-benchmark-0-e67bfdd3c6e1","34686e386040dece","AWS/eu-south-2","NOMINAL","cpm.method_entry_to_first_remote_event_ms","host cpm metric derived from canonical-ledger endpoints","run_plan_stream entry","first remote event emission","1477.463","","","no","request-owned setup work","n/a","request part","","","request-part domain; context only","","TOTAL_FOR_MEASURED_OPERATION","PARTIAL","NONE_PROVEN","RAW","ComfyUI\comfymodal-data\benchmarks\runs\v2_2026-08-25_06-55-04\run_001_sample.json (+run_0.json)"
"C-K1","v2_2026-08-25_06-55-04","v2-benchmark-0-e67bfdd3c6e1","34686e386040dece","AWS/eu-south-2","NOMINAL","cpm.command_start_to_python_resume_ms(domain A)","host cpm metric derived from canonical-ledger endpoints","local command start","first executable Python line of restore()","8468.788","","","no","provisioning/scheduling/snapshot-materialization wait","Modal platform readiness","Modal platform","","","excluded from every restore timer by design","","TOTAL_FOR_MEASURED_OPERATION","PARTIAL","EXTERNAL_BLOCKING","RAW","ComfyUI\comfymodal-data\benchmarks\runs\v2_2026-08-25_06-55-04\run_001_sample.json (+run_0.json)"
"C-K1","v2_2026-08-25_06-55-04","v2-benchmark-0-e67bfdd3c6e1","34686e386040dece","AWS/eu-south-2","NOMINAL","cpm.submission_to_remote_python_resume_ms(domain A)","host cpm metric derived from canonical-ledger endpoints","submission","first Python line","3973.62","","","no","queue+scheduling wait","Modal platform readiness","Modal platform","","","never add to internal restore intervals","","TOTAL_FOR_MEASURED_OPERATION","PARTIAL","EXTERNAL_BLOCKING","RAW","ComfyUI\comfymodal-data\benchmarks\runs\v2_2026-08-25_06-55-04\run_001_sample.json (+run_0.json)"
"C-K1","v2_2026-08-25_06-55-04","v2-benchmark-0-e67bfdd3c6e1","34686e386040dece","AWS/eu-south-2","NOMINAL","cpm.first_remote_event_to_final_result_ms","host cpm metric derived from canonical-ledger endpoints","first remote event","final result durable","23323.957","","","multi-owner span","request execution incl CLIP/UNET/VAE/output transport","n/a","request part","","durable-write transport follows outside restore domain","overlaps executor spans","crosses restore boundary; multi-owner","TOTAL_FOR_MEASURED_OPERATION","PARTIAL","MIXED","RAW","ComfyUI\comfymodal-data\benchmarks\runs\v2_2026-08-25_06-55-04\run_001_sample.json (+run_0.json)"
"C-K1","v2_2026-08-25_06-55-04","v2-benchmark-0-e67bfdd3c6e1","34686e386040dece","AWS/eu-south-2","NOMINAL","snapshot_callback_age_at_restore_ms","modal_app.py:10274-10288 callback-age marker","snapshot callback return marker(cross-process check)","restore-time read of marker age","406634.847","","","state_metric not interval","n/a","n/a","n/a","capture-state debt carried INTO restore","","covariate for cross-era comparability; not additive","","TOTAL_FOR_MEASURED_OPERATION","UNKNOWN","NONE_PROVEN","RAW","ComfyUI\comfymodal-data\benchmarks\runs\v2_2026-08-25_06-55-04\run_001_sample.json (+run_0.json)"
"C-K1","v2_2026-08-25_07-00-09","v2-benchmark-0-0cd7501c769f","34686e386040dece","AWS/us-east-2","NOMINAL","cpm.restore_total_ms","modal_app.py:10456(perf_start)->11923-11926(stamp); host cpm derivation","_restore_perf_start(modal_app.py:10456)","stamp in _do_restore_finalization(:11923)","680.098","680.098","776.76","yes:snapshot_restore/restore_gpu_state/cuda_init children","no explicit sleep/poll on path","n/a","n/a","eviction/lazy-init/frozen-manifest/clip-demand-install occur BEFORE perf_start (excluded from timer)","return-tail(marker/prints/GPU-detect)+method-entry seam excluded from timer","background folder-warm+cgroup sampler launched inside, continue after return","observability probes/advisory warm launch inside(ms-scale); CUDA driver init inside(owned dependency)","PARTIAL_FOR_MEASURED_OPERATION","PARTIAL","MIXED","RAW","ComfyUI\comfymodal-data\benchmarks\runs\v2_2026-08-25_07-00-09\run_001_sample.json (+run_0.json)"
"C-K1","v2_2026-08-25_07-00-09","v2-benchmark-0-0cd7501c769f","34686e386040dece","AWS/us-east-2","NOMINAL","snapshot_restore_ms(stage_durations)","runtime_bootstrap.py:2007(snapshot_restore_start)->2478(snapshot_restore_end)","bootstrap.restore() metadata capture","host fingerprint + snapshot_restore_end","640.71","","","yes:gpu_state/cuda_init/reload timers inside","no explicit wait; volume reload only if invoked(not invoked here)","n/a","n/a","identity/configure_runtime precede within restore_total","finalize segment follows within restore_total","no","none proven","TOTAL_FOR_MEASURED_OPERATION","PARTIAL","NONE_PROVEN","RAW","ComfyUI\comfymodal-data\benchmarks\runs\v2_2026-08-25_07-00-09\run_001_sample.json (+run_0.json)"
"C-K1","v2_2026-08-25_07-00-09","v2-benchmark-0-0cd7501c769f","34686e386040dece","AWS/us-east-2","NOMINAL","restore_gpu_state_ms(variance_stage)","runtime_bootstrap.py:2025-2033 variance_stage(restore_gpu_state)","restore_gpu_state_start event","restore_gpu_state_end event","288.777","","","no","no explicit wait","n/a","n/a","inside bootstrap inside restore_total","","no","none proven","TOTAL_FOR_MEASURED_OPERATION","PARTIAL","NONE_PROVEN","RAW","ComfyUI\comfymodal-data\benchmarks\runs\v2_2026-08-25_07-00-09\run_001_sample.json (+run_0.json)"
"C-K1","v2_2026-08-25_07-00-09","v2-benchmark-0-0cd7501c769f","34686e386040dece","AWS/us-east-2","NOMINAL","cuda_init_ms(variance_stage)","runtime_bootstrap.py:2036-2053 variance_stage(cuda_init)","cuda_init_start event","cuda_init_end event","8.09","","","no","time spent inside driver/platform context creation","CUDA context init","owned dependency(contractual)","inside bootstrap inside restore_total","","no","","TOTAL_FOR_MEASURED_OPERATION","PARTIAL","NONE_PROVEN","RAW","ComfyUI\comfymodal-data\benchmarks\runs\v2_2026-08-25_07-00-09\run_001_sample.json (+run_0.json)"
"C-K1","v2_2026-08-25_07-00-09","v2-benchmark-0-0cd7501c769f","34686e386040dece","AWS/us-east-2","NOMINAL","reload_runtime_state_ms / reload_models_ms","runtime_bootstrap.py:2156-2244 decision+variance_stage; merged modal_app.py:11952-11970","decision gate entry","skip on generation match(fail-closed else reload)","0.0","","","no","network Volume reload WOULD be external blocking if invoked","not invoked on this run","owned obligation when invoked","inside bootstrap","","no","skipped_generation_match/not_invoked decisions recorded","TOTAL_FOR_MEASURED_OPERATION","PARTIAL","NONE_PROVEN","RAW","ComfyUI\comfymodal-data\benchmarks\runs\v2_2026-08-25_07-00-09\run_001_sample.json (+run_0.json)"
"C-K1","v2_2026-08-25_07-00-09","v2-benchmark-0-0cd7501c769f","34686e386040dece","AWS/us-east-2","NOMINAL","cpm.remote_python_resume_to_restore_start_ms","host cpm metric derived from canonical-ledger endpoints","remote_python_resume point","derived restore_start point(equals resume by construction)","0.0","","","no","misleading if read as timer start; remote perf_start is later(proven via wall-gap)","n/a","platform","","","host-side derivation only","","TOTAL_FOR_MEASURED_OPERATION","PARTIAL","NONE_PROVEN","RAW","ComfyUI\comfymodal-data\benchmarks\runs\v2_2026-08-25_07-00-09\run_001_sample.json (+run_0.json)"
"C-K1","v2_2026-08-25_07-00-09","v2-benchmark-0-0cd7501c769f","34686e386040dece","AWS/us-east-2","NOMINAL","cpm.restore_to_method_entry_ms","host cpm metric derived from canonical-ledger endpoints","restore() return(dict handed to Modal)","run_plan_stream method entry","84.927","","","no","Modal method-dispatch gap","method dispatch","Modal platform(unowned by restore code)","","request-part setup follows","seam belongs to neither part timer today","","TOTAL_FOR_MEASURED_OPERATION","UNKNOWN","EXTERNAL_BLOCKING","RAW","ComfyUI\comfymodal-data\benchmarks\runs\v2_2026-08-25_07-00-09\run_001_sample.json (+run_0.json)"
"C-K1","v2_2026-08-25_07-00-09","v2-benchmark-0-0cd7501c769f","34686e386040dece","AWS/us-east-2","NOMINAL","cpm.method_entry_to_first_remote_event_ms","host cpm metric derived from canonical-ledger endpoints","run_plan_stream entry","first remote event emission","2672.255","","","no","request-owned setup work","n/a","request part","","","request-part domain; context only","","TOTAL_FOR_MEASURED_OPERATION","PARTIAL","NONE_PROVEN","RAW","ComfyUI\comfymodal-data\benchmarks\runs\v2_2026-08-25_07-00-09\run_001_sample.json (+run_0.json)"
"C-K1","v2_2026-08-25_07-00-09","v2-benchmark-0-0cd7501c769f","34686e386040dece","AWS/us-east-2","NOMINAL","cpm.command_start_to_python_resume_ms(domain A)","host cpm metric derived from canonical-ledger endpoints","local command start","first executable Python line of restore()","14792.069","","","no","provisioning/scheduling/snapshot-materialization wait","Modal platform readiness","Modal platform","","","excluded from every restore timer by design","","TOTAL_FOR_MEASURED_OPERATION","PARTIAL","EXTERNAL_BLOCKING","RAW","ComfyUI\comfymodal-data\benchmarks\runs\v2_2026-08-25_07-00-09\run_001_sample.json (+run_0.json)"
"C-K1","v2_2026-08-25_07-00-09","v2-benchmark-0-0cd7501c769f","34686e386040dece","AWS/us-east-2","NOMINAL","cpm.submission_to_remote_python_resume_ms(domain A)","host cpm metric derived from canonical-ledger endpoints","submission","first Python line","9294.53","","","no","queue+scheduling wait","Modal platform readiness","Modal platform","","","never add to internal restore intervals","","TOTAL_FOR_MEASURED_OPERATION","PARTIAL","EXTERNAL_BLOCKING","RAW","ComfyUI\comfymodal-data\benchmarks\runs\v2_2026-08-25_07-00-09\run_001_sample.json (+run_0.json)"
"C-K1","v2_2026-08-25_07-00-09","v2-benchmark-0-0cd7501c769f","34686e386040dece","AWS/us-east-2","NOMINAL","cpm.first_remote_event_to_final_result_ms","host cpm metric derived from canonical-ledger endpoints","first remote event","final result durable","28619.637","","","multi-owner span","request execution incl CLIP/UNET/VAE/output transport","n/a","request part","","durable-write transport follows outside restore domain","overlaps executor spans","crosses restore boundary; multi-owner","TOTAL_FOR_MEASURED_OPERATION","PARTIAL","MIXED","RAW","ComfyUI\comfymodal-data\benchmarks\runs\v2_2026-08-25_07-00-09\run_001_sample.json (+run_0.json)"
"C-K1","v2_2026-08-25_07-00-09","v2-benchmark-0-0cd7501c769f","34686e386040dece","AWS/us-east-2","NOMINAL","snapshot_callback_age_at_restore_ms","modal_app.py:10274-10288 callback-age marker","snapshot callback return marker(cross-process check)","restore-time read of marker age","717230.042","","","state_metric not interval","n/a","n/a","n/a","capture-state debt carried INTO restore","","covariate for cross-era comparability; not additive","","TOTAL_FOR_MEASURED_OPERATION","UNKNOWN","NONE_PROVEN","RAW","ComfyUI\comfymodal-data\benchmarks\runs\v2_2026-08-25_07-00-09\run_001_sample.json (+run_0.json)"
"C-K1","v2_2026-08-25_07-01-28","v2-benchmark-0-518c470f4b49","34686e386040dece","AWS/eu-south-2","NOMINAL","cpm.restore_total_ms","modal_app.py:10456(perf_start)->11923-11926(stamp); host cpm derivation","_restore_perf_start(modal_app.py:10456)","stamp in _do_restore_finalization(:11923)","480.695","480.695","541.59","yes:snapshot_restore/restore_gpu_state/cuda_init children","no explicit sleep/poll on path","n/a","n/a","eviction/lazy-init/frozen-manifest/clip-demand-install occur BEFORE perf_start (excluded from timer)","return-tail(marker/prints/GPU-detect)+method-entry seam excluded from timer","background folder-warm+cgroup sampler launched inside, continue after return","observability probes/advisory warm launch inside(ms-scale); CUDA driver init inside(owned dependency)","PARTIAL_FOR_MEASURED_OPERATION","PARTIAL","MIXED","RAW","ComfyUI\comfymodal-data\benchmarks\runs\v2_2026-08-25_07-01-28\run_001_sample.json (+run_0.json)"
"C-K1","v2_2026-08-25_07-01-28","v2-benchmark-0-518c470f4b49","34686e386040dece","AWS/eu-south-2","NOMINAL","snapshot_restore_ms(stage_durations)","runtime_bootstrap.py:2007(snapshot_restore_start)->2478(snapshot_restore_end)","bootstrap.restore() metadata capture","host fingerprint + snapshot_restore_end","440.47","","","yes:gpu_state/cuda_init/reload timers inside","no explicit wait; volume reload only if invoked(not invoked here)","n/a","n/a","identity/configure_runtime precede within restore_total","finalize segment follows within restore_total","no","none proven","TOTAL_FOR_MEASURED_OPERATION","PARTIAL","NONE_PROVEN","RAW","ComfyUI\comfymodal-data\benchmarks\runs\v2_2026-08-25_07-01-28\run_001_sample.json (+run_0.json)"
"C-K1","v2_2026-08-25_07-01-28","v2-benchmark-0-518c470f4b49","34686e386040dece","AWS/eu-south-2","NOMINAL","restore_gpu_state_ms(variance_stage)","runtime_bootstrap.py:2025-2033 variance_stage(restore_gpu_state)","restore_gpu_state_start event","restore_gpu_state_end event","326.981","","","no","no explicit wait","n/a","n/a","inside bootstrap inside restore_total","","no","none proven","TOTAL_FOR_MEASURED_OPERATION","PARTIAL","NONE_PROVEN","RAW","ComfyUI\comfymodal-data\benchmarks\runs\v2_2026-08-25_07-01-28\run_001_sample.json (+run_0.json)"
"C-K1","v2_2026-08-25_07-01-28","v2-benchmark-0-518c470f4b49","34686e386040dece","AWS/eu-south-2","NOMINAL","cuda_init_ms(variance_stage)","runtime_bootstrap.py:2036-2053 variance_stage(cuda_init)","cuda_init_start event","cuda_init_end event","5.12","","","no","time spent inside driver/platform context creation","CUDA context init","owned dependency(contractual)","inside bootstrap inside restore_total","","no","","TOTAL_FOR_MEASURED_OPERATION","PARTIAL","NONE_PROVEN","RAW","ComfyUI\comfymodal-data\benchmarks\runs\v2_2026-08-25_07-01-28\run_001_sample.json (+run_0.json)"
"C-K1","v2_2026-08-25_07-01-28","v2-benchmark-0-518c470f4b49","34686e386040dece","AWS/eu-south-2","NOMINAL","reload_runtime_state_ms / reload_models_ms","runtime_bootstrap.py:2156-2244 decision+variance_stage; merged modal_app.py:11952-11970","decision gate entry","skip on generation match(fail-closed else reload)","0.0","","","no","network Volume reload WOULD be external blocking if invoked","not invoked on this run","owned obligation when invoked","inside bootstrap","","no","skipped_generation_match/not_invoked decisions recorded","TOTAL_FOR_MEASURED_OPERATION","PARTIAL","NONE_PROVEN","RAW","ComfyUI\comfymodal-data\benchmarks\runs\v2_2026-08-25_07-01-28\run_001_sample.json (+run_0.json)"
"C-K1","v2_2026-08-25_07-01-28","v2-benchmark-0-518c470f4b49","34686e386040dece","AWS/eu-south-2","NOMINAL","cpm.remote_python_resume_to_restore_start_ms","host cpm metric derived from canonical-ledger endpoints","remote_python_resume point","derived restore_start point(equals resume by construction)","0.0","","","no","misleading if read as timer start; remote perf_start is later(proven via wall-gap)","n/a","platform","","","host-side derivation only","","TOTAL_FOR_MEASURED_OPERATION","PARTIAL","NONE_PROVEN","RAW","ComfyUI\comfymodal-data\benchmarks\runs\v2_2026-08-25_07-01-28\run_001_sample.json (+run_0.json)"
"C-K1","v2_2026-08-25_07-01-28","v2-benchmark-0-518c470f4b49","34686e386040dece","AWS/eu-south-2","NOMINAL","cpm.restore_to_method_entry_ms","host cpm metric derived from canonical-ledger endpoints","restore() return(dict handed to Modal)","run_plan_stream method entry","160.147","","","no","Modal method-dispatch gap","method dispatch","Modal platform(unowned by restore code)","","request-part setup follows","seam belongs to neither part timer today","","TOTAL_FOR_MEASURED_OPERATION","UNKNOWN","EXTERNAL_BLOCKING","RAW","ComfyUI\comfymodal-data\benchmarks\runs\v2_2026-08-25_07-01-28\run_001_sample.json (+run_0.json)"
"C-K1","v2_2026-08-25_07-01-28","v2-benchmark-0-518c470f4b49","34686e386040dece","AWS/eu-south-2","NOMINAL","cpm.method_entry_to_first_remote_event_ms","host cpm metric derived from canonical-ledger endpoints","run_plan_stream entry","first remote event emission","1348.48","","","no","request-owned setup work","n/a","request part","","","request-part domain; context only","","TOTAL_FOR_MEASURED_OPERATION","PARTIAL","NONE_PROVEN","RAW","ComfyUI\comfymodal-data\benchmarks\runs\v2_2026-08-25_07-01-28\run_001_sample.json (+run_0.json)"
"C-K1","v2_2026-08-25_07-01-28","v2-benchmark-0-518c470f4b49","34686e386040dece","AWS/eu-south-2","NOMINAL","cpm.command_start_to_python_resume_ms(domain A)","host cpm metric derived from canonical-ledger endpoints","local command start","first executable Python line of restore()","10330.244","","","no","provisioning/scheduling/snapshot-materialization wait","Modal platform readiness","Modal platform","","","excluded from every restore timer by design","","TOTAL_FOR_MEASURED_OPERATION","PARTIAL","EXTERNAL_BLOCKING","RAW","ComfyUI\comfymodal-data\benchmarks\runs\v2_2026-08-25_07-01-28\run_001_sample.json (+run_0.json)"
"C-K1","v2_2026-08-25_07-01-28","v2-benchmark-0-518c470f4b49","34686e386040dece","AWS/eu-south-2","NOMINAL","cpm.submission_to_remote_python_resume_ms(domain A)","host cpm metric derived from canonical-ledger endpoints","submission","first Python line","3876.623","","","no","queue+scheduling wait","Modal platform readiness","Modal platform","","","never add to internal restore intervals","","TOTAL_FOR_MEASURED_OPERATION","PARTIAL","EXTERNAL_BLOCKING","RAW","ComfyUI\comfymodal-data\benchmarks\runs\v2_2026-08-25_07-01-28\run_001_sample.json (+run_0.json)"
"C-K1","v2_2026-08-25_07-01-28","v2-benchmark-0-518c470f4b49","34686e386040dece","AWS/eu-south-2","NOMINAL","cpm.first_remote_event_to_final_result_ms","host cpm metric derived from canonical-ledger endpoints","first remote event","final result durable","24280.114","","","multi-owner span","request execution incl CLIP/UNET/VAE/output transport","n/a","request part","","durable-write transport follows outside restore domain","overlaps executor spans","crosses restore boundary; multi-owner","TOTAL_FOR_MEASURED_OPERATION","PARTIAL","MIXED","RAW","ComfyUI\comfymodal-data\benchmarks\runs\v2_2026-08-25_07-01-28\run_001_sample.json (+run_0.json)"
"C-K1","v2_2026-08-25_07-01-28","v2-benchmark-0-518c470f4b49","34686e386040dece","AWS/eu-south-2","NOMINAL","snapshot_callback_age_at_restore_ms","modal_app.py:10274-10288 callback-age marker","snapshot callback return marker(cross-process check)","restore-time read of marker age","791265.923","","","state_metric not interval","n/a","n/a","n/a","capture-state debt carried INTO restore","","covariate for cross-era comparability; not additive","","TOTAL_FOR_MEASURED_OPERATION","UNKNOWN","NONE_PROVEN","RAW","ComfyUI\comfymodal-data\benchmarks\runs\v2_2026-08-25_07-01-28\run_001_sample.json (+run_0.json)"
"C-PREK1","v2_2026-08-25_02-55-12","v2-benchmark-0-61b4e2bd9f9e","32d4119609eca0cc","GCP/us-east-1","NOMINAL","ledger span restore:early","critical_path_ledger begin_span sites modal_app.py:10197-12241 lane=RESTORE","span open at exact code site(mono axis)","finish at next boundary site","7.539","","","spans tile resume->exit sequentially","per-span work/wait/sync fields all 0.0 on these runs","n/a","n/a","tiles the restore window; excludes domain A","return tail(~52-56ms) after last span","no","none proven","TOTAL_FOR_MEASURED_OPERATION","PARTIAL","NONE_PROVEN","RAW","ComfyUI\comfymodal-data\benchmarks\runs\v2_2026-08-25_02-55-12\run_001_sample.json"
"C-PREK1","v2_2026-08-25_02-55-12","v2-benchmark-0-61b4e2bd9f9e","32d4119609eca0cc","GCP/us-east-1","NOMINAL","ledger span restore:eviction","critical_path_ledger begin_span sites modal_app.py:10197-12241 lane=RESTORE","span open at exact code site(mono axis)","finish at next boundary site","1.285","","","spans tile resume->exit sequentially","per-span work/wait/sync fields all 0.0 on these runs","n/a","n/a","tiles the restore window; excludes domain A","return tail(~52-56ms) after last span","no","none proven","TOTAL_FOR_MEASURED_OPERATION","PARTIAL","NONE_PROVEN","RAW","ComfyUI\comfymodal-data\benchmarks\runs\v2_2026-08-25_02-55-12\run_001_sample.json"
"C-PREK1","v2_2026-08-25_02-55-12","v2-benchmark-0-61b4e2bd9f9e","32d4119609eca0cc","GCP/us-east-1","NOMINAL","ledger span restore:snapshot","critical_path_ledger begin_span sites modal_app.py:10197-12241 lane=RESTORE","span open at exact code site(mono axis)","finish at next boundary site","0.041","","","spans tile resume->exit sequentially","per-span work/wait/sync fields all 0.0 on these runs","n/a","n/a","tiles the restore window; excludes domain A","return tail(~52-56ms) after last span","no","none proven","TOTAL_FOR_MEASURED_OPERATION","PARTIAL","NONE_PROVEN","RAW","ComfyUI\comfymodal-data\benchmarks\runs\v2_2026-08-25_02-55-12\run_001_sample.json"
"C-PREK1","v2_2026-08-25_02-55-12","v2-benchmark-0-61b4e2bd9f9e","32d4119609eca0cc","GCP/us-east-1","NOMINAL","ledger span restore:preamble","critical_path_ledger begin_span sites modal_app.py:10197-12241 lane=RESTORE","span open at exact code site(mono axis)","finish at next boundary site","919.032","","","spans tile resume->exit sequentially","per-span work/wait/sync fields all 0.0 on these runs","n/a","n/a","tiles the restore window; excludes domain A","return tail(~52-56ms) after last span","no","interior composition UNATTRIBUTED","TOTAL_FOR_MEASURED_OPERATION","PARTIAL","UNKNOWN","RAW","ComfyUI\comfymodal-data\benchmarks\runs\v2_2026-08-25_02-55-12\run_001_sample.json"
"C-PREK1","v2_2026-08-25_02-55-12","v2-benchmark-0-61b4e2bd9f9e","32d4119609eca0cc","GCP/us-east-1","NOMINAL","ledger span restore:bootstrap","critical_path_ledger begin_span sites modal_app.py:10197-12241 lane=RESTORE","span open at exact code site(mono axis)","finish at next boundary site","743.837","","","spans tile resume->exit sequentially","per-span work/wait/sync fields all 0.0 on these runs","n/a","n/a","tiles the restore window; excludes domain A","return tail(~52-56ms) after last span","no","none proven","TOTAL_FOR_MEASURED_OPERATION","PARTIAL","NONE_PROVEN","RAW","ComfyUI\comfymodal-data\benchmarks\runs\v2_2026-08-25_02-55-12\run_001_sample.json"
"C-PREK1","v2_2026-08-25_02-55-12","v2-benchmark-0-61b4e2bd9f9e","32d4119609eca0cc","GCP/us-east-1","NOMINAL","ledger span restore:preload","critical_path_ledger begin_span sites modal_app.py:10197-12241 lane=RESTORE","span open at exact code site(mono axis)","finish at next boundary site","0.422","","","spans tile resume->exit sequentially","per-span work/wait/sync fields all 0.0 on these runs","n/a","n/a","tiles the restore window; excludes domain A","return tail(~52-56ms) after last span","no","none proven","TOTAL_FOR_MEASURED_OPERATION","PARTIAL","NONE_PROVEN","RAW","ComfyUI\comfymodal-data\benchmarks\runs\v2_2026-08-25_02-55-12\run_001_sample.json"
"C-PREK1","v2_2026-08-25_02-55-12","v2-benchmark-0-61b4e2bd9f9e","32d4119609eca0cc","GCP/us-east-1","NOMINAL","ledger span restore:finalize","critical_path_ledger begin_span sites modal_app.py:10197-12241 lane=RESTORE","span open at exact code site(mono axis)","finish at next boundary site","7.215","","","spans tile resume->exit sequentially","per-span work/wait/sync fields all 0.0 on these runs","n/a","n/a","tiles the restore window; excludes domain A","return tail(~52-56ms) after last span","no","none proven","TOTAL_FOR_MEASURED_OPERATION","PARTIAL","NONE_PROVEN","RAW","ComfyUI\comfymodal-data\benchmarks\runs\v2_2026-08-25_02-55-12\run_001_sample.json"
"C-K1","v2_2026-08-25_06-51-50","v2-benchmark-0-8e43af5eed14","34686e386040dece","GCP/us-east-1","NOMINAL","ledger span restore:early","critical_path_ledger begin_span sites modal_app.py:10197-12241 lane=RESTORE","span open at exact code site(mono axis)","finish at next boundary site","7.161","","","spans tile resume->exit sequentially","per-span work/wait/sync fields all 0.0 on these runs","n/a","n/a","tiles the restore window; excludes domain A","return tail(~52-56ms) after last span","no","none proven","TOTAL_FOR_MEASURED_OPERATION","PARTIAL","NONE_PROVEN","RAW","ComfyUI\comfymodal-data\benchmarks\runs\v2_2026-08-25_06-51-50\run_001_sample.json"
"C-K1","v2_2026-08-25_06-51-50","v2-benchmark-0-8e43af5eed14","34686e386040dece","GCP/us-east-1","NOMINAL","ledger span restore:eviction","critical_path_ledger begin_span sites modal_app.py:10197-12241 lane=RESTORE","span open at exact code site(mono axis)","finish at next boundary site","1.363","","","spans tile resume->exit sequentially","per-span work/wait/sync fields all 0.0 on these runs","n/a","n/a","tiles the restore window; excludes domain A","return tail(~52-56ms) after last span","no","none proven","TOTAL_FOR_MEASURED_OPERATION","PARTIAL","NONE_PROVEN","RAW","ComfyUI\comfymodal-data\benchmarks\runs\v2_2026-08-25_06-51-50\run_001_sample.json"
"C-K1","v2_2026-08-25_06-51-50","v2-benchmark-0-8e43af5eed14","34686e386040dece","GCP/us-east-1","NOMINAL","ledger span restore:snapshot","critical_path_ledger begin_span sites modal_app.py:10197-12241 lane=RESTORE","span open at exact code site(mono axis)","finish at next boundary site","0.039","","","spans tile resume->exit sequentially","per-span work/wait/sync fields all 0.0 on these runs","n/a","n/a","tiles the restore window; excludes domain A","return tail(~52-56ms) after last span","no","none proven","TOTAL_FOR_MEASURED_OPERATION","PARTIAL","NONE_PROVEN","RAW","ComfyUI\comfymodal-data\benchmarks\runs\v2_2026-08-25_06-51-50\run_001_sample.json"
"C-K1","v2_2026-08-25_06-51-50","v2-benchmark-0-8e43af5eed14","34686e386040dece","GCP/us-east-1","NOMINAL","ledger span restore:preamble","critical_path_ledger begin_span sites modal_app.py:10197-12241 lane=RESTORE","span open at exact code site(mono axis)","finish at next boundary site","23.166","","","spans tile resume->exit sequentially","per-span work/wait/sync fields all 0.0 on these runs","n/a","n/a","tiles the restore window; excludes domain A","return tail(~52-56ms) after last span","no","none proven","TOTAL_FOR_MEASURED_OPERATION","PARTIAL","NONE_PROVEN","RAW","ComfyUI\comfymodal-data\benchmarks\runs\v2_2026-08-25_06-51-50\run_001_sample.json"
"C-K1","v2_2026-08-25_06-51-50","v2-benchmark-0-8e43af5eed14","34686e386040dece","GCP/us-east-1","NOMINAL","ledger span restore:bootstrap","critical_path_ledger begin_span sites modal_app.py:10197-12241 lane=RESTORE","span open at exact code site(mono axis)","finish at next boundary site","269.373","","","spans tile resume->exit sequentially","per-span work/wait/sync fields all 0.0 on these runs","n/a","n/a","tiles the restore window; excludes domain A","return tail(~52-56ms) after last span","no","none proven","TOTAL_FOR_MEASURED_OPERATION","PARTIAL","NONE_PROVEN","RAW","ComfyUI\comfymodal-data\benchmarks\runs\v2_2026-08-25_06-51-50\run_001_sample.json"
"C-K1","v2_2026-08-25_06-51-50","v2-benchmark-0-8e43af5eed14","34686e386040dece","GCP/us-east-1","NOMINAL","ledger span restore:preload","critical_path_ledger begin_span sites modal_app.py:10197-12241 lane=RESTORE","span open at exact code site(mono axis)","finish at next boundary site","0.413","","","spans tile resume->exit sequentially","per-span work/wait/sync fields all 0.0 on these runs","n/a","n/a","tiles the restore window; excludes domain A","return tail(~52-56ms) after last span","no","none proven","TOTAL_FOR_MEASURED_OPERATION","PARTIAL","NONE_PROVEN","RAW","ComfyUI\comfymodal-data\benchmarks\runs\v2_2026-08-25_06-51-50\run_001_sample.json"
"C-K1","v2_2026-08-25_06-51-50","v2-benchmark-0-8e43af5eed14","34686e386040dece","GCP/us-east-1","NOMINAL","ledger span restore:finalize","critical_path_ledger begin_span sites modal_app.py:10197-12241 lane=RESTORE","span open at exact code site(mono axis)","finish at next boundary site","6.951","","","spans tile resume->exit sequentially","per-span work/wait/sync fields all 0.0 on these runs","n/a","n/a","tiles the restore window; excludes domain A","return tail(~52-56ms) after last span","no","none proven","TOTAL_FOR_MEASURED_OPERATION","PARTIAL","NONE_PROVEN","RAW","ComfyUI\comfymodal-data\benchmarks\runs\v2_2026-08-25_06-51-50\run_001_sample.json"
"C-R43","v2_2026-08-23_20-55-38","v2-benchmark-0-572fc2022494","02ab046e2777f53e","AWS/us-east-2","NOMINAL","ledger span restore:early","critical_path_ledger begin_span sites modal_app.py:10197-12241 lane=RESTORE","span open at exact code site(mono axis)","finish at next boundary site","6.658","","","spans tile resume->exit sequentially","per-span work/wait/sync fields all 0.0 on these runs","n/a","n/a","tiles the restore window; excludes domain A","return tail(~52-56ms) after last span","no","none proven","TOTAL_FOR_MEASURED_OPERATION","PARTIAL","NONE_PROVEN","RAW","ComfyUI\comfymodal-data\benchmarks\runs\v2_2026-08-23_20-55-38\run_001_sample.json"
"C-R43","v2_2026-08-23_20-55-38","v2-benchmark-0-572fc2022494","02ab046e2777f53e","AWS/us-east-2","NOMINAL","ledger span restore:eviction","critical_path_ledger begin_span sites modal_app.py:10197-12241 lane=RESTORE","span open at exact code site(mono axis)","finish at next boundary site","1.906","","","spans tile resume->exit sequentially","per-span work/wait/sync fields all 0.0 on these runs","n/a","n/a","tiles the restore window; excludes domain A","return tail(~52-56ms) after last span","no","none proven","TOTAL_FOR_MEASURED_OPERATION","PARTIAL","NONE_PROVEN","RAW","ComfyUI\comfymodal-data\benchmarks\runs\v2_2026-08-23_20-55-38\run_001_sample.json"
"C-R43","v2_2026-08-23_20-55-38","v2-benchmark-0-572fc2022494","02ab046e2777f53e","AWS/us-east-2","NOMINAL","ledger span restore:snapshot","critical_path_ledger begin_span sites modal_app.py:10197-12241 lane=RESTORE","span open at exact code site(mono axis)","finish at next boundary site","0.038","","","spans tile resume->exit sequentially","per-span work/wait/sync fields all 0.0 on these runs","n/a","n/a","tiles the restore window; excludes domain A","return tail(~52-56ms) after last span","no","none proven","TOTAL_FOR_MEASURED_OPERATION","PARTIAL","NONE_PROVEN","RAW","ComfyUI\comfymodal-data\benchmarks\runs\v2_2026-08-23_20-55-38\run_001_sample.json"
"C-R43","v2_2026-08-23_20-55-38","v2-benchmark-0-572fc2022494","02ab046e2777f53e","AWS/us-east-2","NOMINAL","ledger span restore:preamble","critical_path_ledger begin_span sites modal_app.py:10197-12241 lane=RESTORE","span open at exact code site(mono axis)","finish at next boundary site","23.087","","","spans tile resume->exit sequentially","per-span work/wait/sync fields all 0.0 on these runs","n/a","n/a","tiles the restore window; excludes domain A","return tail(~52-56ms) after last span","no","none proven","TOTAL_FOR_MEASURED_OPERATION","PARTIAL","NONE_PROVEN","RAW","ComfyUI\comfymodal-data\benchmarks\runs\v2_2026-08-23_20-55-38\run_001_sample.json"
"C-R43","v2_2026-08-23_20-55-38","v2-benchmark-0-572fc2022494","02ab046e2777f53e","AWS/us-east-2","NOMINAL","ledger span restore:bootstrap","critical_path_ledger begin_span sites modal_app.py:10197-12241 lane=RESTORE","span open at exact code site(mono axis)","finish at next boundary site","227.372","","","spans tile resume->exit sequentially","per-span work/wait/sync fields all 0.0 on these runs","n/a","n/a","tiles the restore window; excludes domain A","return tail(~52-56ms) after last span","no","none proven","TOTAL_FOR_MEASURED_OPERATION","PARTIAL","NONE_PROVEN","RAW","ComfyUI\comfymodal-data\benchmarks\runs\v2_2026-08-23_20-55-38\run_001_sample.json"
"C-R43","v2_2026-08-23_20-55-38","v2-benchmark-0-572fc2022494","02ab046e2777f53e","AWS/us-east-2","NOMINAL","ledger span restore:preload","critical_path_ledger begin_span sites modal_app.py:10197-12241 lane=RESTORE","span open at exact code site(mono axis)","finish at next boundary site","0.584","","","spans tile resume->exit sequentially","per-span work/wait/sync fields all 0.0 on these runs","n/a","n/a","tiles the restore window; excludes domain A","return tail(~52-56ms) after last span","no","none proven","TOTAL_FOR_MEASURED_OPERATION","PARTIAL","NONE_PROVEN","RAW","ComfyUI\comfymodal-data\benchmarks\runs\v2_2026-08-23_20-55-38\run_001_sample.json"
"C-R43","v2_2026-08-23_20-55-38","v2-benchmark-0-572fc2022494","02ab046e2777f53e","AWS/us-east-2","NOMINAL","ledger span restore:finalize","critical_path_ledger begin_span sites modal_app.py:10197-12241 lane=RESTORE","span open at exact code site(mono axis)","finish at next boundary site","6.469","","","spans tile resume->exit sequentially","per-span work/wait/sync fields all 0.0 on these runs","n/a","n/a","tiles the restore window; excludes domain A","return tail(~52-56ms) after last span","no","none proven","TOTAL_FOR_MEASURED_OPERATION","PARTIAL","NONE_PROVEN","RAW","ComfyUI\comfymodal-data\benchmarks\runs\v2_2026-08-23_20-55-38\run_001_sample.json"
