claim_id,candidate,era_run_or_artifact,value_ms,metric_label,boundary_start,boundary_end,clock_domain,measured_operation_completeness,golden_part_completeness,contamination,candidate_owned_work_before_interval,candidate_owned_work_after_interval,required_precondition_state,historical_critical_path_exposure,cache_state,fallback_state,evidence_tier,raw_evidence_path
T01,CAND-QD-E37,v2-benchmark-0-c9ac6e750942 (v2_2026-08-21_22-35-45),1043.5138,QD source wall (total_source_wall_ms / QD_SOURCE_IO_WALL_MS),first worker start,last source end,CD2 perf/monotonic remote,TOTAL_FOR_MEASURED_OPERATION,PARTIAL,NONE_PROVEN,none required,none pending; owner retention is lifetime not work,restore returned; plan identity complete 217125351191; qd_config QD=4 block=32MiB policy set,exposed fully in-stage,post-restore volume read; page-cache UNKNOWN,none (fallback=false),RAW,"run_001_sample.json:183-204,246; E37 report:37"
T02,CAND-QD-E37,same run (run_0.json derivation),1080.424,clip_qd_source_submit_start -> clip_qd_device_ready (OB8-F),217557183787,218637607918,CD1 monotonic delta 1080424131ns,TOTAL_FOR_MEASURED_OPERATION,PARTIAL,NONE_PROVEN,planning ~15.7ms before submit inside span,no candidate work after device_ready except views/bind/publish tail,same as T01,exposed,post-restore volume read,none,RAW_DERIVED,"run_0.json events; OB8_SOT_RED_TEAM.md sec2.F"
T03,CAND-QD-E37,same run,1052.5283,clip_qd_device_ready.wall_ms field,earliest source start,device_ready,CD2,PARTIAL_FOR_MEASURED_OPERATION (different base than T02; do not merge),PARTIAL,NONE_PROVEN,n/a,n/a,same as T01,partial,post-restore volume read,none,RAW,run_001_sample.json:261-267 and :16002-16022
T04,CAND-QD-E37,same run,1081.615,clean_lane phase interval qd_start_ns->qd_ready_ns,217556019937,218637635118,CD1,TOTAL_FOR_MEASURED_OPERATION,PARTIAL,NONE_PROVEN,span-open->qd_start planning ~15.674ms,qd_ready->publication tail 47.545ms + record emission ~5.1ms,quiescence keys all true before bind,exposed,post-restore volume read,none,RAW,run_001_sample.json:16058-16077
T05,CAND-QD-E37,same run,127.39898799983962,h2d_host_issue_total_ms (sum 240 issues),within QD phase,within QD phase,CD2,TOTAL (sub-metric),PARTIAL,NONE_PROVEN,n/a,n/a,same as T01,component,post-restore volume read,none,RAW,run_001_sample.json:216-221
T06,CAND-QD-E37,same run,27.3155,h2d_device_ms (max per-copy CUDA event critical path),within QD phase,within QD phase,CD7 CUDA event,TOTAL (sub-metric),PARTIAL,NONE_PROVEN,n/a,n/a,same as T01,component,post-restore volume read,none,RAW,run_001_sample.json:216-221
T07,CAND-QD-E37,same run,9.9985,first_completion_latency_ms,first worker start,first completion,CD2,TOTAL (sub-metric),PARTIAL,NONE_PROVEN,n/a,n/a,same as T01,component,post-restore volume read,none,RAW,run_001_sample.json:167-171
T08,CAND-QD-E37,same run,1033.5153,tail_completion_latency_ms (spread to last block),first completion,last completion,CD2,TOTAL (sub-metric),PARTIAL,NONE_PROVEN,n/a,n/a,same as T01,component,post-restore volume read,none,RAW,run_001_sample.json:183-188
T09,CAND-QD-E37,same run,47.545,qd_ready -> clip_device_ready publication tail (arithmetic),218637635118,218685180002,CD1 arithmetic,TOTAL_FOR_MEASURED_OPERATION (derived),component-of-TOTAL,NONE_PROVEN,included bind_wait 0.142ms + assign-bind,n/a,same as T01,component,post-restore volume read,none,DERIVED,run_001_sample.json:16060 and :16506
T10,CAND-QD-E37,same run,0.142,clip_bind_wait_end wait_ms success=true,218685070892,218685166992,CD1,TOTAL (sub-metric),component-of-TOTAL,NONE_PROVEN,n/a,n/a,assign-bind precedes wait,component,post-restore volume read,none,RAW,run_001_sample.json:16447-16483
T11,CAND-QD-E37,same run,1149.953,ledger span 'CLIP hydration' s15 (_try_fast_hydrate open->close),217540345940,218690303521,CD1 monotonic; duration independent perf_counter,TOTAL_FOR_MEASURED_OPERATION,TOTAL-equivalent boundary for GoldenClipLoad (n=1 capability proof),NONE_PROVEN (forbidden_overlap=[] gpu_operation_overlap=[]),~15.674ms planning head inside span,residency-proof scan + hydration-record emission inside span tail (~52.668ms),all seven quiescence keys true pre-bind; restored CPU payload redundant-but-unconsumed,fully exposed,post-restore volume read; page-cache unrecorded,none fallback_count=0,RAW,"run_001_sample.json:649-656,1152-1178"
T12,CAND-QD-E37,same run,1144.903,canonical loader_interval wall (clip_loader_start->clip_device_ready),217540276720,218685180002,CD1,TOTAL_FOR_MEASURED_OPERATION,PARTIAL (ends at endpoint emit; excludes ~5ms residency scan + record emission),NONE_PROVEN,loader start precedes span open by ~69us,n/a,same as T01,mostly exposed,post-restore volume read,none,RAW,run_001_sample.json:16600-16614
T13,CAND-QD-E37,same run,1085.319,file_to_gpu_wall_ms field of clip_fh_hydration_end (wraps clip_qd_load call only),t_load perf_counter,t_loaded perf_counter,CD2,TOTAL_FOR_MEASURED_OPERATION(call),PARTIAL,NONE_PROVEN,n/a,bind+publish follow outside this field,same as T01,partial,post-restore volume read,none,RAW,run_001_sample.json:16631
T14,CAND-FS-D12,D12 Run2 (v2_2026-08-16_18-26-58 us-east4),4362.2,hydration decision->end outer window,decision event,end telemetry,remote wall relative t0,TOTAL_FOR_MEASURED_OPERATION,PARTIAL (wait-dominated; measures contention not candidate cost),EXTERNAL_BLOCKING (UNET meta/H2D lane overlapped bind 2850/2890ms proven),exclusion-manifest capture prep earlier at capture time,none pending (explicit sync inside window),EXCLUDED_PLACEHOLDER skeleton; manifest eligibility,exposed but inflated,first-payload-touch; backend/page-cache UNKNOWN per run,none fallback_count=0,REPORT_OVER_RAW (report tables over raw event arrays),"V2_BATCH_D12_CLIP_CRITICAL_PATH_FORENSICS.md:78-91"
T15,CAND-FS-D12,D12 Run2,1468.5,file_to_gpu fastsafetensors transport,transport start,GPU-ready,remote wall,TOTAL_FOR_MEASURED_OPERATION(transport),PARTIAL,NONE_PROVEN_IN_WINDOW,n/a,bind+sync follow outside field,same as T14,partial,unknown backend,none,REPORT_OVER_RAW,V2_BATCH_D12:86
T16,CAND-FS-D12,D12 Run2,2889.7,bind (zero-copy 398/398) + torch.cuda.synchronize(),bind start,sync end,remote wall,TOTAL_FOR_MEASURED_OPERATION(window),REQUIRED component measured separately,EXTERNAL_BLOCKING (proven mechanism),n/a,n/a,sync REQUIRED by contract closed here,wait-dominated,unknown backend,none,REPORT_OVER_RAW,V2_BATCH_D12:87-89
T17,CAND-FS-D12,D12 Run5 (v2_2026-08-16_18-29-25 us-east4),1533.5,hydration decision->end,decision,end,remote wall,TOTAL_FOR_MEASURED_OPERATION,TOTAL-equivalent boundary (uncontended),UNKNOWN (backend cache unrecorded; placement GCP),capture-time exclusion prep only,none pending,EXCLUDED_PLACEHOLDER,exposed,unknown backend,none,REPORT_OVER_RAW,"V2_BATCH_D12:93-105"
T18,CAND-FS-D12,D12 Run5,1401.9,file_to_gpu,transport start,GPU-ready,remote wall,TOTAL_FOR_MEASURED_OPERATION(transport),PARTIAL,UNKNOWN,n/a,n/a,same as T17,partial,unknown backend,none,REPORT_OVER_RAW,V2_BATCH_D12:100
T19,CAND-FS-D12,D12 Run5,120.8,bind+sync uncontended,bind start,sync end,remote wall,TOTAL_FOR_MEASURED_OPERATION(window),component,UNKNOWN,n/a,n/a,sync closed in-window,component,unknown backend,none,REPORT_OVER_RAW,V2_BATCH_D12:101
T20,CAND-FS-D12,D12 Run6 (v2_2026-08-16_18-30-19 AWS us-east-1),1952.9,hydration decision->end,decision,end,remote wall,TOTAL_FOR_MEASURED_OPERATION,TOTAL-equivalent boundary,MIXED/UNKNOWN (AWS placement variance; cache unrecorded),capture-time exclusion prep only,none pending,EXCLUDED_PLACEHOLDER,exposed,unknown backend,none,REPORT_OVER_RAW,"V2_BATCH_D12:107-118"
T21,CAND-FS-D12,D12 Run6,1850.5,file_to_gpu (AWS slower volume),transport start,GPU-ready,remote wall,TOTAL_FOR_MEASURED_OPERATION(transport),PARTIAL,UNKNOWN,n/a,n/a,same as T20,partial,unknown backend,none,REPORT_OVER_RAW,V2_BATCH_D12:113
T22,CAND-FS-D12,D12 Run6,93.8,bind+sync,bind start,sync end,remote wall,TOTAL_FOR_MEASURED_OPERATION(window),component,UNKNOWN,n/a,n/a,sync closed in-window,component,unknown backend,none,REPORT_OVER_RAW,V2_BATCH_D12:114
T23,CAND-FS-D12,C9 battery (c9fs_pipeline_event.json:17),2172.92,fastsafe_file_gpu_wall_ms UNET analog,wrong model — NOT CLIP evidence,excluded,wall incl gc.collect+synchronize,TOTAL_FOR_MEASURED_OPERATION(UNET),NOT_APPLICABLE_TO_CLIP,INVALID comparison class,true-cold standalone,none,true-cold explicit,n/a,true cold (UNET),n/a,RAW,"OB8_NUMERIC_BOUNDARY_AUDIT.csv row17; O3 F026/F033"
T24,CAND-FS-REQ,R44I3 ARM A gate1 req v2-benchmark-0-22f1972f43f3 (v2_2026-08-24_21-37-12),1448.965,fastsafe_copy_wall_ms,copy call window,copy return,perf_counter remote,TOTAL_FOR_MEASURED_OPERATION(library copy),PARTIAL,UNKNOWN per-run,header descriptors+gates before (measured separately 18.756ms),construction follows outside field (255.707ms),allocated_before=0 fresh transport; dtype gates bf16 pass,partial,fresh transport; page-cache UNKNOWN,none ok=true,RAW,run_001_sample.json:7303
T25,CAND-FS-REQ,same run,1566.653,file_to_gpu_wall_ms,_fastsafe_load entry,_fastsafe_load return,perf_counter,TOTAL_FOR_MEASURED_OPERATION(transport-only),PARTIAL (construction excluded),UNKNOWN,n/a,construction+validation+publication outside,same as T24,partial,fresh transport,none,RAW,run_001_sample.json:7307
T26,CAND-FS-REQ,same run,255.707,construction_wall_ms / bind_ms (scoped seams construct+assign loadsd+validate),construct start,publish-prep end,perf_counter,TOTAL_FOR_MEASURED_OPERATION(construction),REQUIRED component measured separately,UNKNOWN,n/a,publication + residency register (~40.799ms) follow,same-storage proof inside this window,component,fresh transport,none,RAW,run_001_sample.json:7264,7279-7280
T27,CAND-FS-REQ,same run,40.799,clip_fastsafe_residency_register wall (load_models_gpu bookkeeping),register call,return,perf_counter,TOTAL_FOR_MEASURED_OPERATION(bookkeeping),publication component,UNKNOWN,n/a,after publication,same-storage already proven,component,fresh transport,none,RAW,run_001_sample.json:7248-7256
T28,CAND-FS-REQ,same run,1841,ARITHMETIC descriptor+file_to_gpu+construction (18.756+1566.653+255.707),not a measurement,not a measurement,n/a,DERIVED_NOT_A_MEASUREMENT,closest class offer; still missing pending-H2D proof,UNKNOWN,n/a,n/a,n/a,derived only,fresh transport,none,DERIVED,this audit from T24-T26 fields
T29,CAND-FS-REQ,v2_2026-08-24_21-38-23,2369.602,fastsafe_copy_wall_ms,copy window,copy return,perf_counter,TOTAL_FOR_MEASURED_OPERATION(copy),PARTIAL,UNKNOWN,n/a,construction 310.889 follows,fresh transport,partial,fresh transport,none,RAW,run_001_sample.json:7301
T30,CAND-FS-REQ,v2_2026-08-24_21-38-23,2433.15,file_to_gpu_wall_ms,load entry,load return,perf_counter,TOTAL_FOR_MEASURED_OPERATION(transport-only),PARTIAL,UNKNOWN,n/a,n/a,fresh transport,partial,fresh transport,none,RAW,run_001_sample.json:7305
T31,CAND-FS-REQ,v2_2026-08-24_21-39-59,2226.318,fastsafe_copy_wall_ms,copy window,copy return,perf_counter,TOTAL_FOR_MEASURED_OPERATION(copy),PARTIAL,UNKNOWN,n/a,construction 295.955 follows,fresh transport,partial,fresh transport,none,RAW,run_001_sample.json:7301
T32,CAND-FS-REQ,v2_2026-08-24_21-39-59,2283.353,file_to_gpu_wall_ms,load entry,load return,perf_counter,TOTAL_FOR_MEASURED_OPERATION(transport-only),PARTIAL,UNKNOWN,n/a,n/a,fresh transport,partial,fresh transport,none,RAW,run_001_sample.json:7305
T33,CAND-FS-REQ,K1 reference-bad v2_2026-08-25_02-55-12,1366.646,fastsafe_copy_wall_ms (CLIP leg),copy window,copy return,perf_counter,TOTAL_FOR_MEASURED_OPERATION(copy),PARTIAL,UNKNOWN (era is reference-bad for RESTORE not CLIP),n/a,construction 368.265 follows,fresh transport,partial,fresh transport,none,RAW,run_001_sample.json:7307
T34,CAND-FS-REQ,K1 reference-bad v2_2026-08-25_02-55-12,1497.197,file_to_gpu_wall_ms,load entry,load return,perf_counter,TOTAL_FOR_MEASURED_OPERATION(transport-only),PARTIAL,UNKNOWN,n/a,n/a,fresh transport,partial,fresh transport,none,RAW,run_001_sample.json:7311
T35,CAND-FS-REQ,v2_2026-08-25_16-04-15,26390.147,file_to_gpu_wall_ms PATHOLOGICAL OUTLIER,load entry,load return,perf_counter,TOTAL_FOR_MEASURED_OPERATION(raw),UNKNOWN (cause uninstrumented),UNKNOWN (external stall suspected UNPROVEN),n/a,construction 384.932 follows,fresh transport,unknown,fresh transport,ok=true recorded,RAW,run_001_sample.json:7312
T36,CAND-FS-REQ,K4 era (r42 K4 report:106),1429.867,K4 file_to_gpu (copy 1359.126 setup 7.318),copy window,GPU-ready,wall,TOTAL_FOR_MEASURED_OPERATION(transport),PARTIAL,MIXED confidence RAW/NARRATIVE,n/a,fast_load total 1967.930 incl construction/bind 396.53 same_storage_assign 398/398,fresh transport,partial,fresh transport,none,MIXED,O3_FACTS.jsonl F026
T37,CAND-FS-REQ,R44E era (r42 R44E report:204),1934.712,R44E_CLIP_FASTSAFE_COPY_MS,copy window,copy return,wall,TOTAL_FOR_MEASURED_OPERATION(copy),PARTIAL,MIXED,n/a,n/a,fresh transport,partial,fresh transport,none,MIXED,O3_FACTS.jsonl F026
T38,CAND-FS-REQ,J1 cohort (r42 J1 log:105,793),"1517.928 / 1366.646",fastsafe_copy_wall_ms cohort rows,copy windows,copy returns,log fields,TOTAL_FOR_MEASURED_OPERATION(copy),PARTIAL,MIXED,n/a,n/a,fresh transport,partial,fresh transport,none,RAW_LOG_FIELDS,O3_FACTS.jsonl F026
T39,CAND-SPEC-E26,E26 cycle1 req v2-benchmark-0-85d5e64941a9 (us-east1),2590,speculative producer read completed UNCONSUMED,lane start,lane done,report narrative,TOTAL_FOR_MEASURED_OPERATION(producer),hidden-inclusive share of stage,UNRELATED_WORK (duplicate followed),producer ran during setup by design,demand re-read followed,manifest paths frozen at plan receipt,hidden under setup,fresh container first payload touch,none (structural valid),REPORT_ONLY,"V2_BATCH_E26_CONCRETE_COLD_WINS.md:378-397"
T40,CAND-SPEC-E26,E26 cycle1,2610,demand second full 8GB re-read (take returned None no join),demand entry,re-read done,report narrative,TOTAL_FOR_MEASURED_OPERATION(demand),exposed portion only,UNRELATED_WORK duplication materialized,n/a,n/a,same,fully exposed,fresh container,none,REPORT_ONLY,V2_BATCH_E26:386-393
T41,CAND-SPEC-E26,E26 cycle2 run1 req v2-benchmark-0-5b75574863e7 (us-east4),2429.8,exposed CLIP hydration when consumed (join+verify+bind),demand arrival,hydration end,report narrative,TOTAL_FOR_MEASURED_OPERATION(demand side),PARTIAL (producer read predemand hidden share UNKNOWN),MIXED (overlap-with-setup is the mechanism),producer full read during setup (joined_lane_ms 2119.9-2432.8 covers wait),verify+bind at demand then publication,spec consumed taken=1 duplicate NO,exposed join only; inclusive UNKNOWN,fresh container,none fallback 0,REPORT_ONLY,"V2_BATCH_E26:404-424,587"
T42,CAND-SPEC-E26,E26 cycle2 run2 req v2-benchmark-0-8cff03a70fb4 (us-east4),2075.5,exposed CLIP hydration when consumed,demand arrival,hydration end,report narrative,TOTAL_FOR_MEASURED_OPERATION(demand side),PARTIAL,MIXED,same as T41,same as T41,same,same,same,same,REPORT_ONLY,"V2_BATCH_E26:404-424,588"
T43,CAND-NATIVE,REAL_CLIP_CACHE_MISS R1/R2/R3 (v2_2026-08-12_*),2225.089/2230.805/2279.842,to_wall_ms native FAST-DISK **UNET** load (bind+to cuda:0) — OB2 misattributed these to CLIP-C4,wrong model — INVALID as CLIP-load claim,excluded for CLIP,mono direct overlap verified 0.0ms vs encode,TOTAL_FOR_MEASURED_OPERATION(UNET),NOT_APPLICABLE_TO_CLIP,n/a (serial vs CLIP encode),n/a,n/a,CLIP was snapshot-RETAINED in these runs (cpu_snapshot_clip_vae_bind ok clip_present=1) so no native CLIP load occurred,strictly serial with encode,conditioning true-cold hit_count=0 miss_count=1;n/a for weights,not applicable,RAW_REPORTED,"REAL_CLIP_CACHE_MISS_REPORT.md:40-51"
T44,CAND-NATIVE,same three runs,"1271.832 / 1385.929 / 1454.204",CLIPTextEncode node wall (loader_invoke) on RETAINED snapshot CLIP with conditioning forced miss,node entry,node exit,remote event pairs,TOTAL_FOR_MEASURED_OPERATION(encode node),NOT_A_LOAD (includes tokenize+schedule+encode of retained model),NONE_PROVEN,n/a,n/a,retained CLIP published pre-node,serial,fresh container conditioning-cold,not the fallback path exercised,RAW_REPORTED,REAL_CLIP_CACHE_MISS_REPORT.md:32-38
T45,CAND-NATIVE,same runs,"162.962 / 213.84 / 472.854",conditioning cache lookup_wall_ms,lookup start,lookup end,event pairs,TOTAL_FOR_MEASURED_OPERATION(lookup),component (conditioning not weights),NONE_PROVEN,n/a,n/a,cache empty,serial,true cold miss,none,RAW_REPORTED,REAL_CLIP_CACHE_MISS_REPORT.md:32-33,70
T46,CAND-NATIVE,same runs,"928.605 / 1668.254 / 932.587",cache store wall (98% Volume.commit RPC),store start,store end,event pairs,TOTAL_FOR_MEASURED_OPERATION(store),outside load proper,NONE_PROVEN,n/a,n/a,n/a,serial,true cold miss,store itself,RAW_REPORTED,REAL_CLIP_CACHE_MISS_REPORT.md:36-37
T47,REJ-R41R42,R42 golden gate (falsified headline),4.4916,'R42 QD collapse' — value is ms-scale per-block probe timing (unit error); no seconds measurement exists anywhere,invalid unit,invalid unit,n/a,FALSIFIED (OB8 SUPERSEDE I),n/a,n/a,n/a,n/a,n/a,never integrated into root request path,n/a,n/a,REJECTED,"OB8 sec2.I; _e27_clip_qd_evidence.json:1575"
T48,REJ-E27PROBE,E27 probe matrix,"QD1=1047.32;QD2=403.02;QD4=191.42;QD8=178.78",source-only positional reads (H2D/header/allocation excluded by construction),probe start,read end,probe context,TOTAL_FOR_MEASURED_OPERATION(source-only probe),NOT_A_LOADER_CANDIDATE,PAGE_CACHE_WARM_SUSPECTED (majflt=0 after mmap pass),n/a,n/a,probe-only,geometry-selection evidence only,mixed/suspected warm,n/a,RAW,"O3_CLIP_RUN_PROVENANCE.csv row4; OB2 sec1 rejected-evidence"
