claim_id,run_dir,request_id,metric_source,boundary_start_mono_ns,boundary_end_mono_ns,wall_ms,thread_cpu_ms,process_cpu_ms_in_window,classification,contract_verdict_vs_goldenclipforward,tokenize_inside,load_models_gpu_clip_inside,cond_assembly_inside,external_activity_in_interval,waits_locks_futures_inside,gpu_busy_telemetry,model_ready_state,candidate_owned_before_timer_ms,candidate_owned_after_timer_ms,instrumentation_perturbation,comparable_to_e37_1110221,evidence_refs
E37-s17,v2_2026-08-21_22-35-45,v2-benchmark-0-c9ac6e750942,ledger span s17 "CLIP forward",218695575911,219805800150,1110.221,590,990,MEASURED_OPERATION_COMPLETENESS,PARTIAL,no,no,no,none recorded; ~400ms other-thread CPU UNKNOWN owner,none visible,absent (era has no probes),GPU-resident via QD bind; lmg 0.803ms near-noop,QD read 1043.5 + H2D 27.3 + bind + gpu_prepare 2.13 (~1076),~1.1 assembly + cache decision (persisted 0),us-class wrapper overhead only,reference,E37 run_001_sample.json s17; trace 16882/16910/17206/17307; E38B chain line 91
E37-event-pair,v2_2026-08-21_22-35-45,v2-benchmark-0-c9ac6e750942,trace clip_forward_start/end wrapper pair (clip_span=clip_forward),218695312181,219806290960,1110.979,590,990,MEASURED_OPERATION_COMPLETENESS,PARTIAL,no,no,no,same as E37-s17,none visible,absent,same,same,same,us-class,YES same boundary as ledger span,E37 trace events 16910/17206
E37-lane-marker-window,v2_2026-08-21_22-35-45,v2-benchmark-0-c9ac6e750942,lane marker (reason=after_clip_hydration) to outer end forward_ms=1112.455,218695225601,219807661780,1112.436,,,,NOT A TIMER BOUNDARY (gpu_lane_coordination.end_clip_hydration marker),PARTIAL,no,no,no,none,none,absent,same,same,same,none,informational only,gpu_lane_coordination.py r42:668-694; trace 16882/17307
E37-tokenize,v2_2026-08-21_22-35-45,v2-benchmark-0-c9ac6e750942,clip_tokenize wrapper pair,217524126153,217532251151,8.125,,,,EXCLUDED_FROM_FORWARD_SPAN,GOLDEN_PART_COMPLETENESS component outside timer,n/a,n/a,n/a,none,none,absent,pre-load tokenization,n/a,n/a,none,outside-span component of contract,E37 trace 10325/10360
E37-lmg-clip,v2_2026-08-21_22-35-45,v2-benchmark-0-c9ac6e750942,ledger span s16 model-mgmt:load_models_gpu + clip_gpu_prepare 2.13ms,218692414441,218694544301,0.803,,,,EXCLUDED_FROM_FORWARD_SPAN,GOLDEN_PART_COMPLETENESS component outside timer,n/a,n/a,n/a,none,none,absent,makes CLIP model-ready (near-noop post-bind),n/a,n/a,none,outside-span component of contract,E37 ledger s16; trace 16778/16882 region
E37-raw-encode,v2_2026-08-21_22-35-45,v2-benchmark-0-c9ac6e750942,clip_raw_encode wrapper (encode_from_tokens),217534012821,219806850920,2273.477,750,2100,MEASURED_OPERATION_COMPLETENESS,PARTIAL (adds QD load+bind+lmg+assembly; still excludes tokenize 8.125 and cache lookup),no (tokenize precedes window),inside,inside,none beyond forward-window findings,none,absent,demand-loaded in window (QD),includes full load path,n/a,wrapper only,enclosure differs from s17,E37 trace 10447/17241
E37-scheduled-cond,v2_2026-08-21_22-35-45,v2-benchmark-0-c9ac6e750942,clip_scheduled_conditioning wrapper,217533373851,219807394600,2274.747,750,2100,GOLDEN_PART_COMPLETENESS (nearest emitted enclosure; tokenize/cache lookup still outside),PARTIAL,no,inside,inside,none,none,absent,same,same,same,wrapper only,closest single enclosure available,E37 trace 10419/17282
E36-fullpath-s18,v2_2026-08-21_16-00-22,v2-benchmark-0-ff69a4c9f3da,ledger span s18 CLIP forward,458133213634,464118231332,5985.017,,,27950 (over 6017.72 event window),MEASURED_OPERATION_COMPLETENESS + CONTAMINATION (intrinsic comparison) while being actual observed wall,PARTIAL,no,no (lmg s17 11.031 outside),no,PROVEN heavy concurrent process CPU (~22.85 core-s); producer threads unnamed => composition UNKNOWN,none visible,opt_clip_forward_cuda wall_ms=6016.229 cuda_event unrealized,demand QD path era; startup-concurrency era,hydration 1593.466 + lmg 11.031,assembly tail,era wrapper us-class,NO contaminated interval,E38O par21; artifact s18; trace end fields
E36-fullpath-event-pair,v2_2026-08-21_16-00-22,v2-benchmark-0-ff69a4c9f3da,outer wrapper end duration_ms=6017.72,458131841789,464149561549,6017.72,5100,27950,CONTAMINATION for intrinsic comparison; actual wall,PARTIAL,no,no,no,same proven concurrent CPU,none,wall 6016.229 / cuda empty,same,same,same,era wrappers,NO,E36 trace events
badclean-s17,v2_2026-08-21_22-34-15,v2-benchmark-0-c76e8bc0e7c6,ledger span s17 CLIP forward,149083809099,153497718037,4413.902,2140,2610,MEASURED_OPERATION_COMPLETENESS; contamination NOT proven (excess mostly forward-thread own CPU 2140ms = 3.6x E37),PARTIAL,no,no (lmg 0.662 outside),no,unproven; other-thread residue ~470ms owner unknown,none visible,absent,same structure as E37 (marker gap 0.080ms),hydration 1168.867 + lmg 0.662,assembly ~1.4ms,wrapper only,YES boundary-equivalent; regime unexplained cause unresolved,E38O par21; artifact s17; trace end fields
REF-s15,v2_2026-08-25_02-55-12,v2-benchmark-0-61b4e2bd9f9e,ledger span s15 CLIP forward,1869354070094,1871219187702,1865.112,1230,4350,MEASURED_OPERATION_COMPLETENESS + CONTAMINATION (prep-reader class 100pct overlap; K4 par8/9),PARTIAL,no,no (gpu_prepare 9.604 outside),no,PROVEN early-UNET-prep reader active class; pcpu-tcpu ~3120ms,none visible,absent,FastSafe request-time load; ready before forward,fast_load transport before timer,assembly tail,K5-era collectors partial,NO contaminated interval; placement us-east1 vs us-south1,artifact s15; K4 par8/9; trace end 1871219543621 dur=1865.898 tcpu=1230 pcpu=4350
K1R1-s15,v2_2026-08-25_06-51-50,v2-benchmark-0-8e43af5eed14,ledger span s15 CLIP forward,77934402127,79971727471,2037.321,1220,5850,MEASURED_OPERATION_COMPLETENESS + CONTAMINATION (producer-proven prep reader 100pct overlap join after end),PARTIAL,no,no (gpu_prepare 20.73 + lmg 91.7 outside),no,PROVEN prep reader armed 74253885047 overlap_ms=2084.487 vs outer bound; ~4630ms non-forward CPU,none visible,absent,FastSafe same-storage 398/398,fast_load file_to_gpu 1429.867 + construction 396.53 before timer,UNET prep join after end,additive telemetry only,NO contaminated interval,artifact s15; K4 par4/8/9; K5 par7
K5-RUN1-s15,v2_2026-08-25_15-34-30,v2-benchmark-0-d31bdac8de3c,ledger span s15 CLIP forward,311937242185,316827564719,4890.316,1250,4990,MEASURED_OPERATION_COMPLETENESS + CONTAMINATION (exec-state proof: prep_armed prep_parked=false 100pct overlap),PARTIAL,no,no (gpu_prepare 18.293 outside),no,PROVEN prep reader advanced to 12.31GB by exit; ~3740ms non-forward CPU,none visible,RUN1 phase probes dead (disclosed absent),FastSafe env-resolved 8/256MiB/512MiB; attention_basic,fast_load window 2802.867 incl cold-gap wait,join after end,collect 0.049ms lazy probes,NO contaminated + placement unpinned us-east1,artifact s15; K5 par6/9/11
K5-RUN2-s15,v2_2026-08-25_16-00-31,v2-benchmark-0-ffab0ae32e31,ledger span s15 CLIP forward,248895159248,252440834295,3545.669,1110,4300,MEASURED_OPERATION_COMPLETENESS + CONTAMINATION,PARTIAL,no,no (gpu_prepare 11.474 outside),no,PROVEN prep overlap 100pct; ~3190ms non-forward CPU,none visible,transformer-core GPU window 3424.068; sigma block busy 213.067 => ~3080 GPU-idle inside,FastSafe same-storage; attention_basic; autocast off,fast_load 22208.748* incl harness cold-gap,join after end,collect 0.001-0.051ms,NO contaminated + placement us-west1,artifact s15; K5 par6/7/8
K5-RUN3-s15,v2_2026-08-25_16-04-15,v2-benchmark-0-55a7945a5d6e,ledger span s15 CLIP forward,455367118291,457373886377,2006.763,1250,5710,MEASURED_OPERATION_COMPLETENESS + CONTAMINATION,PARTIAL,no,no (gpu_prepare 17.62 outside),no,PROVEN prep overlap 100pct (6.19GB at entry -> 12.31GB at exit); ~4460ms non-forward CPU,none visible,transformer-core GPU window 1903.881; sigma block busy 197.738 => ~1590 GPU-idle; b0 cast ~117-133ms then ~2.3ms/block,FastSafe same-storage; ZImageTEModel_; attention_basic; manual BF16 cast,fast_load 26903.642* incl cold-gap wait,join after end,collect measured; 37/37 probes resolved lazy,NO best modern draw still +898.7 over E37; placement us-west1,artifact s15; exec_state_start metadata verbatim; K5 par6/8/12
K5-RUN2-gpu-core,v2_2026-08-25_16-00-31,v2-benchmark-0-ffab0ae32e31,clip_forward_phase_gpu transformer-core window,,,,3424.068,,,diagnostic sub-measurement (not a contract measure),n/a,n/a,n/a,n/a,n/a,yes (lazy CUDA events no-sync),same,same,same,zero-sync probes,sub-interval of RUN2 s15,K5 par6
K5-RUN2-blockbusy,v2_2026-08-25_16-00-31,v2-benchmark-0-ffab0ae32e31,sum of 36 per-block GPU intervals,,,,213.067,,,diagnostic sub-measurement,n/a,n/a,n/a,n/a,n/a,yes,same,same,same,zero-sync,implies ~3080ms GPU-idle inside forward window,K5 par6
K5-RUN3-gpu-core,v2_2026-08-25_16-04-15,v2-benchmark-0-55a7945a5d6e,clip_forward_phase_gpu transformer-core window,,,,1903.881,,,diagnostic sub-measurement,n/a,n/a,n/a,n/a,n/a,yes,same,same,same,zero-sync,sub-interval of RUN3 s15,K5 par6
K5-RUN3-blockbusy,v2_2026-08-25_16-04-15,v2-benchmark-0-55a7945a5d6e,sum of 36 per-block GPU intervals,,,,197.738,,,diagnostic sub-measurement,n/a,n/a,n/a,n/a,n/a,yes,same,same,same,zero-sync,implies ~1590ms GPU-idle inside forward window,K5 par6
K1R1-prep-overlap,v2_2026-08-25_06-51-50,v2-benchmark-0-8e43af5eed14,unet_prep_overlap_ms against outer forward bound,77889834817,79974321491,2084.487,,,CONTAMINATION channel PROVEN (producer identified: early_model_prep reader armed request-setup),overlap evidence for K1R1 forward,n/a,n/a,n/a,reader joined AFTER forward end (80103445199); 1468 reads 12309866400 bytes,none visible,n/a,same,same,same,telemetry only,establishes contamination not intrinsic slowness alone,K4 par9
