claim_id,candidate,timing_class,value,unit,clock_domain,evidence_source,evidence_status,measured_operation,measured_operation_completeness,golden_part_completeness,contamination,candidate_form,required_work_before_interval,required_work_inside_interval,required_work_after_interval,historical_critical_path_exposure,historical_overlap_with_other_golden_parts,input_state_debt,notes
OC4-001,C9 FastSafe (v2_2026-08-15_18-32-47),fastsafe_file_gpu_wall_ms,2172.92,ms,D3 remote perf_counter,V2_BATCH_C9_FASTSAFETENSORS_INTEGRATION_REPORT.md §6,RAW_EMBEDDED,copy_files_to_device call,TOTAL_FOR_MEASURED_OPERATION,PARTIAL,NONE_PROVEN,COMPLETE_PRODUCTION_STAGE,eligibility+header/parity+target/mem serial before worker B,fence+loader setup+file->GPU+view instantiation (inside worker B),bind+sweep+final to+sync+validation+patcher+owner+readiness+demand handoff,EXPOSED on request path,internal A//B only (~1758 ms hidden; union not sum),true-cold file + cold host,5.67 GB/s; threads=16 block=1GiB era
OC4-002,C9 FastSafe,meta_get_model_wall_ms,2292.86,ms,D3 remote perf_counter,V2_BATCH_C9_FASTSAFETENSORS_INTEGRATION_REPORT.md §6,RAW_EMBEDDED,meta construction get_model,TOTAL_FOR_MEASURED_OPERATION,PARTIAL,NONE_PROVEN,COMPLETE_PRODUCTION_STAGE,none,meta module build + param validate + sampling repair,bind onward,EXPOSED,overlapped worker B (A//B),cold-host outlier (C8 band 19.5-199.9 ms),component wall of pipeline; not additive with file->GPU
OC4-003,C9 FastSafe,bind_wall_ms,9.54,ms,D3 remote perf_counter,V2_BATCH_C9_FASTSAFETENSORS_INTEGRATION_REPORT.md §6,RAW_EMBEDDED,load_state_dict assign=True zero-copy,TOTAL_FOR_MEASURED_OPERATION,PARTIAL,NONE_PROVEN,COMPLETE_PRODUCTION_STAGE,workers joined + post-load gates,assign bind,data_ptr proof/sweep/to/sync/patcher,EXPOSED,none,post-transfer,vs native 109.6 ms
OC4-004,C9 FastSafe,total_pipeline_wall_ms,2743.40,ms,D1 remote mono (t0 delta),V2_BATCH_C9_FASTSAFETENSORS_INTEGRATION_REPORT.md §6,RAW_EMBEDDED,full candidate pipeline t0->owner attached->ready published,TOTAL_FOR_MEASURED_OPERATION,PARTIAL,NONE_PROVEN,COMPLETE_PRODUCTION_STAGE,eligibility/header/target/mem inside t0,worker A//B + join + gates + bind + sweep + to + sync + validate + patcher + owner,sampler-side load_models_gpu handoff (boundary not instrumented for this run),EXPOSED (non-scheduling request wall 18.33 s context),internal A//B only,true-cold file + cold host,G1-G10 met (fallback_count=0 SHA exact); complete UNET_MODEL_READY wall not reconstructible (missing demand mp_load breakdown)
OC4-005,C9 FastSafe second cold run,fastsafe_file_gpu_wall_ms,2499.30,ms,D3 remote perf_counter,V2_BATCH_C9_FASTSAFETENSORS_INTEGRATION_REPORT.md §9 addendum,RAW_EMBEDDED,copy_files_to_device call,TOTAL_FOR_MEASURED_OPERATION,PARTIAL,NONE_PROVEN,COMPLETE_PRODUCTION_STAGE,as OC4-001,as OC4-001,as OC4-001,EXPOSED,internal A//B,true-cold different region/host,4.93 GB/s
OC4-006,E27 QD probe,storage_plus_h2d_wall_ms,1020.8782,ms,D3 remote perf_counter,_e27_unet_qd_evidence.json sections.gpu_transfer,RAW_ARTIFACT,storage->pinned->async H2D full-file transport probe,TOTAL_FOR_MEASURED_OPERATION,PARTIAL,NONE_PROVEN,PROBE_ONLY,none (raw fd open),preadv into pinned + non_blocking copy_ issue loop,temp CUDA byte bufs freed; NO model/bind/patcher/validation ever exists,n/a (probe battery),none,page-cache state unrecorded for this probe,QD4/32; combined 12.0581 GB/s; h2d_device 1020.7964 dominates; host_issue 5.6668
OC4-007,E27 QD probe,h2d_device_ms,1020.7964,ms,D4 GPU cuda events,_e27_unet_qd_evidence.json sections.gpu_transfer,RAW_ARTIFACT,CUDA event elapsed across issue loop,TOTAL_FOR_MEASURED_OPERATION,PARTIAL,NONE_PROVEN,PROBE_ONLY,none,device copy window,buffer teardown,n/a,none,none,GPU-domain clock; not comparable to host walls without annotation
OC4-008,E28 FastSafe fad442b2f11b,fastsafe_file_gpu_wall_ms,452.8152,ms,D3 remote perf_counter,V2_BATCH_E28 MD embedded run_0.json unet_fastsafetensors_pipeline,RAW_ARTIFACT,copy_files_to_device call (post-fence),TOTAL_FOR_MEASURED_OPERATION,PARTIAL,NONE_PROVEN,COMPLETE_PRODUCTION_STAGE,fence wait (external) + setup precede timer INSIDE worker B,actual I/O+enqueue 452.8,instantiate+gate acquire+event record after,EXPOSED (pipeline fully exposed),A//B ~130 ms,page-cache-warm file content in container lifecycle,27.1851 GB/s; T8/256MiB/512MiB bbuf
OC4-009,E28 FastSafe fad442b2f11b,worker_b_wall_ms,6206.8911,ms,D1 remote mono (worker stamps),same as OC4-008,RAW_ARTIFACT,worker B thread lifetime,TOTAL_FOR_MEASURED_OPERATION,PARTIAL,EXTERNAL_BLOCKING,COMPLETE_PRODUCTION_STAGE,thread start,fence wait + I/O + gate + events,none,EXPOSED,blocked on CLIP forward via commit fence,cache-warm transport,NOT candidate-owned compute wall
OC4-010,E28 FastSafe fad442b2f11b,unet_gpu_commit_wait_ms,5746.928,ms,D1 remote mono accumulation,embedded run_0.json,RAW_ARTIFACT,wait_for_unet_commit blocking until clip_forward_done,TOTAL_FOR_MEASURED_OPERATION,PARTIAL (wait attribution proven; callee work external),EXTERNAL_BLOCKING,COMPLETE_PRODUCTION_STAGE,worker B start at fence entry,waiting on CLIP forward completion,none,EXPOSED (inside pipeline total),anti-overlap by design (D15 invariant),CLIP forward must complete first,timeout default 10 s; earlier cycles hit 10000.5-10001.2
OC4-011,E28 FastSafe fad442b2f11b,total_pipeline_wall_ms,6870.4504,ms,D1 remote mono (t0 delta),embedded run_0.json,RAW_ARTIFACT,full candidate pipeline incl fence wait,TOTAL_FOR_MEASURED_OPERATION,PARTIAL,MIXED,COMPLETE_PRODUCTION_STAGE,eligibility 513.87 inside t0,meta//transport + join + gates + bind + validation + patcher + owner,demand handoff outside,SAMPLER_GATED_BY=UNET; EXPOSED==6870.438,internal A//B only; CLIP overlap forbidden,cache-warm transport,minus proven fence wait = 1123.52 candidate-owned union estimate (residual slack undecomposed)
OC4-012,E28 FastSafe fad442b2f11b,eligibility_wall_ms,513.8731,ms,D3 remote perf_counter,embedded run_0.json,RAW_ARTIFACT,eligibility gates (path/config/probe/env),TOTAL_FOR_MEASURED_OPERATION,PARTIAL,NONE_PROVEN,COMPLETE_PRODUCTION_STAGE,path resolution,header parse + family/dtype/value-probe checks,none,EXPOSED,none,none,no internal decomposition captured (gap item)
OC4-013,E28 FastSafe fad442b2f11b,bind_wall_ms,6.064,ms,D3 remote perf_counter,embedded run_0.json,RAW_ARTIFACT,assign=True bind,TOTAL_FOR_MEASURED_OPERATION,PARTIAL,NONE_PROVEN,COMPLETE_PRODUCTION_STAGE,joined workers + gates,zero-copy assign,data_ptr proof etc.,EXPOSED,none,post-transfer,
OC4-014,E28 FastSafe fad442b2f11b,MODEL_READINESS_GATE_MS / EXPOSED_MODEL_READINESS_MS,6870.438,ms,D1 remote mono,gpu_lane_coordination _readiness emission in embedded run_0.json,RAW_ARTIFACT,max(CLIP_READY,UNET_READY)-started_ns,TOTAL_FOR_MEASURED_OPERATION,PARTIAL,MIXED,COMPLETE_PRODUCTION_STAGE,pipeline start,gate = UNET ready last,sampler entry seam not separately recorded,fully exposed by definition,CLIP_READY earlier (322009633733 < 322285764974),includes fence wait,readiness!=consumed; capture gate->sampling-entry latency (gap item)
OC4-015,E28 FastSafe 5f3702b75dfb,fastsafe_file_gpu_wall_ms,465.0659,ms,D3 remote perf_counter,embedded run_0.json,RAW_ARTIFACT,copy_files_to_device call (post-fence),TOTAL_FOR_MEASURED_OPERATION,PARTIAL,NONE_PROVEN,COMPLETE_PRODUCTION_STAGE,fence wait precedes timer,actual I/O+enqueue,instantiate/gate/events,EXPOSED,A//B small,page-cache-warm transport,26.469 GB/s
OC4-016,E28 FastSafe 5f3702b75dfb,unet_gpu_commit_wait_ms,3794.59,ms,D1 remote mono accumulation,embedded run_0.json,RAW_ARTIFACT,fence wait for CLIP forward,TOTAL_FOR_MEASURED_OPERATION,PARTIAL,EXTERNAL_BLOCKING,COMPLETE_PRODUCTION_STAGE,worker B start,waiting on CLIP forward,none,EXPOSED,anti-overlap by design,CLIP forward prerequisite,
OC4-017,E28 FastSafe 5f3702b75dfb,total_pipeline_wall_ms,5995.1936,ms,D1 remote mono,embedded run_0.json,RAW_ARTIFACT,full candidate pipeline incl fence wait,TOTAL_FOR_MEASURED_OPERATION,PARTIAL,MIXED,COMPLETE_PRODUCTION_STAGE,eligibility 1370.86 inside t0,meta//transport + join + gates + bind + validation + patcher + owner,demand handoff outside,EXPOSED,internal A//B only,cache-warm transport,minus fence wait = 2200.60 candidate-owned union estimate
OC4-018,E28 FastSafe 5f3702b75dfb,eligibility_wall_ms,1370.8611,ms,D3 remote perf_counter,embedded run_0.json,RAW_ARTIFACT,eligibility gates,TOTAL_FOR_MEASURED_OPERATION,PARTIAL,NONE_PROVEN,COMPLETE_PRODUCTION_STAGE,path resolution,header/probe checks,none,EXPOSED,none,none,variance vs 513.87 unexplained (gap item)
OC4-019,E28 pre-fix cycles (4 hits),unet_gpu_commit_wait_ms,10001.0 approx (10000.556/10000.698/10001.03/10001.163),ms,D1 remote mono accumulation,V2_BATCH_E28 MD embedded run_0.json,RAW_ARTIFACT,fence timeout expiry,TOTAL_FOR_MEASURED_OPERATION,PARTIAL,EXTERNAL_BLOCKING,COMPLETE_PRODUCTION_STAGE,worker B start,10 s timeout then fallback,orchestration fallback path,EXPOSED,blocked on CLIP commit,none,documents timeout bound of the fence
OC4-020,E37 e37-clean-lane-qd4,model-mgmt:load_models_gpu ledger span,840.785,ms,D1 remote monotonic_ns ledger,run_001_sample.json canonical_ledger.spans [219897561067..220738351509],RAW_ARTIFACT,outermost load_models_gpu invocation #2 (registered UNET),TOTAL_FOR_MEASURED_OPERATION,PARTIAL,NONE_PROVEN,COMPLETE_BUT_STATE_DEPENDENT,snapshot bootstrap put weights in CPU RAM + retarget; CLIP forward done,mp_load walk: traversal 11.046 + patch_weight 4.913 + residual 821.083,none (sampling starts 27.35 ms later),member of zero-gap serial ledger axis,none (clean-lane forbids overlap; none observed),CPU-RAM-resident weights from restore snapshot (state debt is the point),env FASTSAFETENSORS=0 NATIVE_FAST_DISK_UNET=1; NOT 'the UNET load time'
OC4-021,E37,mp_load duration,837.224,ms,D1 remote mono,run_001_sample.json full_trace mp_load_start/end,RAW_ARTIFACT,ModelPatcher.load wrapper interval,TOTAL_FOR_MEASURED_OPERATION,PARTIAL,NONE_PROVEN,COMPLETE_BUT_STATE_DEPENDENT,gpu_load entry,bookkeeping + weight movement,return to mm,inside ledger span,none,CPU-resident weights,reconciles with 840.785 span minus ~3.5 ms wrapper overhead
OC4-022,E37,residual_wall_ms inside mp_load,821.083,ms,D1 remote mono,run_001_sample.json model_patcher_load_breakdown,RAW_ARTIFACT,unattributed remainder of ModelPatcher.load,PARTIAL_FOR_MEASURED_OPERATION,PARTIAL,NONE_PROVEN (CPU-busy: thread_cpu 810 ms ~= 97 pct),COMPLETE_BUT_STATE_DEPENDENT,mp_load start,traversal+patch_weight accounted; remainder unattributed,none,inside ledger span,none,CPU-resident weights,sub-op composition UNKNOWN (SUPPORTED INFERENCE: CPU->GPU weight transfer ~12.31 GB ~15 GB/s + sync)
OC4-023,E37,traversal / patch_weight breakdown,"11.046 / 4.913",ms,D1 remote mono,run_001_sample.json model_patcher_load_breakdown (451 weights cast_count=0),RAW_ARTIFACT,load-list walk / patch weights application,TOTAL_FOR_MEASURED_OPERATION,PARTIAL,NONE_PROVEN,COMPLETE_BUT_STATE_DEPENDENT,mp_load start,walk+patch apply,none,inside span,none,CPU-resident weights,
OC4-024,E37,load_models_gpu_duration #1 (CLIP),0.71 / 0.803 (ledger),ms,D1 remote mono,run_001_sample.json graph_gpu_load events + ledger,RAW_ARTIFACT,model-management call over already-hydrated CLIP,TOTAL_FOR_MEASURED_OPERATION,PARTIAL (different golden part: CLIP),NONE_PROVEN,COMPLETE_BUT_STATE_DEPENDENT,CLIP hydration done,bookkeeping only,forward follows,inside ledger chain,none,state-dependent,shows bookkeeping magnitude varies with state (0.71 ms here vs K5-class 363-416 REPORT_ONLY)
OC4-025,E37,load_models_gpu #3 post-sampling (VAE),57.792 / 57.723,ms,D1 remote mono,run_001_sample.json ledger + trace,RAW_ARTIFACT,VAE demand load,TOTAL_FOR_MEASURED_OPERATION,PARTIAL (VAE golden part),NONE_PROVEN,COMPLETE_BUT_STATE_DEPENDENT,sampling done,memory_required 9099509760 bookkeeping + move,decode,inside ledger chain,none,state-dependent,outside UNET scope; listed to prevent misattribution
OC4-026,K5 class (Phase-O label),post-prep demand FastSafe,363.260,ms,UNKNOWN,not found on disk,REPORT_ONLY,demand-time load_models_gpu bookkeeping over GPU-resident fastsafe UNET (mechanics per model_preload.py:4141-4207),UNKNOWN,UNKNOWN (suffix by class definition but unverifiable),UNKNOWN,OVERLAP_DEPENDENT_STAGE,entire FastSafe pipeline elsewhere,bookkeeping walk or E25 fast-return skip,none,UNKNOWN,prep hidden elsewhere (overlap-dependent),GPU-resident fastsafe-bound model,number from Phase-O brief; no artifact match (exact+fuzzy search md/txt/log/json)
OC4-027,K5 class (Phase-O label),post-prep demand FastSafe,415.655,ms,UNKNOWN,not found on disk,REPORT_ONLY,as OC4-026,UNKNOWN,UNKNOWN,UNKNOWN,OVERLAP_DEPENDENT_STAGE,as OC4-026,as OC4-026,as OC4-026,UNKNOWN,as OC4-026,as OC4-026,
OC4-028,K5 class (Phase-O label),post-prep demand FastSafe,406.694,ms,UNKNOWN,not found on disk,REPORT_ONLY,as OC4-026,UNKNOWN,UNKNOWN,UNKNOWN,OVERLAP_DEPENDENT_STAGE,as OC4-026,as OC4-026,as OC4-026,UNKNOWN,as OC4-026,as OC4-026,
OC4-029,R42 class (Phase-O label),cache-served commit,~0.878,s,UNKNOWN,not found on disk,REPORT_ONLY,unknown cache-served commit boundary,UNKNOWN,UNKNOWN,UNKNOWN,UNKNOWN,unnamed warm state,unknown,unknown,UNKNOWN,unknown,WARM STATE CANNOT BE NAMED - must not be hidden,no implementation located; modal_logs.txt restore_total_ms 878.2 REJECTED as look-alike (different lifecycle segment)
OC4-030,J1 class (Phase-O label),warm-commit,~0.4-0.7,s,UNKNOWN,not found on disk,REPORT_ONLY,prefetch-lane commit consumed at graph_unet_demand (nearest mechanism model_preload.py:14694+,cache_publish/done_event/ready :9714-9753),UNKNOWN,UNKNOWN,UNKNOWN,UNKNOWN,already-published cache object,consume+commit at demand,none,UNKNOWN,overlap-dependent by construction,warm state unnamed,no artifact matches range
OC4-031,CUR current/request FastSafe HEAD,(inherits E28 final-pair evidence),6870.4504 / 5995.1936,ms,D1 remote mono,V2_BATCH_E28 embedded run_0.json (latest whole-stage raw evidence),RAW_ARTIFACT,same algorithm at HEAD (E29 ledger events; E25 demand option; staged hook),TOTAL_FOR_MEASURED_OPERATION,PARTIAL,MIXED (fence),COMPLETE_PRODUCTION_STAGE (flag-gated default OFF),as E28,as E28 + optional staged transport component,demand handoff possibly E25 fast-return at HEAD,EXPOSED,internal A//B,cache-state dependent,lineage: config_authority.py:342-349 selects fastsafetensors first for role=unet when flag truthy
