claim_id,timing_label,cohort_class,measured_value_ms,value_type,exact_function_span,entry_state,exit_completion_state,owned_operations,model_unload,owner_detach,synchronize,gc,empty_cache,worker_cleanup,persistence_drain,exit_hook_interaction,other_work_inside_span,required_work_after_span,MEASURED_OPERATION_COMPLETENESS,GOLDEN_PART_COMPLETENESS,CONTAMINATION,POST_DURABLE_APPLICATION_WORK_INCLUDED,OUTPUT_OWNED_LATE_WORK_INCLUDED,PROCESS_EXIT_INCLUDED,evidence_source,evidence_path_or_run,notes
OC7-01,A/B full terminal release,controlled A/B arm A (full),2560.334,measured,_release_gpu_after_request bracket request_gpu_release_start->end (modal_app.py:6009-6410); run v2_2026-08-05_23-33-32,models resident post-request single-use container,function returns; CUDA reclaimed in-process to 34.6 MB,bounded stages + full stages,YES unload_all_models w/ offload pinning 1929.4 ms,YES via unload_all_models detach,YES inside cuda_cleanup,YES gc.collect 627.3 ms,YES cuda_cleanup synchronize+empty_cache,YES bounded preload/legacy/sampler stages,NO,none inside span; exit hook stamped separately,diagnostics emission,exit hook + platform termination,TOTAL for the release function,TOTAL for full-mode obligation set,none; result delivery identical across arms,NO,NO,NO,V2_VARIANCE_CAUSAL_FIX_REPORT.md:17-31,comfyui-modal/V2_VARIANCE_CAUSAL_FIX_REPORT.md,proves function total; not a first-durable->exit total
OC7-02,A/B full model_management_unload stage,controlled A/B arm A stage,1929.4,measured,run_stage(model_management_unload) :6239-6293,same as OC7-01,unload complete,unload_all_models with temporary offload_device->CPU pinning,YES,YES,n/a,n/a,via nested soft_empty_cache possible,NO,NO,NO,offload save/restore,TOTAL (stage),part,none,V2_VARIANCE_CAUSAL_FIX_REPORT.md:22,comfyui-modal/V2_VARIANCE_CAUSAL_FIX_REPORT.md,largest single component of arm A
OC7-03,A/B full garbage_collection stage,controlled A/B arm A stage,627.3,measured,run_stage(garbage_collection) :6346-6351,same as OC7-01,gc pass complete,gc.collect(),n/a,detaches Python refs indirectly,n/a,YES,n/a,NO,NO,NO,TOTAL (stage),part,none,V2_VARIANCE_CAUSAL_FIX_REPORT.md:23,comfyui-modal/V2_VARIANCE_CAUSAL_FIX_REPORT.md,heap-size dependent
OC7-04,A/B minimal terminal release,controlled A/B arm B (minimal),2.455,measured,_release_gpu_after_request bracket; run v2_2026-08-05_23-36-01,same entry; minimal mode selected,function returns; 12634373120 B CUDA retained to process exit,bounded stages only,skipped,YES bounded activation/reference clears,skipped,skipped,skipped (delegated to process exit),YES bounded worker joins,NO,exit hook measured separately 20.3 ms,diagnostics emission,process-exit reclaim of ~12.63 GB + exit hook,TOTAL for the release function,TOTAL for minimal-mode obligation; PARTIAL for reclaim-to-exit by design,none,V2_VARIANCE_CAUSAL_FIX_REPORT.md:21-28,comfyui-modal/V2_VARIANCE_CAUSAL_FIX_REPORT.md,minimal transfers final reclaim to platform
OC7-05,A/B full post-stream re-release,controlled A/B arm A second entry,633.8,measured,_release_after_stream_complete -> _release_gpu_after_request re-entry (guard reset),post stream consumption frame released,idempotent no-op effective re-run completed,full stage set re-executed partially effective,ran idempotent,ran,ran,ran,ran,ran,NO,outside serialized window,TOTAL (function re-entry),partial (outside serialized window),none,V2_VARIANCE_CAUSAL_FIX_REPORT.md:27,comfyui-modal/V2_VARIANCE_CAUSAL_FIX_REPORT.md,paid after response consumed
OC7-06,A/B minimal post-stream release,controlled A/B arm B second entry,2.0,measured,same as OC7-05 minimal mode,idempotent fast path,bounded stages only,skipped,YES,skipped,skipped,skipped,YES,NO,NO,TOTAL (function re-entry),partial,none,V2_VARIANCE_CAUSAL_FIX_REPORT.md:27,comfyui-modal/V2_VARIANCE_CAUSAL_FIX_REPORT.md,
OC7-07,A/B exit hook duration full arm,controlled A/B arm A,23.9,measured,@modal.exit exit() bracket exit_hook_start->end (:5843-5935),container exiting after terminal delivered,hook complete; container disappeared after,bounded service cleanup + conditional release (already done => cheap),conditional; skipped as already_released,n/a,n/a,n/a,n/a,YES joins again cheaply,conditioning-cache flush incl explicit Volume commit when dirty,IS the measured operation,production_cleanup fallback,TOTAL (hook),partial (service work only),includes exit-owned durability commit (not output-owned),NO,NO,YES (platform close follows),V2_VARIANCE_CAUSAL_FIX_REPORT.md:28,comfyui-modal/V2_VARIANCE_CAUSAL_FIX_REPORT.md,
OC7-08,A/B exit hook duration minimal arm,controlled A/B arm B,20.3,measured,same as OC7-07,same,hook complete; container disappeared after,bounded service cleanup; conditional release cheap,skipped,n/a,n/a,n/a,n/a,YES,conditioning-cache flush commit,IS the measured operation,TOTAL (hook),partial,exit-owned durability commit included,NO,NO,YES,V2_VARIANCE_CAUSAL_FIX_REPORT.md:28,comfyui-modal/V2_VARIANCE_CAUSAL_FIX_REPORT.md,
OC7-09,Reusable-container release-to-exit lag,historical reusable class (C),~24000,interval,GPU release end stamp vs exit_hook_start stamp; run v2-benchmark-0-7c4a0eccd73c,reusable container returned to input loop,platform scaled-down then ran @modal.exit,none app-owned in interval,NO,NO,NO,NO,NO,NO,is the far endpoint of interval,platform idle/scaledown dominates,platform termination,NOT an app teardown measurement,n/a,CONTAMINATED class: platform exit time misread as teardown delay,YES interval ends at process exit,NO,YES,docs/v2-single-use-container-teardown.md,comfyui-modal/docs/v2-single-use-container-teardown.md,application teardown explicitly not responsible
OC7-10,Good few-ms terminal-cleanup cohort,current-era good (minimal or early-exit),0.1-1.9 typical band 0.5-0.9,measured cohort,_run_terminal_cleanup_sync window (production cleanup + _release_gpu_after_request) stamped on terminal event,post first_durable_result pre transport,yield proceeds immediately after,bounded stages (or disabled early-exit for 0.1 sub-band),NO minimal resolved in-container (MINIMAL flag not forwarded; SINGLE_USE=1 default),YES bounded reference clears,NO,NO,NO,YES bounded joins,NO,none,diagnostics off in these runs,fallback re-release + deferred commit + exit hook + termination,TOTAL for stamped window,PARTIAL proxy for first-durable->exit,early-exit identity unknown per run,NO,NO,NO,artifact extraction runs dirs v2_2026-08-14_03h..v2_2026-08-24_19-29,ComfyUI/comfymodal-data/benchmarks/runs/v2_2026-08-*,"examples: 08-23_20-53-40=0.5 (r43-known-fast, 0c59f46); 08-24_12-11-30=0.5; 08-24_19-29-04=0.6"
OC7-11,Bad 2.2-11.8 s terminal-cleanup cohort,current-era bad,2204.0-11812.7,measured cohort,same window as OC7-10,same,same,window contents unattributed (stage data stdout-only; console_capture=null),in-container mode still minimal-derived,unknown within window,unknown,unknown,unknown,suspected bounded-wait stacks (5.0 s preload join budget modal_app.py:308),NO,none,unattributed waits,fallback re-release + deferred commit + exit hook + termination,TOTAL for stamped window,OVER-complete vs minimal contract (unattributed inflation),suspected internal waits unproven,NO,NO,NO,artifact extraction v2_2026-08-24_21-03..v2_2026-08-25_16-04,ComfyUI/comfymodal-data/benchmarks/runs/v2_2026-08-2*,"bad ref 02-55-12=3133.7; max 07-00-09=11812.7; K1 cohort 3007.8/7116.7/7658.0"
OC7-12,Mixed 2.1-2.5 s cohort 2026-08-14/17,pre-v2ctl mixed,2111.4-2482.9,measured cohort,same window as OC7-10,unknown,mode UNKNOWN (magnitude-consistent with controlled FULL arm 2560.3),likely full stage set if mode=full,possibly YES,unknown,possibly YES,possibly YES,possibly YES,unknown,NO,unknown,TOTAL for stamped window,UNKNOWN composition,magnitude match only; mode unrecorded,NO,NO,NO,artifact extraction v2_2026-08-14_20-54..22-46 and v2_2026-08-17_16-04,ComfyUI/comfymodal-data/benchmarks/runs/,interleaved same-day 0.1 ms runs
OC7-13,Intermediate 380.8-880.0 ms cohort 2026-08-19,pre-v2ctl intermediate,380.8-880.0,measured cohort,same window as OC7-10,unknown,composition UNKNOWN,unknown,unknown,unknown,unknown,unknown,unknown,unknown,NO,unknown,TOTAL for stamped window,UNKNOWN,UNKNOWN,NO,NO,NO,artifact extraction v2_2026-08-19_20-50..21-06,ComfyUI/comfymodal-data/benchmarks/runs/,neighbors at 0.1-1.1 ms same day
OC7-14,Current minimal single-use branch expectation,code-derived,CODE_DERIVED (A/B control 2.455),code_derived,_release_gpu_after_request minimal path :6020-6026 default -> _resolve_single_use_containers,SINGLE_USE_CONTAINERS forwarded =1; MINIMAL not forwarded => "" => minimal,bounded stages done; reclaim deferred,bounded stages,skipped,YES,skipped,skipped,skipped (lane close may empty_cache speculative tensors),YES,NO,exit hook conditional path exists,speculative CLIP lane close inside activation_references,post-stream re-release + deferred commit + exit + OS reclaim,TOTAL by construction for minimal obligation,TOTAL minimal / PARTIAL reclaim-to-exit,none,modal_app.py:2974-3120 env forwarding; :6020-6026,orchestration checkout comfymodal_runtime/modal_app.py,in-container resolution proven from source
OC7-15,Current exit hook bounded stages,code-derived,CODE_DERIVED (A/B controls 23.9/20.3),code_derived,exit() :5843-5935,Modal entered container-exit hook (first true-exit boundary),bounded completion then platform termination,request_samplers/preload_workers/preload_thread_sweep/trace_services/legacy workers/conditioning flush/production fallback/conditional release,only conditional already-released cheap,thread sweep joins,n/a,n/a,n/a,YES joins within budgets,flush + one explicit Volume commit when dirty (durability backstop),IS the measured operation,none,OS reclaim of remaining CUDA,TOTAL (hook) by construction,service-cleanup owner only; not release-function owner,exit-owned durability commit distinct from output assets,NO,NO (reclaim is OS-side after),YES,modal_app.py:5843-5935,orchestration checkout,
OC7-16,Deferred asset-commit drain post-yield,output-owned late work (class D),CODE_DERIVED (commit_ms variable),code_derived,_finalize_deferred_commit awaited in stream tail/finalizer :16215+:17994-17997,after result event yielded,Volume commit durable; definitive persistence event emitted,asset Volume commit await + trace events,NO,NO,NO,NO,NO,NO,IS the persistence drain,runs outside all teardown stamps,none,exit hook + termination,correctly EXCLUDED from teardown windows,out-of-contract BY DESIGN (output-owned),none — clean ownership separation,YES by definition,YES by definition,NO,modal_app.py:16082-16179 writes; :16215+ finalize,orchestration checkout,persistence write itself completes before first_durable_result
OC7-17,Post-stream guard-reset re-release current,code-derived,CODE_DERIVED,code_derived,_release_after_stream_complete wrapper finally :17776-17814/:20160-20164,response stream fully consumed; generator frame dead,effective release executed once more,guard reset + production cleanup + effective release,per resolved mode,YES,per mode,per mode,per mode,YES,NO,outside serialized window,TOTAL (function re-entry) by construction,partial,none,NO,NO,YES follows shortly,modal_app.py:17776-17814,orchestration checkout,r42 lane adds R44J2 decomposition stamps (stdout-only)
