author_date,commit_date,sha,short,author,subject,parents,is_merge,files_changed,refs,exact_refs,ancestor_of_main,ancestor_of_TESTING2,on_github,locality
2026-09-01T00:17:05-05:00,2026-09-01T00:17:05-05:00,e932c8a8c8c43f81992fff56d5678e5931f29dc6,e932c8a,Parlaxz,docs: record RX6A RX1-RX6 integration gate,76f0d2a5c2f7a2a0f3e1c8ca8d0e1755752827e2,False,1,,,False,True,False,LOCAL ONLY
2026-09-01T00:18:28-05:00,2026-09-01T00:18:28-05:00,afb9f376ba26edbea44c366c35b8914ee07d0d68,afb9f37,Parlaxz,docs: correct RX2 source hash in gate report,e932c8a8c8c43f81992fff56d5678e5931f29dc6,False,1,,,False,True,False,LOCAL ONLY
2026-09-01T09:13:19-05:00,2026-09-01T09:13:19-05:00,1dd4a4799f8fa8c43ca8eecec4ff6481193d7e44,1dd4a47,Parlaxz,feat: add static E27 Golden transport arm,76f0d2a5c2f7a2a0f3e1c8ca8d0e1755752827e2,False,3,,,False,False,False,LOCAL ONLY
2026-09-01T09:13:19-05:00,2026-09-01T12:29:41-05:00,8e8696e185444b70cb94c7c818421f3d2fd0d262,8e8696e,Parlaxz,feat: add static E27 Golden transport arm,17bf190d8b10cd0bf2ee692840d5c5ff3c30da90,False,3,,,False,False,False,LOCAL ONLY
2026-09-01T09:18:21-05:00,2026-09-01T09:18:21-05:00,156e7218699785b95815111eceed00211cc31b0d,156e721,Parlaxz,chore: register static E27 transport arm,1dd4a4799f8fa8c43ca8eecec4ff6481193d7e44,False,2,,,False,False,False,LOCAL ONLY
2026-09-01T09:18:21-05:00,2026-09-01T12:29:41-05:00,5e21337d215887b01477502b1978bbe3a75b1338,5e21337,Parlaxz,chore: register static E27 transport arm,8e8696e185444b70cb94c7c818421f3d2fd0d262,False,2,,,False,False,False,LOCAL ONLY
2026-09-01T09:44:23-05:00,2026-09-01T09:44:23-05:00,7185be01b80b3e8be13e349d2f4fb03dab132750,7185be0,Parlaxz,fix: harden static E27 transport validation,156e7218699785b95815111eceed00211cc31b0d,False,5,,,False,False,False,LOCAL ONLY
2026-09-01T09:44:23-05:00,2026-09-01T12:29:41-05:00,8f9c510c82bc650b28ea84994f3bd85c16237819,8f9c510,Parlaxz,fix: harden static E27 transport validation,5e21337d215887b01477502b1978bbe3a75b1338,False,5,,,False,False,False,LOCAL ONLY
2026-09-01T11:52:05-05:00,2026-09-01T11:52:05-05:00,37ca169da291ffb6b8356aa11c6f7e4fe771a9e9,37ca169,Parlaxz,fix: restore Golden waterfall console routing,afb9f376ba26edbea44c366c35b8914ee07d0d68,False,3,,,False,False,False,LOCAL ONLY
2026-09-01T11:52:05-05:00,2026-09-01T12:15:20-05:00,3f0303292d0a20969d24f3fc37ca336806075adf,3f03032,Parlaxz,fix: restore Golden waterfall console routing,afb9f376ba26edbea44c366c35b8914ee07d0d68,False,3,,,False,True,False,LOCAL ONLY
2026-09-01T12:00:11-05:00,2026-09-01T12:16:07-05:00,17bf190d8b10cd0bf2ee692840d5c5ff3c30da90,17bf190,Parlaxz,fix: suppress generic Golden wrapper waterfall,3f0303292d0a20969d24f3fc37ca336806075adf,False,2,,,False,True,False,LOCAL ONLY
2026-09-01T12:00:11-05:00,2026-09-01T12:00:11-05:00,cf2a0307c0efcfe4dd0651cbca6975e7e1d1b72e,cf2a030,Parlaxz,fix: suppress generic Golden wrapper waterfall,37ca169da291ffb6b8356aa11c6f7e4fe771a9e9,False,2,,,False,False,False,LOCAL ONLY
2026-09-01T12:01:13-05:00,2026-09-01T12:01:13-05:00,9138522aa416ee4637c2b59e5b9a3bf5ce910abc,9138522,Parlaxz,docs: report RX6B waterfall routing correction,cf2a0307c0efcfe4dd0651cbca6975e7e1d1b72e,False,1,omos/rx6b-golden-waterfall-routing,refs/heads/omos/rx6b-golden-waterfall-routing,False,False,False,LOCAL ONLY
2026-09-01T12:19:42-05:00,2026-09-01T12:19:42-05:00,45a4a583a0261015a64307f058bb0474c12f7d41,45a4a58,Parlaxz,docs: record RX7 E27 static scheduling A/B,7185be01b80b3e8be13e349d2f4fb03dab132750,False,1,rx7-static-e27,refs/heads/rx7-static-e27,False,False,False,LOCAL ONLY
2026-09-01T12:19:42-05:00,2026-09-01T12:29:42-05:00,54017eb8bdc2b303de65c1511608a20f375745a4,54017eb,Parlaxz,docs: record RX7 E27 static scheduling A/B,8f9c510c82bc650b28ea84994f3bd85c16237819,False,1,omos/rx7a-static-e27,refs/heads/omos/rx7a-static-e27,False,False,False,LOCAL ONLY
2026-09-01T12:35:17-05:00,2026-09-01T12:35:17-05:00,7aa2a7cd0ce7abba940387908eca4877efbcb201,7aa2a7c,Parlaxz,docs: record RX6B integration into TESTING2,17bf190d8b10cd0bf2ee692840d5c5ff3c30da90,False,1,,,False,True,False,LOCAL ONLY
2026-09-01T12:59:23-05:00,2026-09-01T12:59:23-05:00,083629f2c079c5143849f788483b589ebc8510fc,083629f,Parlaxz,feat: integrate accepted RX7 static E27 scheduling,7aa2a7cd0ce7abba940387908eca4877efbcb201,False,8,,,False,True,False,LOCAL ONLY
2026-09-01T13:01:56-05:00,2026-09-01T13:01:56-05:00,61eb95c318077abe7f35c828415d579fa123f77c,61eb95c,Parlaxz,docs: record RX7A static E27 integration,083629f2c079c5143849f788483b589ebc8510fc,False,1,,,False,True,False,LOCAL ONLY
2026-09-01T13:04:17-05:00,2026-09-01T13:04:17-05:00,afe4d3020c9a8601c9ab29b947e88d836efc0345,afe4d30,Parlaxz,bundle3,61eb95c318077abe7f35c828415d579fa123f77c,False,17,,,False,True,False,LOCAL ONLY
2026-09-01T13:24:03-05:00,2026-09-01T13:24:03-05:00,4bf86b2900e60fa8d5a972fc93f227a71d7f3f5a,4bf86b2,Parlaxz,docs: record RX7A canonical integration,afe4d3020c9a8601c9ab29b947e88d836efc0345,False,1,,,False,True,False,LOCAL ONLY
2026-09-01T14:12:46-05:00,2026-09-01T14:12:46-05:00,878a6871f0f9eed5c598b5a4fdfc72a595319de0,878a687,Parlaxz,docs: reconcile RX7 evidence and freeze clean control,4bf86b2900e60fa8d5a972fc93f227a71d7f3f5a,False,2,,,False,True,False,LOCAL ONLY
2026-09-01T14:24:59-05:00,2026-09-01T14:24:59-05:00,ee3d19c71b349342353bb36bc0718c159faafdfd,ee3d19c,Parlaxz,docs: correct RX7 QD control freeze,878a6871f0f9eed5c598b5a4fdfc72a595319de0,False,2,,,False,True,False,LOCAL ONLY
2026-09-01T15:57:15-05:00,2026-09-01T15:57:15-05:00,09c3478a1d08bb5f8f8a892d8f3fb7f5935328e6,09c3478,Parlaxz,docs: reconstruct RX7 deployment failures,ee3d19c71b349342353bb36bc0718c159faafdfd,False,2,,,False,True,False,LOCAL ONLY
2026-09-01T16:14:48-05:00,2026-09-01T16:14:48-05:00,dc94449b5161c5374a8c777011a5c3964cb15aa9,dc94449,Parlaxz,slim custom-node deployment footprint,09c3478a1d08bb5f8f8a892d8f3fb7f5935328e6,False,5,,,False,True,False,LOCAL ONLY
2026-09-01T18:07:37-05:00,2026-09-01T18:07:37-05:00,55da5390ae89f168bada5b73987aca9e542ca3d7,55da539,Parlaxz,fix: harden Golden deployment control plane,dc94449b5161c5374a8c777011a5c3964cb15aa9,False,4,,,False,True,False,LOCAL ONLY
2026-09-01T18:08:21-05:00,2026-09-01T18:08:21-05:00,86be2fe93a184c132c3a714b40e0d5f23fad4989,86be2fe,Parlaxz,fix: make deploy lock recovery race-safe,55da5390ae89f168bada5b73987aca9e542ca3d7,False,1,,,False,True,False,LOCAL ONLY
2026-09-01T18:23:38-05:00,2026-09-01T18:23:38-05:00,40da4d10139df4e518be302fe13fa2b2e71278b1,40da4d1,Parlaxz,audit slimming and repair worktree roots,86be2fe93a184c132c3a714b40e0d5f23fad4989,False,8,,,False,True,False,LOCAL ONLY
2026-09-01T18:24:23-05:00,2026-09-01T18:24:23-05:00,1bd07280b1c8ee33c756335ce50540414f2b594a,1bd0728,Parlaxz,feat: instrument and prove E27 source mechanism,40da4d10139df4e518be302fe13fa2b2e71278b1,False,7,,,False,True,False,LOCAL ONLY
2026-09-01T18:47:34-05:00,2026-09-01T18:47:34-05:00,f8c5cab678ccd12cd72dc36f384b18381c9d7c2c,f8c5cab,Parlaxz,docs: add RX9P-C audit handoff,1bd07280b1c8ee33c756335ce50540414f2b594a,False,1,,,False,True,False,LOCAL ONLY
2026-09-01T18:48:42-05:00,2026-09-01T18:48:42-05:00,f850f175ef196fc4f6efab0e0076bf5eef6a5eab,f850f17,Parlaxz,docs: add RX9P-A audit handoff,f8c5cab678ccd12cd72dc36f384b18381c9d7c2c,False,1,,,False,True,False,LOCAL ONLY
2026-09-01T18:49:57-05:00,2026-09-01T18:49:57-05:00,4c7a197533fa2a4277c40d05c607293e3392d95d,4c7a197,Parlaxz,fix: resolve custom-node roots by publication contract,f850f175ef196fc4f6efab0e0076bf5eef6a5eab,False,3,,,False,True,False,LOCAL ONLY
2026-09-01T19:17:21-05:00,2026-09-01T19:17:21-05:00,4ec17830f32266aa4a222fde063aa5fd5d6eb8df,4ec1783,Parlaxz,RX9P-D: Golden VizTracer deep profiler wiring and report,dc94449b5161c5374a8c777011a5c3964cb15aa9,False,11,,,False,True,False,LOCAL ONLY
2026-09-01T19:26:00-05:00,2026-09-01T19:26:00-05:00,ac270f2f06c3244f7752d674686de794216d2081,ac270f2,Parlaxz,Merge canonical TESTING2 into rx9p-d-golden-profiler,4ec17830f32266aa4a222fde063aa5fd5d6eb8df 4c7a197533fa2a4277c40d05c607293e3392d95d,True,0,,,False,True,False,LOCAL ONLY
2026-09-01T19:33:41-05:00,2026-09-01T19:33:41-05:00,a94567eb7fb8762a72786a9b03d3697445c892ef,a94567e,Parlaxz,feat(RX9P-B): Golden identity evidence preservation and explicit Golden Sage auto,4c7a197533fa2a4277c40d05c607293e3392d95d,False,17,,,False,True,False,LOCAL ONLY
2026-09-01T19:34:40-05:00,2026-09-01T19:34:40-05:00,2b8736778279ef9b1e89859fc108899d96ac2067,2b87367,Parlaxz,docs(RX9P-B): audit handoff and persisted verification logs,a94567eb7fb8762a72786a9b03d3697445c892ef,False,19,,,False,True,False,LOCAL ONLY
2026-09-01T19:53:01-05:00,2026-09-01T19:53:01-05:00,9701d0222fd08d348ace8e1690698de1376c05f4,9701d02,Parlaxz,fix(RX9P-B): harden configured vs resolved Sage identity,2b8736778279ef9b1e89859fc108899d96ac2067,False,3,,,False,True,False,LOCAL ONLY
2026-09-01T19:53:42-05:00,2026-09-01T19:53:42-05:00,9024bbc58de5ea3017d41e8c78dd77329b6acdea,9024bbc,Parlaxz,docs(RX9P-B): update audit handoff for resolved vs configured hardening,9701d0222fd08d348ace8e1690698de1376c05f4,False,1,,,False,True,False,LOCAL ONLY
2026-09-01T20:02:27-05:00,2026-09-01T20:02:27-05:00,0988fc6f13f2e6741059d99e7a8e7b36f0cbaff8,0988fc6,Parlaxz,RX9P-D reconciliation: fix lifecycle expectations for canonical image plan and update audit,ac270f2f06c3244f7752d674686de794216d2081,False,13,,,False,True,False,LOCAL ONLY
2026-09-01T20:03:12-05:00,2026-09-01T20:03:12-05:00,53b4916713c62b78c02c728d56268baec0728d0a,53b4916,Parlaxz,Merge canonical TESTING2 (RX9P-B identity) into rx9p-d,0988fc6f13f2e6741059d99e7a8e7b36f0cbaff8 9024bbc58de5ea3017d41e8c78dd77329b6acdea,True,0,,,False,True,False,LOCAL ONLY
2026-09-01T20:03:33-05:00,2026-09-01T20:03:33-05:00,af177b0fc113c4f564fac8964884bb96b6ea3901,af177b0,Parlaxz,Update audit handoff to current canonical 9024bbc and second merge,53b4916713c62b78c02c728d56268baec0728d0a,False,1,,,False,True,False,LOCAL ONLY
2026-09-01T20:29:43-05:00,2026-09-01T20:29:43-05:00,aee3e5d15f5e0730c06bb57189314ec006e1af43,aee3e5d,Parlaxz,RX9P-D report-only: replace stale pre-reconciliation claims with reconciled evidence,af177b0fc113c4f564fac8964884bb96b6ea3901,False,1,,,False,True,False,LOCAL ONLY
2026-09-01T20:37:28-05:00,2026-09-01T20:37:28-05:00,369d60c7a8f47db743defca570c176eb55bdcf35,369d60c,Parlaxz,RX9P-D report-only micro-fix: correct CLI syntax claim per RX9P-E,aee3e5d15f5e0730c06bb57189314ec006e1af43,False,1,rx9p-d-golden-profiler,refs/heads/rx9p-d-golden-profiler,False,True,False,LOCAL ONLY
2026-09-01T21:51:18-05:00,2026-09-01T21:51:18-05:00,2ccd1eb3390b06fe8f3876572d42b0b77a612286,2ccd1eb,Parlaxz,RX9P-F: integrate rx9p-d-golden-profiler (369d60c) into TESTING2; remote profile smoke FAIL with local gate-sync repairs and evidence report,369d60c7a8f47db743defca570c176eb55bdcf35,False,4,,,False,True,False,LOCAL ONLY
2026-09-02T02:13:37-05:00,2026-09-02T02:13:37-05:00,3bb02cafc077bab4c8878ad4558fdb42d09f42e9,3bb02ca,Parlaxz,RX9P-H identity repair candidate,2ccd1eb3390b06fe8f3876572d42b0b77a612286,False,14,,,False,True,False,LOCAL ONLY
2026-09-02T02:47:47-05:00,2026-09-02T02:47:47-05:00,7fedbf48ad940b5d037ece3f810fca49c63efc7f,7fedbf4,Parlaxz,RX9P-T: isolate fast tests from heavy runtime imports,2ccd1eb3390b06fe8f3876572d42b0b77a612286,False,12,,,False,False,False,LOCAL ONLY
2026-09-02T02:48:29-05:00,2026-09-02T02:48:29-05:00,7c8d3ce7aab944e1f8f22b5aa02212dfd25288a3,7c8d3ce,Parlaxz,RX9P-T: finalize performance audit handoff,7fedbf48ad940b5d037ece3f810fca49c63efc7f,False,1,rx9p-t-slow-test-fix,refs/heads/rx9p-t-slow-test-fix,False,False,False,LOCAL ONLY
2026-09-02T11:29:16-05:00,2026-09-02T11:29:16-05:00,cc8907d1cb2dfffe5bf324b5d090c78ce1b4b5c5,cc8907d,Parlaxz,RX9P-L reconcile diagnostic identity stack,3bb02cafc077bab4c8878ad4558fdb42d09f42e9,False,20,,,False,True,False,LOCAL ONLY
2026-09-02T11:38:14-05:00,2026-09-02T11:38:14-05:00,ca3236ba52d2e7a6bd666cffa2a49c7ccdc620cc,ca3236b,Parlaxz,RX9P-L record remote profile smoke stop,cc8907d1cb2dfffe5bf324b5d090c78ce1b4b5c5,False,2,,,False,True,False,LOCAL ONLY
2026-09-02T12:09:37-05:00,2026-09-02T12:09:37-05:00,bcaa151e4a625e33d4b802cc025bc6245d21ee86,bcaa151,Parlaxz,RX9P-L reconcile remote smoke evidence,ca3236ba52d2e7a6bd666cffa2a49c7ccdc620cc,False,2,,,False,True,False,LOCAL ONLY
2026-09-02T13:24:54-05:00,2026-09-02T13:24:54-05:00,fb5b6561d3187ae2561fd0f4dd080be3d9a2de85,fb5b656,Parlaxz,RX9P-M repair profiler E27 diagnostics,bcaa151e4a625e33d4b802cc025bc6245d21ee86,False,4,,,False,True,False,LOCAL ONLY
2026-09-02T23:26:29-05:00,2026-09-02T23:26:29-05:00,23b42d23f222a23a70479f486bec05c763b10c48,23b42d2,Parlaxz,RX9P-M complete E27 transport and evidence repair,fb5b6561d3187ae2561fd0f4dd080be3d9a2de85,False,28,,,False,True,False,LOCAL ONLY
2026-09-03T11:28:42-05:00,2026-09-03T11:28:42-05:00,4ae7606111e7b801b4e3c51de85d65e48995afd8,4ae7606,Parlaxz,RX9P-M2: add seven-stage human reporting,23b42d23f222a23a70479f486bec05c763b10c48,False,6,,,False,True,False,LOCAL ONLY
2026-09-03T13:31:19-05:00,2026-09-03T13:31:19-05:00,511bebae73c17b2d46bd2cd52a271b7c85a71fb9,511beba,Parlaxz,"RX9P-M2R: repair real-runtime seven-gantt integration (overall canonical stages, load-only transport, sampling envelope, VAE parent, cross-evidence unresolved, VAEDecode/CLIP rows)",4ae7606111e7b801b4e3c51de85d65e48995afd8,False,4,,,False,True,False,LOCAL ONLY
2026-09-03T14:02:16-05:00,2026-09-03T14:02:16-05:00,c4bee234b871ac24592d3a4bb81980bb8cb36053,c4bee23,Parlaxz,"Sept Exp01: transport-core mechanical cleanup (arena, stream, events, GPU-copy timing, UNET desync)",511bebae73c17b2d46bd2cd52a271b7c85a71fb9,False,2,,,False,True,False,LOCAL ONLY
2026-09-03T14:41:01-05:00,2026-09-03T14:41:01-05:00,9f2ce64cfe93b1ae74567b802b30da4c3533e594,9f2ce64,Parlaxz,RX9P-M2R: real-runtime gantt repair report and remote validation,c4bee234b871ac24592d3a4bb81980bb8cb36053,False,1,,,False,True,False,LOCAL ONLY
2026-09-03T16:55:00-05:00,2026-09-03T16:55:00-05:00,f21b3ae29685abbc429813fadc32c8f41264c03e,f21b3ae,Parlaxz,RX9P-M2R2: reconcile real runtime profiler evidence,9f2ce64cfe93b1ae74567b802b30da4c3533e594,False,4,,,False,True,False,LOCAL ONLY
2026-09-04T22:48:35-05:00,2026-09-04T22:48:35-05:00,eeb06cb0149910f68f42349dbcb036843a753095,eeb06cb,Parlaxz,bundle 7,f21b3ae29685abbc429813fadc32c8f41264c03e,False,1668,,,False,True,False,LOCAL ONLY
2026-09-05T09:59:40-05:00,2026-09-05T09:59:40-05:00,34827734defec0c0b5f46f20cd166d5ed32e4416,3482773,Parlaxz,bundle,eeb06cb0149910f68f42349dbcb036843a753095,False,61,,,False,True,False,LOCAL ONLY
2026-09-06T00:11:58-05:00,2026-09-06T00:11:58-05:00,be86e9393ac498bdbf5663deaf1b3c81a7958d6f,be86e93,Parlaxz,bundle,34827734defec0c0b5f46f20cd166d5ed32e4416,False,83,,,False,True,False,LOCAL ONLY
2026-09-06T17:13:41-05:00,2026-09-06T17:13:41-05:00,9f417f6678cfd347f24ef24824f7ef07a956bfe2,9f417f6,Parlaxz,bundle,be86e9393ac498bdbf5663deaf1b3c81a7958d6f,False,49,,,False,True,False,LOCAL ONLY
2026-09-06T22:02:02-05:00,2026-09-06T22:02:02-05:00,9a2bae7bc9e86d06b42076f9c053ee1a78146709,9a2bae7,Parlaxz,win: prove Golden CPU QD2 source path,9f417f6678cfd347f24ef24824f7ef07a956bfe2,False,17,,,False,True,False,LOCAL ONLY
2026-09-07T12:55:06-05:00,2026-09-07T12:55:06-05:00,73e177def709bacd5f2e9ea383b5cefd635c57e1,73e177d,Parlaxz,bundle,9a2bae7bc9e86d06b42076f9c053ee1a78146709,False,65,,,False,True,False,LOCAL ONLY
2026-09-07T15:29:09-05:00,2026-09-07T15:29:09-05:00,a09e804a60d84ff48beaf7baf2517e2c60017f9b,a09e804,Parlaxz,P0.5: establish Git evidence hygiene,73e177def709bacd5f2e9ea383b5cefd635c57e1,False,2371,p05/git-evidence-hygiene,refs/heads/p05/git-evidence-hygiene,False,False,False,LOCAL ONLY
2026-09-07T15:29:09-05:00,2026-09-07T16:18:16-05:00,d983107b3905ce0317f7ef592728cf264a9d3bdc,d983107,Parlaxz,P0.5: establish Git evidence hygiene,d6ecba61c35fc1dc1d573de429f7bd989898c203,False,2371,,,False,False,False,LOCAL ONLY
2026-09-07T15:38:57-05:00,2026-09-07T15:38:57-05:00,8297a3a437e1dcb09b34c8df481576ff6aa19b3b,8297a3a,Parlaxz,refactor Golden shared primitives architecture,73e177def709bacd5f2e9ea383b5cefd635c57e1,False,7,omos/p0-golden-shared-primitives,refs/heads/omos/p0-golden-shared-primitives,False,False,False,LOCAL ONLY
2026-09-07T15:38:57-05:00,2026-09-07T16:18:10-05:00,d6ecba61c35fc1dc1d573de429f7bd989898c203,d6ecba6,Parlaxz,refactor Golden shared primitives architecture,73e177def709bacd5f2e9ea383b5cefd635c57e1,False,7,,,False,False,False,LOCAL ONLY
2026-09-07T17:44:21-05:00,2026-09-07T17:44:21-05:00,12d86be017ce0558f27896899149ac8fa33318fb,12d86be,Parlaxz,Integrate canonical Golden Parallel baseline,d983107b3905ce0317f7ef592728cf264a9d3bdc,False,12,,,False,False,False,LOCAL ONLY
2026-09-07T17:49:33-05:00,2026-09-07T17:49:33-05:00,e0efd2e874e763188142150d62be01beb32c7341,e0efd2e,Parlaxz,Allow initial publisher content publication,12d86be017ce0558f27896899149ac8fa33318fb,False,2,,,False,False,False,LOCAL ONLY
2026-09-07T19:02:43-05:00,2026-09-07T19:02:43-05:00,4c594ac110c7678f8dbb950a8d63faff86c6453b,4c594ac,Parlaxz,bundle,73e177def709bacd5f2e9ea383b5cefd635c57e1,False,12,,,False,True,False,LOCAL ONLY
2026-09-07T20:16:03-05:00,2026-09-07T20:16:03-05:00,7794fbf2f8f6459964eb132e79db77f41a66a9db,7794fbf,Parlaxz,Close Golden concurrency readiness contracts,e0efd2e874e763188142150d62be01beb32c7341,False,9,,,False,False,False,LOCAL ONLY
2026-09-07T22:11:21-05:00,2026-09-07T22:11:21-05:00,47b830edb63350072414a26af37f1c65addceb73,47b830e,Parlaxz,bundle,4c594ac110c7678f8dbb950a8d63faff86c6453b,False,1,,,False,True,False,LOCAL ONLY
2026-09-07T23:59:18-05:00,2026-09-07T23:59:18-05:00,dc6e0d62fed890d5709ccc99f574e6531e13a135,dc6e0d6,Parlaxz,fix: make Modal destination config-owned,47b830edb63350072414a26af37f1c65addceb73,False,20,,,False,True,False,LOCAL ONLY
2026-09-08T10:20:06-05:00,2026-09-08T10:20:06-05:00,95a74e542eb2b71eefbead383e77b6da23877d86,95a74e5,Parlaxz,Hydrate selected Modal workspace automatically,7794fbf2f8f6459964eb132e79db77f41a66a9db,False,2,,,False,False,False,LOCAL ONLY
2026-09-08T10:39:12-05:00,2026-09-08T10:39:12-05:00,ca8e6917133216c6dbb227364d8c38c8093a01c0,ca8e691,Parlaxz,Harden Modal workspace and publisher recovery,95a74e542eb2b71eefbead383e77b6da23877d86,False,2,,,False,False,False,LOCAL ONLY
2026-09-08T10:39:27-05:00,2026-09-08T10:39:27-05:00,6f8a38b9889bc715be21337d4374212847cea8a7,6f8a38b,Parlaxz,Resolve Modal CLI after shell restart,ca8e6917133216c6dbb227364d8c38c8093a01c0,False,2,p1/golden-integration,refs/heads/p1/golden-integration,False,False,False,LOCAL ONLY
2026-09-08T13:27:00-05:00,2026-09-08T13:27:00-05:00,0ea9428636afe06adf3e6a05319898473ebdd64d,0ea9428,Parlaxz,Reorder Golden DynamicVRAM before QD2,dc6e0d62fed890d5709ccc99f574e6531e13a135,False,2,"omos/golden-rk-coeff-controller, omos/golden-post-loop-tail",refs/heads/omos/golden-post-loop-tail;refs/heads/omos/golden-rk-coeff-controller,False,True,False,LOCAL ONLY
2026-09-08T19:09:05-05:00,2026-09-08T19:09:05-05:00,4577213dc83d1653d5cb9be9b5cb129c0f40457a,4577213,Parlaxz,Optimize Golden RK controller overhead,0ea9428636afe06adf3e6a05319898473ebdd64d,False,4,omos/golden-rk-coeff-controller-exp2,refs/heads/omos/golden-rk-coeff-controller-exp2,False,False,False,LOCAL ONLY
2026-09-08T19:09:05-05:00,2026-09-08T20:25:45-05:00,cbca32aa37aea3ef0ac65899e1f231b76e704f1b,cbca32a,Parlaxz,Optimize Golden RK controller overhead,3414cd73ff21c8a2332838d56eadda67fc244474,False,4,,,False,False,False,LOCAL ONLY
2026-09-08T20:11:42-05:00,2026-09-08T20:25:45-05:00,3414cd73ff21c8a2332838d56eadda67fc244474,3414cd7,Parlaxz,Remove Golden sampler GC tail,0ea9428636afe06adf3e6a05319898473ebdd64d,False,2,,,False,False,False,LOCAL ONLY
2026-09-08T20:11:42-05:00,2026-09-08T20:11:42-05:00,6711b6bb4f29027eb972019e9e0af046c278e4c0,6711b6b,Parlaxz,Remove Golden sampler GC tail,0ea9428636afe06adf3e6a05319898473ebdd64d,False,2,omos/golden-post-loop-tail-exp2,refs/heads/omos/golden-post-loop-tail-exp2,False,False,False,LOCAL ONLY
2026-09-08T20:31:05-05:00,2026-09-08T20:31:05-05:00,f3c5171ddf8f9a1ff1855314d6c29e44e5c1fe3a,f3c5171,Parlaxz,Retarget combined RK lane test,cbca32aa37aea3ef0ac65899e1f231b76e704f1b,False,1,omos/golden-sampler-ab-integration,refs/heads/omos/golden-sampler-ab-integration,False,False,False,LOCAL ONLY
2026-09-08T23:31:25-05:00,2026-09-08T23:31:25-05:00,74c6f5e79eae4103e0da49099af7445937aa441b,74c6f5e,Parlaxz,exp: suppress stock RES4LYF GC in Golden,0ea9428636afe06adf3e6a05319898473ebdd64d,False,4,,,False,True,False,LOCAL ONLY
2026-09-08T23:52:45-05:00,2026-09-08T23:52:45-05:00,309f2f0a4a23e8e469eaf7e1e5a6476206c2e7cc,309f2f0,Parlaxz,exp: forward Golden GC suppression flag,74c6f5e79eae4103e0da49099af7445937aa441b,False,2,,,False,True,False,LOCAL ONLY
2026-09-09T00:06:18-05:00,2026-09-09T00:06:18-05:00,f928bdfd931b3d93078ecd38024e2c60d0b369e8,f928bdf,Parlaxz,fix: resolve active RES4LYF sampler module,309f2f0a4a23e8e469eaf7e1e5a6476206c2e7cc,False,2,,,False,True,False,LOCAL ONLY
2026-09-09T00:19:59-05:00,2026-09-09T00:19:59-05:00,4421610c1a40794a2414d69f2f383880b100ffe5,4421610,Parlaxz,fix: accept stock RES4LYF loader identity,f928bdfd931b3d93078ecd38024e2c60d0b369e8,False,2,"tag: golden-canonical-2026-09-09, omos/golden-gc-suppression-exp3",refs/heads/omos/golden-gc-suppression-exp3,False,True,False,LOCAL ONLY
2026-09-09T16:09:45-05:00,2026-09-09T16:09:45-05:00,8c08cadc48d919d00640423a1f340f0d88d475e0,8c08cad,Parlaxz,fix: add Golden deployment guardrails,4421610c1a40794a2414d69f2f383880b100ffe5,False,5,,,False,True,False,LOCAL ONLY
2026-09-09T16:19:23-05:00,2026-09-09T16:19:23-05:00,4f0ab189e6d03719e0f08cb0a07650e7c6a79667,4f0ab18,Parlaxz,refactor: simplify Golden guard helper,8c08cadc48d919d00640423a1f340f0d88d475e0,False,1,,,False,True,False,LOCAL ONLY
2026-09-09T16:42:46-05:00,2026-09-09T16:42:46-05:00,07daa901c69e8390f5bbd57fb35c6e3350efc7f8,07daa90,Parlaxz,fix: bind Golden status destination,4f0ab189e6d03719e0f08cb0a07650e7c6a79667,False,2,,,False,True,False,LOCAL ONLY
2026-09-09T17:01:15-05:00,2026-09-09T17:01:15-05:00,8a048119f0c596642e6cefcfee0c430a0f271e79,8a04811,Parlaxz,fix: bind doctor destination fingerprint,07daa901c69e8390f5bbd57fb35c6e3350efc7f8,False,2,,,False,True,False,LOCAL ONLY
2026-09-09T18:02:23-05:00,2026-09-09T18:02:23-05:00,69fec7ec642e00770728a418676ddd19929bb0e5,69fec7e,Parlaxz,fix: restore Golden runtime parity,8a048119f0c596642e6cefcfee0c430a0f271e79,False,11,,,False,True,False,LOCAL ONLY
2026-09-09T18:33:01-05:00,2026-09-09T18:33:01-05:00,02dfecddf1a009f0fa83dbb291e2a3578996793e,02dfecd,Parlaxz,fix: add Golden parity diagnostics,69fec7ec642e00770728a418676ddd19929bb0e5,False,7,,,False,True,False,LOCAL ONLY
2026-09-09T19:10:31-05:00,2026-09-09T19:10:31-05:00,45db65a42c92f21b13b9f805b44cf441212410d3,45db65a,Parlaxz,fix: use real KJNodes registration,02dfecddf1a009f0fa83dbb291e2a3578996793e,False,4,,,False,True,False,LOCAL ONLY
2026-09-09T20:25:27-05:00,2026-09-09T20:25:27-05:00,342184f840c6c30c007356d7697c42fad75bf6a6,342184f,Parlaxz,fix: preserve V3 Golden prompt context,45db65a42c92f21b13b9f805b44cf441212410d3,False,2,,,False,True,False,LOCAL ONLY
2026-09-09T22:03:23-05:00,2026-09-09T22:03:23-05:00,2ce937672725d1c261b13bd2877ec3a024de9d2c,2ce9376,Parlaxz,feat: measure QD2 H2D overlap,342184f840c6c30c007356d7697c42fad75bf6a6,False,2,,,False,True,False,LOCAL ONLY
2026-09-09T22:54:04-05:00,2026-09-09T22:54:04-05:00,2e8e3207d0e614a3dc35b8a6827058d46fe80564,2e8e320,Parlaxz,bundle,2ce937672725d1c261b13bd2877ec3a024de9d2c,False,109,,,False,True,False,LOCAL ONLY
2026-09-10T10:08:56-05:00,2026-09-10T10:08:56-05:00,5dbb57b21cd2be015b45736e568640f88e01b8f7,5dbb57b,Parlaxz,feat: destructive custom-node publication guard + LIGHT QD2 telemetry,2e8e3207d0e614a3dc35b8a6827058d46fe80564,False,9,,,False,True,False,LOCAL ONLY
2026-09-10T12:32:51-05:00,2026-09-10T12:32:51-05:00,5a67a33f1af589958a4290c589831867ffcd4a76,5a67a33,Parlaxz,bundle,5dbb57b21cd2be015b45736e568640f88e01b8f7,False,115,,,False,True,False,LOCAL ONLY
2026-09-10T16:05:04-05:00,2026-09-10T16:05:04-05:00,80b2e5cfe86d826086740ccc59a93a66a29bb25f,80b2e5c,Parlaxz,bundle,5a67a33f1af589958a4290c589831867ffcd4a76,False,18,,,False,True,False,LOCAL ONLY
2026-09-10T17:20:30-05:00,2026-09-10T17:20:30-05:00,eebea831537e45204144ff9ec6078e84bea5217a,eebea83,Parlaxz,fix: apply Golden sampler GC suppression to parallel mode,80b2e5cfe86d826086740ccc59a93a66a29bb25f,False,1,,,False,True,False,LOCAL ONLY
2026-09-11T15:22:28-05:00,2026-09-11T15:22:28-05:00,b81510606894bb4d03e8af7c243dd85b76f61f3b,b815106,Parlaxz,fix: trust verified custom-node publication generation in Golden deploy,eebea831537e45204144ff9ec6078e84bea5217a,False,4,,,False,True,False,LOCAL ONLY
2026-09-11T18:20:12-05:00,2026-09-11T18:20:12-05:00,accf3451a3493bfd472341323c0193990749d7b3,accf345,Parlaxz,feat: full Golden loads in a persistent spawn worker via CUDA IPC,b81510606894bb4d03e8af7c243dd85b76f61f3b,False,6,,,False,True,False,LOCAL ONLY
2026-09-11T18:20:31-05:00,2026-09-11T18:20:31-05:00,c3aceb348b3687d3a9b87ee5fe1c3781040d2488,c3aceb3,Parlaxz,docs: describe loader-process flag as the working CUDA-IPC handoff,accf3451a3493bfd472341323c0193990749d7b3,False,1,,,False,True,False,LOCAL ONLY
2026-09-11T18:54:21-05:00,2026-09-11T18:54:21-05:00,789e93957386f29909712954bde29bffdda55487,789e939,Parlaxz,feat: default-OFF Golden Parallel minimal restore path,c3aceb348b3687d3a9b87ee5fe1c3781040d2488,False,3,,,False,False,False,LOCAL ONLY
2026-09-11T18:54:21-05:00,2026-09-11T21:10:30-05:00,977e1434f94d4dbf8fcf2adfdccdc2df6f6fd903,977e143,Parlaxz,feat: default-OFF Golden Parallel minimal restore path,f8f8f6633800ba2c6592871c4411a2b35b175baf,False,3,,,False,True,False,LOCAL ONLY
2026-09-11T18:54:46-05:00,2026-09-11T18:54:46-05:00,3014eb6192ffa456ec1ab563c640f3cc5c040305,3014eb6,Parlaxz,docs: Golden minimal restore implementation report,789e93957386f29909712954bde29bffdda55487,False,1,,,False,False,False,LOCAL ONLY
2026-09-11T18:54:46-05:00,2026-09-11T21:10:30-05:00,a88663f750f2baf947e49e1ecc21c121f445d8e2,a88663f,Parlaxz,docs: Golden minimal restore implementation report,977e1434f94d4dbf8fcf2adfdccdc2df6f6fd903,False,1,,,False,True,False,LOCAL ONLY
2026-09-11T19:08:11-05:00,2026-09-11T19:08:11-05:00,7152cca1a1e223bc56e08bd4a49c2eafc4f0bc52,7152cca,Parlaxz,docs: prove deferred GPU-repair path is not invoked under minimal restore,3014eb6192ffa456ec1ab563c640f3cc5c040305,False,1,exp/golden-minimal-restore,refs/heads/exp/golden-minimal-restore,False,False,False,LOCAL ONLY
2026-09-11T19:08:11-05:00,2026-09-11T21:10:30-05:00,e464eee478b0186afb62557d69986ae47684c44d,e464eee,Parlaxz,docs: prove deferred GPU-repair path is not invoked under minimal restore,a88663f750f2baf947e49e1ecc21c121f445d8e2,False,1,,,False,True,False,LOCAL ONLY
2026-09-11T20:59:43-05:00,2026-09-11T20:59:43-05:00,0d9a75cd29280023a39d5f958a1a70c8c50f016a,0d9a75c,Parlaxz,"feat: pre-snapshot persistent loader worker (CPU-only, survives snapshot restore)",c3aceb348b3687d3a9b87ee5fe1c3781040d2488,False,4,,,False,True,False,LOCAL ONLY
2026-09-11T21:00:22-05:00,2026-09-11T21:00:22-05:00,f8f8f6633800ba2c6592871c4411a2b35b175baf,f8f8f66,Parlaxz,docs: pre-snapshot loader-process A/B report (Phase A survival + Phase B non-sampling results),0d9a75cd29280023a39d5f958a1a70c8c50f016a,False,1,,,False,True,False,LOCAL ONLY
2026-09-11T22:43:13-05:00,2026-09-11T22:43:13-05:00,4c1f1c79b8f61576de17da80455626f76711e621,4c1f1c7,Parlaxz,fix: minimal restore projects snapshotted snapshot proof; backend-aware sage validity,e464eee478b0186afb62557d69986ae47684c44d,False,3,,,False,True,False,LOCAL ONLY
2026-09-11T22:43:13-05:00,2026-09-11T22:43:13-05:00,d7c8ade1d3c01bf180d1ba325a87b66a6e110738,d7c8ade,Parlaxz,exp: Golden Parallel profile uses ComfyKitchen attention + established expected SHA,4c1f1c79b8f61576de17da80455626f76711e621,False,1,exp/golden-minimal-io,refs/heads/exp/golden-minimal-io,False,True,False,LOCAL ONLY
2026-09-11T23:40:19-05:00,2026-09-11T23:40:19-05:00,8ae71848656ef779787e1a67d8457ecd97d7ee9a,8ae7184,Parlaxz,feat: experimental strict CPU-I/O process for Golden Parallel (default OFF),d7c8ade1d3c01bf180d1ba325a87b66a6e110738,False,7,,,False,True,False,LOCAL ONLY
2026-09-11T23:53:25-05:00,2026-09-11T23:53:25-05:00,4a675bb1c175fb7df8a4beb745cd212389d45cfc,4a675bb,Parlaxz,fix: reuse proven torch.multiprocessing pre-snapshot lifecycle for the CPU-I/O child,8ae71848656ef779787e1a67d8457ecd97d7ee9a,False,1,,,False,True,False,LOCAL ONLY
2026-09-12T00:11:06-05:00,2026-09-12T00:11:06-05:00,7e77cbe495f701fa2b755475d2a164de0b58fdf6,7e77cbe,Parlaxz,diag: post-restore A/B/C survival probe for the CPU-I/O worker,4a675bb1c175fb7df8a4beb745cd212389d45cfc,False,3,,,False,True,False,LOCAL ONLY
2026-09-12T00:21:09-05:00,2026-09-12T00:21:09-05:00,ee5f5537160f7abcf559e34547b666d5f3c915de,ee5f553,Parlaxz,diag: surface child read-path failures over the control Pipe,7e77cbe495f701fa2b755475d2a164de0b58fdf6,False,1,,,False,True,False,LOCAL ONLY
2026-09-12T00:30:55-05:00,2026-09-12T00:30:55-05:00,5e17d19c5c06ed3d9cc7677373a67c1cc6622b6b,5e17d19,Parlaxz,fix: serialize CPU-I/O control Pipe across transport producer threads,ee5f5537160f7abcf559e34547b666d5f3c915de,False,1,,,False,True,False,LOCAL ONLY
2026-09-12T01:38:35-05:00,2026-09-12T01:38:35-05:00,ea31aa03a790bc1c1690b5b0bb0204efe39a879e,ea31aa0,Parlaxz,refactor: make custom-node publication fully manual,5e17d19c5c06ed3d9cc7677373a67c1cc6622b6b,False,15,,,False,True,False,LOCAL ONLY
2026-09-12T01:57:54-05:00,2026-09-12T01:57:54-05:00,68274270c8ba0d46094c14f46f17bb4446c0c726,6827427,Parlaxz,fix: single-owner IPC dispatcher preserves genuine source QD4,ea31aa03a790bc1c1690b5b0bb0204efe39a879e,False,2,,,False,True,False,LOCAL ONLY
2026-09-12T09:54:35-05:00,2026-09-12T09:54:35-05:00,e2e18b2b4e5bfa615d445c4a789232e36dfab33a,e2e18b2,Parlaxz,feat: faithful two-process Golden I/O V2 primitive gate,68274270c8ba0d46094c14f46f17bb4446c0c726,False,16,,,False,False,False,LOCAL ONLY
2026-09-12T10:09:23-05:00,2026-09-12T10:09:23-05:00,57ff9bfd4cf467be9ab18df8bdc67f52491fdb08,57ff9bf,Parlaxz,"feat: Golden I/O Process V2 loader (one registered backing, child QD source)",e2e18b2b4e5bfa615d445c4a789232e36dfab33a,False,11,,,False,False,False,LOCAL ONLY
2026-09-12T10:18:54-05:00,2026-09-12T10:18:54-05:00,1168f9637ed580eb355bab2e9ab75bcffd2e8db6,1168f96,Parlaxz,fix: forward COMFYMODAL_GOLDEN_IO_PROCESS_V2 to the container + run harness profile prefix,57ff9bfd4cf467be9ab18df8bdc67f52491fdb08,False,4,,,False,False,False,LOCAL ONLY
2026-09-12T10:25:29-05:00,2026-09-12T10:25:29-05:00,2488d2d34d70cd03ba09c0cdf65207719e79c388,2488d2d,Parlaxz,"exp: Golden I/O V2 treatment diagnostics (registered backing, child source)",1168f9637ed580eb355bab2e9ab75bcffd2e8db6,False,11,,,False,False,False,LOCAL ONLY
2026-09-12T10:30:22-05:00,2026-09-12T10:30:22-05:00,a9e07d1a9d15851ca980d74c1dcc6d57adabcc36,a9e07d1,Parlaxz,exp: explicit prefault immediately before cudaHostRegister (measure setup split),2488d2d34d70cd03ba09c0cdf65207719e79c388,False,2,,,False,False,False,LOCAL ONLY
2026-09-12T10:38:23-05:00,2026-09-12T10:38:23-05:00,e9ae2491d9257576506990ec4fb0776f060fc0c6,e9ae249,Parlaxz,revert: drop explicit prefault (measured regression); keep split setup timing,a9e07d1a9d15851ca980d74c1dcc6d57adabcc36,False,1,,,False,False,False,LOCAL ONLY
2026-09-12T10:44:28-05:00,2026-09-12T10:44:28-05:00,e68ee4a9c54586ee96dbb155e9238c4449cec4b1,e68ee4a,Parlaxz,exp: prefault discriminator result + 3 serial V2 treatments,e9ae2491d9257576506990ec4fb0776f060fc0c6,False,12,,,False,False,False,LOCAL ONLY
2026-09-12T11:31:26-05:00,2026-09-12T11:31:26-05:00,70e037ad9e26d76ebef5904fd28b2e851f2f0eb5,70e037a,Parlaxz,fix: prove V2 backing identity and align control output,e68ee4a9c54586ee96dbb155e9238c4449cec4b1,False,8,,,False,False,False,LOCAL ONLY
2026-09-12T11:39:50-05:00,2026-09-12T11:39:50-05:00,6453242aed38e225ad687e3984878e19b5e9c6d7,6453242,Parlaxz,exp: select System V Golden I/O backing,70e037ad9e26d76ebef5904fd28b2e851f2f0eb5,False,3,,,False,False,False,LOCAL ONLY
2026-09-12T11:58:52-05:00,2026-09-12T11:58:52-05:00,2a644057bb59d584122eec90cca4211ef20ec2f3,2a64405,Parlaxz,revert: reject SysV Treatment A,6453242aed38e225ad687e3984878e19b5e9c6d7,False,2,,,False,False,False,LOCAL ONLY
2026-09-12T12:03:22-05:00,2026-09-12T12:03:22-05:00,2861b9e807c978e8a6998ff44f600bc4a1070c84,2861b9e,Parlaxz,exp: use QD2 128 MiB V2 source geometry,2a644057bb59d584122eec90cca4211ef20ec2f3,False,7,,,False,False,False,LOCAL ONLY
2026-09-12T12:12:26-05:00,2026-09-12T12:12:26-05:00,d089fcb90d8a37d5a69ec81de4e8d0a582893fb5,d089fcb,Parlaxz,docs: record Golden I/O V2 Treatment B results,2861b9e807c978e8a6998ff44f600bc4a1070c84,False,2,,,False,False,False,LOCAL ONLY
2026-09-12T12:58:34-05:00,2026-09-12T12:58:34-05:00,2b1e847c82ee91881f3ab6d8b2f4230b8010f47f,2b1e847,Parlaxz,On r42-golden-reconciliation: cleanup 2026-09-12: preserve comfyui-modal-r42 working changes before worktree removal,6040c459f2766f2ccb2f97799c08ff53b616d54a 87de3c2c93a72b42303892257e2e0286808e041f 69075d2cef80abaa51916b5c21c3a1f27aa29fd4,True,0,refs/stash,refs/stash,False,False,False,LOCAL ONLY
2026-09-12T12:58:34-05:00,2026-09-12T12:58:34-05:00,69075d2cef80abaa51916b5c21c3a1f27aa29fd4,69075d2,Parlaxz,untracked files on r42-golden-reconciliation: 6040c45 docs(r44i3): record checkpoint commit SHA in handoff verdict block,,False,16,,,False,False,False,LOCAL ONLY
2026-09-12T12:58:34-05:00,2026-09-12T12:58:34-05:00,87de3c2c93a72b42303892257e2e0286808e041f,87de3c2,Parlaxz,index on r42-golden-reconciliation: 6040c45 docs(r44i3): record checkpoint commit SHA in handoff verdict block,6040c459f2766f2ccb2f97799c08ff53b616d54a,False,0,,,False,False,False,LOCAL ONLY
2026-09-12T13:38:34-05:00,2026-09-12T13:38:34-05:00,6c282afced8d608161d1f2c2db6c74e2988afec0,6c282af,Parlaxz,exp: Golden I/O V2 C0 bounded shared-pinned streaming,d089fcb90d8a37d5a69ec81de4e8d0a582893fb5,False,14,,,False,False,False,LOCAL ONLY
2026-09-12T14:15:21-05:00,2026-09-12T14:15:21-05:00,0c83c6c5e14f7e9a9c2312435900f4d6fa68addf,0c83c6c,Parlaxz,fix: C0 tensor-slot writability and shm release ownership,6c282afced8d608161d1f2c2db6c74e2988afec0,False,2,,,False,False,False,LOCAL ONLY
2026-09-12T14:33:33-05:00,2026-09-12T14:33:33-05:00,d4eb4a049ca7282fdac140219169c017421a2c1b,d4eb4a0,Parlaxz,feat: passive C0 source/H2D overlap markers per role,0c83c6c5e14f7e9a9c2312435900f4d6fa68addf,False,3,,,False,False,False,LOCAL ONLY
2026-09-12T18:33:44-05:00,2026-09-12T18:33:44-05:00,e2ee454499c5e9654fd9862720ebe1001b1cab78,e2ee454,Parlaxz,bundle,68274270c8ba0d46094c14f46f17bb4446c0c726,False,308,,,False,True,False,LOCAL ONLY
2026-09-12T20:01:45-05:00,2026-09-12T20:01:45-05:00,1f0f35b4d8ef92a34e348e239622ff0c1eefbd5f,1f0f35b,Parlaxz,exp: add C0 persistent producer FDs,d4eb4a049ca7282fdac140219169c017421a2c1b,False,5,,,False,False,False,LOCAL ONLY
2026-09-12T20:30:44-05:00,2026-09-12T20:30:44-05:00,8ff6e0ff33195bdd2c635f4c057fc836e601a7f2,8ff6e0f,Parlaxz,fix: allow parallel Golden gate validation,1f0f35b4d8ef92a34e348e239622ff0c1eefbd5f,False,1,,,False,False,False,LOCAL ONLY
2026-09-12T20:34:44-05:00,2026-09-12T20:34:44-05:00,72832e562474af3b808eb8880a59e38f053439cf,72832e5,Parlaxz,docs: record C0 persistent FD experiment,8ff6e0ff33195bdd2c635f4c057fc836e601a7f2,False,1,,,False,False,False,LOCAL ONLY
2026-09-12T20:58:40-05:00,2026-09-12T20:58:40-05:00,ff58dd7aac68e2fe038f61195de9961f135ff5ba,ff58dd7,Parlaxz,exp: add C0 qd4 64 source geometry,72832e562474af3b808eb8880a59e38f053439cf,False,4,,,False,False,False,LOCAL ONLY
2026-09-12T21:26:43-05:00,2026-09-12T21:26:43-05:00,66ee1863fd2815d2f0236fcb804103a671f547ef,66ee186,Parlaxz,docs: record C0 qd4 64 experiment,ff58dd7aac68e2fe038f61195de9961f135ff5ba,False,1,,,False,False,False,LOCAL ONLY
2026-09-12T22:59:52-05:00,2026-09-12T22:59:52-05:00,9ed69498a10cd32aadd29ea43230942a9fe03996,9ed6949,Parlaxz,forensics: trace C0 source child,66ee1863fd2815d2f0236fcb804103a671f547ef,False,5,,,False,False,False,LOCAL ONLY
2026-09-12T23:01:37-05:00,2026-09-12T23:01:37-05:00,f40055dc0d43a1cfae5881a920a3f5863ff7ce36,f40055d,Parlaxz,forensics: register C0 child trace flag,9ed69498a10cd32aadd29ea43230942a9fe03996,False,1,,,False,False,False,LOCAL ONLY
2026-09-13T09:56:20-05:00,2026-09-13T09:56:20-05:00,1784e64039518171912967409347b65a47283964,1784e64,Parlaxz,fix: eagerly start C0 source workers,f40055dc0d43a1cfae5881a920a3f5863ff7ce36,False,1,,,False,False,False,LOCAL ONLY
2026-09-13T10:22:44-05:00,2026-09-13T10:22:44-05:00,dcbee1f8397b33e9e9571465e86d94b6adf26f85,dcbee1f,Parlaxz,fix: unblock C0 teardown before thread joins,1784e64039518171912967409347b65a47283964,False,1,,,False,False,False,LOCAL ONLY
2026-09-13T10:41:03-05:00,2026-09-13T10:41:03-05:00,514f1a0477f22474b56d4ec6fe44d3015845528b,514f1a0,Parlaxz,diag: split C0 source and SHM writes,dcbee1f8397b33e9e9571465e86d94b6adf26f85,False,5,,,False,False,False,LOCAL ONLY
2026-09-13T11:07:30-05:00,2026-09-13T11:07:30-05:00,57a5168932cb8b5f43da8323a405e218ff451dff,57a5168,Parlaxz,docs: record C0 tail attribution,514f1a0477f22474b56d4ec6fe44d3015845528b,False,1,,,False,False,False,LOCAL ONLY
2026-09-13T11:54:27-05:00,2026-09-13T11:54:27-05:00,d3a920fd176475b0d480e0bef7309b3a48777745,d3a920f,Parlaxz,diag: add minimal restore A/B marker,57a5168932cb8b5f43da8323a405e218ff451dff,False,3,,,False,False,False,LOCAL ONLY
2026-09-13T13:49:40-05:00,2026-09-13T13:49:40-05:00,1863535b6d8704d6fca71f3699980c7ae3c9cd59,1863535,Parlaxz,diag: instrument minimal restore canary,d3a920fd176475b0d480e0bef7309b3a48777745,False,3,,,False,False,False,LOCAL ONLY
2026-09-13T14:26:54-05:00,2026-09-13T14:26:54-05:00,be29b202fffa32a3d957781614ef880710d1968a,be29b20,Parlaxz,docs: record poisoned restore canary,1863535b6d8704d6fca71f3699980c7ae3c9cd59,False,1,,,False,False,False,LOCAL ONLY
2026-09-13T14:28:09-05:00,2026-09-13T14:28:09-05:00,3adcf3e861d681a0a2e2802279f375d7dae6aa29,3adcf3e,Parlaxz,docs: clarify canary evidence status,be29b202fffa32a3d957781614ef880710d1968a,False,1,,,False,False,False,LOCAL ONLY
2026-09-13T14:37:40-05:00,2026-09-13T14:37:40-05:00,c256448eca2bae1de14303cd11afcd684763a2d0,c256448,Parlaxz,"Add manager models, graph box, canvas target search, modal download",e2ee454499c5e9654fd9862720ebe1001b1cab78,False,5,,,False,True,False,LOCAL ONLY
2026-09-13T15:46:10-05:00,2026-09-13T15:46:10-05:00,2d206a34870ac1a60fd71279102e0772c491e8ae,2d206a3,Parlaxz,docs: reconcile C0 old and new cohorts,3adcf3e861d681a0a2e2802279f375d7dae6aa29,False,3,,,False,False,False,LOCAL ONLY
2026-09-13T18:34:06-05:00,2026-09-13T18:34:06-05:00,38d2fc172c497be492039aa9207338728bae3a3a,38d2fc1,Parlaxz,fix: verify full trace volume persistence,2d206a34870ac1a60fd71279102e0772c491e8ae,False,2,,,False,False,False,LOCAL ONLY
2026-09-13T18:57:23-05:00,2026-09-13T18:57:23-05:00,011d88205b85c646af26ace95a0f7b1e998158ae,011d882,Parlaxz,fix: bind trace downloader to canonical workspace,38d2fc172c497be492039aa9207338728bae3a3a,False,2,,,False,False,False,LOCAL ONLY
2026-09-13T19:02:39-05:00,2026-09-13T19:02:39-05:00,590b237760e113f23af89941c793918026069d1b,590b237,Parlaxz,fix: keep trace workspace bound during reads,011d88205b85c646af26ace95a0f7b1e998158ae,False,2,,,False,False,False,LOCAL ONLY
2026-09-13T19:07:19-05:00,2026-09-13T19:07:19-05:00,ebde6d1f628ef44f5c6120afa24f79f605c36979,ebde6d1,Parlaxz,fix: accept deferred full trace artifacts,590b237760e113f23af89941c793918026069d1b,False,2,,,False,False,False,LOCAL ONLY
2026-09-13T19:29:27-05:00,2026-09-13T19:29:27-05:00,acc3a283a075abed95e92cee894f56f27fd35308,acc3a28,Parlaxz,fix: request deep trace for viztracer profile,ebde6d1f628ef44f5c6120afa24f79f605c36979,False,2,,,False,False,False,LOCAL ONLY
2026-09-13T20:49:20-05:00,2026-09-13T20:49:20-05:00,243c9b999c6671d6976b1b9b2d73c59b746089ec,243c9b9,Parlaxz,feat: capture per-preadv syscall diagnostics,acc3a283a075abed95e92cee894f56f27fd35308,False,2,,,False,False,False,LOCAL ONLY
2026-09-13T22:14:36-05:00,2026-09-13T22:14:36-05:00,e5e66d7437a32c033b1f2a27f5885ba8689c2200,e5e66d7,Parlaxz,feat: add final C0 stall observability,243c9b999c6671d6976b1b9b2d73c59b746089ec,False,2,,,False,False,False,LOCAL ONLY
2026-09-13T22:34:19-05:00,2026-09-13T22:34:19-05:00,f9ef2448ff5d143b63bed3d1d36fa991e1daa630,f9ef244,Parlaxz,fix: ignore numeric C0 IDs in pairing,e5e66d7437a32c033b1f2a27f5885ba8689c2200,False,2,,,False,False,False,LOCAL ONLY
2026-09-14T00:58:34-05:00,2026-09-14T00:58:34-05:00,e8a9bdfc61e5a8aff451ea9a16f29d8e722e56c0,e8a9bdf,Parlaxz,feat: add V1 direct volume transport probe,f9ef2448ff5d143b63bed3d1d36fa991e1daa630,False,2,,,False,False,False,LOCAL ONLY
2026-09-14T01:58:18-05:00,2026-09-14T01:58:18-05:00,5ca919bcbc7c3b5d3bab14113a305106466547fb,5ca919b,Parlaxz,feat: add direct Volume V1 C0 treatment,e8a9bdfc61e5a8aff451ea9a16f29d8e722e56c0,False,10,,,False,False,False,LOCAL ONLY
2026-09-14T02:06:57-05:00,2026-09-14T02:06:57-05:00,4f27915899a60568b678f38b10ddfa52a212110f,4f27915,Parlaxz,fix: surface Volume setup failures,5ca919bcbc7c3b5d3bab14113a305106466547fb,False,2,,,False,False,False,LOCAL ONLY
2026-09-14T02:16:51-05:00,2026-09-14T02:16:51-05:00,c86c3a23ed56bc9b93bf09754ef8048e13377c14,c86c3a2,Parlaxz,fix: register child volume transport module,4f27915899a60568b678f38b10ddfa52a212110f,False,2,,,False,False,False,LOCAL ONLY
2026-09-14T02:28:41-05:00,2026-09-14T02:28:41-05:00,6dea2352fa7408003b462fc0aba00b563021b634,6dea235,Parlaxz,fix: pin Volume treatment models mount,c86c3a23ed56bc9b93bf09754ef8048e13377c14,False,3,,,False,False,False,LOCAL ONLY
2026-09-14T02:47:22-05:00,2026-09-14T02:47:22-05:00,4eb8b0c9d061c74b167db8953eb9e0059038d548,4eb8b0c,Parlaxz,fix: honor Volume V1 block alignment,6dea2352fa7408003b462fc0aba00b563021b634,False,2,,,False,False,False,LOCAL ONLY
2026-09-14T03:00:05-05:00,2026-09-14T03:00:05-05:00,335b9fa6d0f6b0712553b301dc2708151c8070ec,335b9fa,Parlaxz,fix: isolate Volume block telemetry,4eb8b0c9d061c74b167db8953eb9e0059038d548,False,2,,,False,False,False,LOCAL ONLY
2026-09-14T10:37:22-05:00,2026-09-14T10:37:22-05:00,37375fbc388995f97db69881f7c8c40421137e3d,37375fb,Parlaxz,ops: select Testing 1 Modal workspace,335b9fa6d0f6b0712553b301dc2708151c8070ec,False,1,,,False,False,False,LOCAL ONLY
2026-09-14T12:07:06-05:00,2026-09-14T12:07:06-05:00,61305b87494247c6048afa093c7cb8ad60a520ea,61305b8,Parlaxz,diag: add default-OFF C0 clustered preadv-sickness experiment,37375fbc388995f97db69881f7c8c40421137e3d,False,8,,,False,False,False,LOCAL ONLY
2026-09-14T12:22:40-05:00,2026-09-14T12:22:40-05:00,4fad4e7d6e55f339b44339928f34ef4856126a34,4fad4e7,Parlaxz,fix: bound C0 preadv-sickness diagnostics off the production reply path,61305b87494247c6048afa093c7cb8ad60a520ea,False,4,,,False,False,False,LOCAL ONLY
2026-09-14T13:06:11-05:00,2026-09-14T13:06:11-05:00,76bdc57bf7dbb11a44401c780f724df535958e1c,76bdc57,Parlaxz,fix: honor v2ctl injected workspace identity in benchmark workspace load,4fad4e7d6e55f339b44339928f34ef4856126a34,False,2,,,False,False,False,LOCAL ONLY
2026-09-14T14:57:41-05:00,2026-09-14T14:57:41-05:00,03ce24916958596717220167db496b1215544d09,03ce249,Parlaxz,fix: bound C0 teardown to prevent post-output hang,76bdc57bf7dbb11a44401c780f724df535958e1c,False,1,exp/pretouch-ab-control-sep14,refs/heads/exp/pretouch-ab-control-sep14,False,False,False,LOCAL ONLY
2026-09-14T21:34:56-05:00,2026-09-14T21:34:56-05:00,759d7dd6b27b29c280da22aeaae198fc7783d209,759d7dd,Parlaxz,freeze Sep 14 Golden deployed baseline,03ce24916958596717220167db496b1215544d09,False,7,,,False,False,False,LOCAL ONLY
2026-09-14T21:41:08-05:00,2026-09-14T21:41:08-05:00,ee41844396186a5253c5ba160fc813a0f794b6b9,ee41844,Parlaxz,diag: expose Wave-A poll health,759d7dd6b27b29c280da22aeaae198fc7783d209,False,2,,,False,False,False,LOCAL ONLY
2026-09-14T22:09:04-05:00,2026-09-14T22:09:04-05:00,b6ecd067f45e41337fe8d8b23c87bd994d98b464,b6ecd06,Parlaxz,diag: count live Wave-A probes,ee41844396186a5253c5ba160fc813a0f794b6b9,False,2,exp/golden-io-process-v2,refs/heads/exp/golden-io-process-v2,False,False,False,LOCAL ONLY
2026-09-15T19:25:44-05:00,2026-09-15T19:25:44-05:00,3fabd9e4fec8b3ee0a98f1a4c58eeb80c026a72a,3fabd9e,Parlaxz,reconstruct Sep 14 deployed Golden bytes,03ce24916958596717220167db496b1215544d09,False,7,,,False,False,False,LOCAL ONLY
2026-09-15T20:07:21-05:00,2026-09-15T20:07:21-05:00,61dd666421ff3d9b0f343d6b79f8a49418e6dea4,61dd666,Parlaxz,add O_DIRECT shadow diagnostic,3fabd9e4fec8b3ee0a98f1a4c58eeb80c026a72a,False,6,,,False,False,False,LOCAL ONLY
2026-09-15T20:19:57-05:00,2026-09-15T20:19:57-05:00,ca5eca8eabdc13ba6148db717a9ac3b65bd0b075,ca5eca8,Parlaxz,repair local v2ctl diagnostic validation,61dd666421ff3d9b0f343d6b79f8a49418e6dea4,False,1,,,False,False,False,LOCAL ONLY
2026-09-15T20:43:39-05:00,2026-09-15T20:43:39-05:00,02b623f0afc2e4a76dbdade060bea4abd7acc5c2,02b623f,Parlaxz,classify O_DIRECT completion separation,ca5eca8eabdc13ba6148db717a9ac3b65bd0b075,False,2,exp/odirect-shadow-sep14,refs/heads/exp/odirect-shadow-sep14,False,False,False,LOCAL ONLY
2026-09-16T00:08:48-05:00,2026-09-16T00:08:48-05:00,390e7d87bec77a995471f8c15f841cf88ed2b8c0,390e7d8,Parlaxz,bundle,c256448eca2bae1de14303cd11afcd684763a2d0,False,130,,,False,True,False,LOCAL ONLY
2026-09-16T01:06:15-05:00,2026-09-16T01:06:15-05:00,5cf2ed3b0757d001a2e6ee2dcf937cfb7d117ae9,5cf2ed3,Parlaxz,exp: add Golden post-restore pretouch arm,03ce24916958596717220167db496b1215544d09,False,2,,,False,False,False,LOCAL ONLY
2026-09-16T01:06:37-05:00,2026-09-16T01:06:37-05:00,1af7098ac0597b05aae93ff2417108c095d673ea,1af7098,Parlaxz,test: cover Golden pretouch telemetry,5cf2ed3b0757d001a2e6ee2dcf937cfb7d117ae9,False,1,,,False,False,False,LOCAL ONLY
2026-09-16T10:04:36-05:00,2026-09-16T10:04:36-05:00,a94c1492ad9fdd5f008782128854f72f0403c7e1,a94c149,Parlaxz,fix: retarget Golden pretouch at the live reader seam,1af7098ac0597b05aae93ff2417108c095d673ea,False,5,exp/pretouch-ab-pretouch-sep14,refs/heads/exp/pretouch-ab-pretouch-sep14,False,False,False,LOCAL ONLY
2026-09-16T15:07:25-05:00,2026-09-16T15:07:25-05:00,ff7cb41254e192490fdae921be42d8ff10c5afaf,ff7cb41,Parlaxz,exp: isolate Golden transport carryover,03ce24916958596717220167db496b1215544d09,False,12,,,False,False,False,LOCAL ONLY
2026-09-16T17:27:38-05:00,2026-09-16T17:27:38-05:00,0ee60b07aecd140861016a089bf35464366d85d8,0ee60b0,Parlaxz,fix: route parallel Golden output contract,ff7cb41254e192490fdae921be42d8ff10c5afaf,False,5,exp/resource-local-carryover-sep14,refs/heads/exp/resource-local-carryover-sep14,False,False,False,LOCAL ONLY
2026-09-17T06:15:11-05:00,2026-09-17T06:15:11-05:00,9fdbae45b7d6dbccaeda9009d0c93ff9f36f9f19,9fdbae4,Parlaxz,refactor: minimize Golden snapshot restore,390e7d87bec77a995471f8c15f841cf88ed2b8c0,False,3,,,False,True,False,LOCAL ONLY
2026-09-17T06:18:33-05:00,2026-09-17T06:18:33-05:00,a36d1f1b1e4a6b1a211d569fd2b4d5d29fd30211,a36d1f1,Parlaxz,docs: record Golden restore audit,9fdbae45b7d6dbccaeda9009d0c93ff9f36f9f19,False,1,,,False,True,False,LOCAL ONLY
2026-09-17T10:22:35-05:00,2026-09-17T10:22:35-05:00,711f7cfb932e2d44f7dc285441e9cd5f827cdd30,711f7cf,Parlaxz,docs: record Testing 1 validation attempts,a36d1f1b1e4a6b1a211d569fd2b4d5d29fd30211,False,1,HEAD -> TESTING2,,False,True,False,LOCAL ONLY
2026-09-17T10:57:53-05:00,2026-09-17T10:57:53-05:00,41af7fc6b0ce761ec5f1343a0fac68f81e787ff3,41af7fc,Parlaxz,refactor: minimize Sep14 Golden restore,03ce24916958596717220167db496b1215544d09,False,3,,,False,False,False,LOCAL ONLY
2026-09-17T10:59:15-05:00,2026-09-17T10:59:15-05:00,70ae50ffd347281d6b32da87f96335ae66d25577,70ae50f,Parlaxz,docs: record Sep14 Golden restore audit,41af7fc6b0ce761ec5f1343a0fac68f81e787ff3,False,1,,,False,False,False,LOCAL ONLY
2026-09-17T12:19:27-05:00,2026-09-17T12:19:27-05:00,d1fffd2f5da108f0a718ea80da56152ae29f9c57,d1fffd2,Parlaxz,fix: bound Golden stream consumption,70ae50ffd347281d6b32da87f96335ae66d25577,False,2,,,False,False,False,LOCAL ONLY
2026-09-17T14:46:52-05:00,2026-09-17T14:46:52-05:00,d9504d167e2acd4bea3860a2349b2f5de35da711,d9504d1,Parlaxz,refactor: finalize Golden restore lifecycle,d1fffd2f5da108f0a718ea80da56152ae29f9c57,False,5,,,False,False,False,LOCAL ONLY
2026-09-17T14:59:27-05:00,2026-09-17T14:59:27-05:00,d95e4347963024b51be76cfbb2c5c6d9d96c39a1,d95e434,Parlaxz,feat: add H100 Sep14 C0 profile,d9504d167e2acd4bea3860a2349b2f5de35da711,False,2,,,False,False,False,LOCAL ONLY
2026-09-17T15:28:32-05:00,2026-09-17T15:28:32-05:00,0723a760bd61352f9e1d20b5ec0f57e3ca89b8c2,0723a76,Parlaxz,docs: record H100 C0 migration,d95e4347963024b51be76cfbb2c5c6d9d96c39a1,False,1,,,False,False,False,LOCAL ONLY
2026-09-17T15:33:17-05:00,2026-09-17T15:33:17-05:00,f4ced7b3822413ea27269c1da3a08ce6fe95741c,f4ced7b,Parlaxz,docs: record H100 C0 cohort,0723a760bd61352f9e1d20b5ec0f57e3ca89b8c2,False,1,,,False,False,False,LOCAL ONLY
2026-09-17T16:30:10-05:00,2026-09-17T16:30:10-05:00,fc65b83c4fc816aa02c1afef10e843099560aea3,fc65b83,Parlaxz,fix: pin H100 Golden profile exactly,f4ced7b3822413ea27269c1da3a08ce6fe95741c,False,1,,,False,False,False,LOCAL ONLY
2026-09-17T16:30:28-05:00,2026-09-17T16:30:28-05:00,b2aa8f82f10c5a5f676dd03cb4697a03167440b3,b2aa8f8,Parlaxz,fix: record effective Golden transport identity,fc65b83c4fc816aa02c1afef10e843099560aea3,False,2,,,False,False,False,LOCAL ONLY
2026-09-17T16:58:18-05:00,2026-09-17T16:58:18-05:00,01bd544a8c9ac36be5859c3ae15300d09570de4c,01bd544,Parlaxz,fix: make Golden output SHA informational,b2aa8f82f10c5a5f676dd03cb4697a03167440b3,False,11,,,False,False,False,LOCAL ONLY
2026-09-17T16:59:56-05:00,2026-09-17T16:59:56-05:00,73a4842b06bb402aebc207323354512d0c4a8e98,73a4842,Parlaxz,fix: align strict GPU catalog capabilities,01bd544a8c9ac36be5859c3ae15300d09570de4c,False,2,,,False,False,False,LOCAL ONLY
2026-09-17T19:15:13-05:00,2026-09-17T19:15:13-05:00,791f50a33185b8fe75c6668f6c0f5302ba169339,791f50a,Parlaxz,diag: retain current snapshot memory attribution,73a4842b06bb402aebc207323354512d0c4a8e98,False,2,,,False,False,False,LOCAL ONLY
2026-09-17T19:26:41-05:00,2026-09-17T19:26:41-05:00,97a27ae8a1badc96e5c65ebd11c87750c512e049,97a27ae,Parlaxz,diag: surface snapshot manifest capture failures,791f50a33185b8fe75c6668f6c0f5302ba169339,False,1,,,False,False,False,LOCAL ONLY
2026-09-17T19:36:56-05:00,2026-09-17T19:36:56-05:00,334fc5e76ba2ed50e146751ac437b06610302a49,334fc5e,Parlaxz,diag: project snapshot manifest through minimal restore,97a27ae8a1badc96e5c65ebd11c87750c512e049,False,1,omos/authoritative-golden-core-sep14,refs/heads/omos/authoritative-golden-core-sep14,False,False,False,LOCAL ONLY
2026-09-18T01:16:35-05:00,2026-09-18T01:16:35-05:00,b75e88cec79a72eca860e3f2a5ff08c1df0ac04e,b75e88c,Parlaxz,archival: exact RTX PRO 6000 15x15 deployed source/config (golden-best-001),334fc5e76ba2ed50e146751ac437b06610302a49,False,2,"tag: golden-best-001, golden-best-001-archival",refs/heads/golden-best-001-archival,False,False,False,LOCAL ONLY
2026-09-18T01:26:49-05:00,2026-09-18T01:26:49-05:00,0c5f3f0189bef379b804f83246dc8c010a93ac74,0c5f3f0,Parlaxz,archival: byte-exact RTX PRO 6000 15x15 deployed source/config (golden-best-002),334fc5e76ba2ed50e146751ac437b06610302a49,False,4,"tag: golden-best-002, golden-best-002-archival",refs/heads/golden-best-002-archival,False,False,False,LOCAL ONLY
2026-09-18T01:28:58-05:00,2026-09-18T01:28:58-05:00,965da7af427f63eadcfb7af1bccc9add45c7c143,965da7a,Parlaxz,archival: byte-exact RTX PRO 6000 15x15 deployed source/config (golden-best-003),334fc5e76ba2ed50e146751ac437b06610302a49,False,4,tag: golden-best-003,,False,False,False,LOCAL ONLY
2026-09-18T01:34:37-05:00,2026-09-18T01:34:37-05:00,f7e6282a96add73ce65e3b9d2b0f5250763ae592,f7e6282,Parlaxz,docs: promote golden-best-003 provenance record and machine-readable identity,965da7af427f63eadcfb7af1bccc9add45c7c143,False,2,golden-best-003-archival,refs/heads/golden-best-003-archival,False,False,False,LOCAL ONLY
2026-09-18T01:50:08-05:00,2026-09-18T01:50:08-05:00,3780d00c686e54af29fa57b8c7ce288cf816356b,3780d00,Parlaxz,diag: arm1 selector-gated parent fill/slot/generation join + per-role H2D span telemetry,334fc5e76ba2ed50e146751ac437b06610302a49,False,4,,,False,False,False,LOCAL ONLY
2026-09-18T01:50:17-05:00,2026-09-18T01:50:17-05:00,4683476359af5c8bab715fc917f1d6e24e924cad,4683476,Parlaxz,diag: track H100 preadv-sickness diagnostic profile used by the 20-run cohort,3780d00c686e54af29fa57b8c7ce288cf816356b,False,1,,,False,False,False,LOCAL ONLY
2026-09-18T02:21:49-05:00,2026-09-18T02:21:49-05:00,d8b4a135c518ed1c10d3e0779ada1323d3d0c9cd,d8b4a13,Parlaxz,diag: gated native preadv timer for C0 source reads,334fc5e76ba2ed50e146751ac437b06610302a49,False,11,exp/golden-sickness-native,refs/heads/exp/golden-sickness-native,False,False,False,LOCAL ONLY
2026-09-18T02:26:24-05:00,2026-09-18T02:26:24-05:00,a447983e5017c6d78c1c9fbae42ac8c77ed7c718,a447983,Parlaxz,"diag: arm1 H100+RTX cohorts, offline derivations, and root-cause report (diagnosis only)",4683476359af5c8bab715fc917f1d6e24e924cad,False,109,,,False,False,False,LOCAL ONLY
2026-09-18T02:57:52-05:00,2026-09-18T02:57:52-05:00,2449e22664a86cbbcb88cda3ded3f9b8e9a326a2,2449e22,Parlaxz,"diag: extend arm1 cohorts to 23 H100 + 16 RTX runs; RTX not immune, shared first-use gradient",a447983e5017c6d78c1c9fbae42ac8c77ed7c718,False,15,,,False,False,False,LOCAL ONLY
2026-09-18T03:04:14-05:00,2026-09-18T03:04:14-05:00,84058e20fddd7113b7a5b82d5bd9d578ad4b184b,84058e2,Parlaxz,diag: VAE last-stage discriminator falsifies pristine arena-page trigger; localize to cold source extents,2449e22664a86cbbcb88cda3ded3f9b8e9a326a2,False,2,,,False,False,False,LOCAL ONLY
2026-09-18T03:04:23-05:00,2026-09-18T03:04:23-05:00,6250ecbd6c026f1bf0fe647944e93a143424db1a,6250ecb,Parlaxz,diag: update root_cause_matrix Q6 to cold-source-extent verdict,84058e20fddd7113b7a5b82d5bd9d578ad4b184b,False,1,,,False,False,False,LOCAL ONLY
2026-09-18T05:06:50-05:00,2026-09-18T05:06:50-05:00,bd956b5ecea7fe08b21cb157a614b64662a3bcc1,bd956b5,Parlaxz,diag: offline source-history closure for the Golden sickness campaign,6250ecbd6c026f1bf0fe647944e93a143424db1a,False,31,,,False,False,False,LOCAL ONLY
2026-09-18T05:19:08-05:00,2026-09-18T05:19:08-05:00,ae4c8db130412ca24fb9d217aafcd956d4144742,ae4c8db,Parlaxz,diag: offline addendum refining report Q6 framing,bd956b5ecea7fe08b21cb157a614b64662a3bcc1,False,1,diag/c0-arm1-join,refs/heads/diag/c0-arm1-join,False,False,False,LOCAL ONLY
2026-09-18T06:24:21-05:00,2026-09-18T06:24:21-05:00,11ccc38e17bfa652a19d5a4b9084468f705e5d32,11ccc38,Parlaxz,"diag: pre-register the final causal-closure campaign (W3, PRE/POST CUDA, SHAM/SPLIT three-arm)",bd956b5ecea7fe08b21cb157a614b64662a3bcc1,False,1,,,False,False,False,LOCAL ONLY
2026-09-18T06:36:55-05:00,2026-09-18T06:36:55-05:00,7971c209b285b9b0de06c09a5219593668f65a3f,7971c20,Parlaxz,diag: phase-2 source-only PRE/POST CUDA probe (default-OFF),11ccc38e17bfa652a19d5a4b9084468f705e5d32,False,8,,,False,False,False,LOCAL ONLY
2026-09-18T06:47:23-05:00,2026-09-18T06:47:23-05:00,888b7aaba632bb732eec6ed414463801ba433000,888b7aa,Parlaxz,diag: add diagnostic deploy/run path for the source-only PRE/POST probe,7971c209b285b9b0de06c09a5219593668f65a3f,False,4,,,False,False,False,LOCAL ONLY
2026-09-18T07:13:40-05:00,2026-09-18T07:13:40-05:00,7d7914dba8fab390a1c55b0cb9f9efb94c961c9c,7d7914d,Parlaxz,diag: phase-2 PRE/POST CUDA evidence — 12 H100 + 20 RTX source-only probes,888b7aaba632bb732eec6ed414463801ba433000,False,39,,,False,False,False,LOCAL ONLY
2026-09-18T07:35:34-05:00,2026-09-18T07:35:34-05:00,a752dc9980e6a3343a41834d32a4897fd36ec594,a752dc9,Parlaxz,diag: phase-1 W3 prestarted cross-process witness for C0 source stalls,7d7914dba8fab390a1c55b0cb9f9efb94c961c9c,False,8,,,False,False,False,LOCAL ONLY
2026-09-18T07:58:24-05:00,2026-09-18T07:58:24-05:00,e6b312c0ea70483c50a260b5374493eac8db3108,e6b312c,Parlaxz,diag: emit the W3 witness wave on the watchdog thread at tripwire detection,a752dc9980e6a3343a41834d32a4897fd36ec594,False,2,,,False,False,False,LOCAL ONLY
2026-09-18T08:13:49-05:00,2026-09-18T08:13:49-05:00,94b5ad68bdb4701ad106de551ad812f8fd9526e7,94b5ad6,Parlaxz,diag: phase-1 W3 witness evidence + strict-overlap extractors,e6b312c0ea70483c50a260b5374493eac8db3108,False,5,,,False,False,False,LOCAL ONLY
2026-09-18T08:32:30-05:00,2026-09-18T08:32:30-05:00,6acee6274010adfc83adc3d8e070fbeb28b75b42,6acee62,Parlaxz,diag: phase-3 three-resource S/P/U carryover architecture (default-OFF),94b5ad68bdb4701ad106de551ad812f8fd9526e7,False,17,,,False,False,False,LOCAL ONLY
2026-09-18T09:13:59-05:00,2026-09-18T09:13:59-05:00,1f95dffa6a91940b269c89e9712717c6dd01b0e7,1f95dff,Parlaxz,"diag: final causal closure report (Q2 PROVEN pre-CUDA host/source; Q1 PROVEN MIXTURE; Q3 built+S-validated, P/U cohort blocked by an arm-P hang)",6acee6274010adfc83adc3d8e070fbeb28b75b42,False,1,,,False,False,False,LOCAL ONLY
2026-09-18T09:44:48-05:00,2026-09-18T09:44:48-05:00,b616da86481e1525bb9836a80ba62e897569712f,b616da8,Parlaxz,diag: bound the pre-UNET synthetic exercise event wait and add a resource-stream readiness gate,1f95dffa6a91940b269c89e9712717c6dd01b0e7,False,3,,,False,False,False,LOCAL ONLY
2026-09-18T10:09:53-05:00,2026-09-18T10:09:53-05:00,db4b1a9a44bcaf8ee7126910f0332519062fd400,db4b1a9,Parlaxz,diag: phase-3 update - arm-P hang fixed and bounded; 10 S/P/U requests completed with correct routing; per-read outcome capture empty so the conditional endpoint is still unmeasured,b616da86481e1525bb9836a80ba62e897569712f,False,6,,,False,False,False,LOCAL ONLY
2026-09-18T10:25:16-05:00,2026-09-18T10:25:16-05:00,bd175174554d12282b10eba8dd1af99a2ab95d02,bd17517,Parlaxz,diag: correct the phase-3 record - outcome capture was never empty; endpoint computed and underpowered,db4b1a9a44bcaf8ee7126910f0332519062fd400,False,6,,,False,False,False,LOCAL ONLY
2026-09-18T11:31:09-05:00,2026-09-18T11:31:09-05:00,459e60b0f85f828a31e0fff39290b2b31aaad9cc,459e60b,Parlaxz,"diag: tri cohort yield accounting (100 requests, 10 qualifying) and the parallel-batching confound; three options recorded pending a decision",bd175174554d12282b10eba8dd1af99a2ab95d02,False,5,,,False,False,False,LOCAL ONLY
2026-09-18T11:57:06-05:00,2026-09-18T11:57:06-05:00,315b14b2fb493e1a6aec270c2cbe8f6618654fad,315b14b,Parlaxz,"diag: tri cohort placement audit - yield collapse is region-associated (AWS eu-south-2 22.2% vs GCP 4-10%), not parallel submission; both are confounded and targetable via COMFYMODAL_V2_CLOUD/REGION",459e60b0f85f828a31e0fff39290b2b31aaad9cc,False,7,,,False,False,False,LOCAL ONLY
2026-09-18T12:42:26-05:00,2026-09-18T12:42:26-05:00,cc2ed6f2e7cce223adf5fdfea63eb9850599d277,cc2ed6f,Parlaxz,"diag: correct the placement audit - AWS cloud pinning reproduces eu-south-2 18/18, but the replication ran a different image/runtime (bd17517 post-dates the tri deploy @09:48-09:52), so the 0/18 is confounded; no yield lever established",315b14b2fb493e1a6aec270c2cbe8f6618654fad,False,5,,,False,False,False,LOCAL ONLY
2026-09-18T12:43:25-05:00,2026-09-18T12:43:25-05:00,b31c76786bc3d2b7fb285aa733fcba485b3c65ca,b31c767,Parlaxz,"diag: report update - Q3 at 127 requests (4/4/4 qualifying), placement audit + confounded AWS replication recorded, paid-input accounting to ~168",cc2ed6f2e7cce223adf5fdfea63eb9850599d277,False,1,,,False,False,False,LOCAL ONLY
2026-09-18T12:44:08-05:00,2026-09-18T12:44:08-05:00,1c6ae5df4fa90ee306e8094715468a925da4b914,1c6ae5d,Parlaxz,diag: record the bd17517 instrumentation-era split - era-consistent Q3 cohort is the 109 pre-redeploy requests (4/4/4); the 18 post-bd17517 requests are instrument-mismatched,b31c76786bc3d2b7fb285aa733fcba485b3c65ca,False,1,,,False,False,False,LOCAL ONLY
2026-09-18T14:39:32-05:00,2026-09-18T14:39:32-05:00,abbe46ed1df0e0b96e3c9ebe2ab06433f21edef6,abbe46e,Parlaxz,"diag: Q3 TERMINAL underpowered - era-consistent 72-request cohort (restored pre-bd17517 runtime, unpinned, 24/arm) yields 6 CLIP-sick and 0 conditional events; placement association refuted in a fresh era (AWS eu-south-2 0/14 vs GCP 6/58); pooled A+C S 0.50 vs P 0.20 vs U 0.43 (p=0.35), direction only",1c6ae5df4fa90ee306e8094715468a925da4b914,False,4,,,False,False,False,LOCAL ONLY
2026-09-18T14:46:56-05:00,2026-09-18T14:46:56-05:00,7a7410dec7a789d67db48b2a7ee117b4c2ed197b,7a7410d,Parlaxz,"diag: report hygiene - analyser now reports skipped cohorts (22 zero-byte, 5 non-tri) instead of dropping them silently; stale 127-request reference corrected; original Q3 paragraph marked superseded",abbe46ed1df0e0b96e3c9ebe2ab06433f21edef6,False,2,diag/golden-sickness-final-causal-closure-sep18,refs/heads/diag/golden-sickness-final-causal-closure-sep18,False,False,False,LOCAL ONLY
2026-09-18T18:02:17-05:00,2026-09-18T18:02:17-05:00,99835aa962f2cca22b310de9d708b3ce99d98b77,99835aa,Parlaxz,exp: add QD2 resource failover experiment,ae4c8db130412ca24fb9d217aafcd956d4144742,False,12,,,False,False,False,LOCAL ONLY
2026-09-18T18:23:43-05:00,2026-09-18T18:23:43-05:00,8d5c1626d9c4bc3f4f2a298d5d00f28255b69b1e,8d5c162,Parlaxz,exp: add RTX failover arms on Testing 2,99835aa962f2cca22b310de9d708b3ce99d98b77,False,4,,,False,False,False,LOCAL ONLY
2026-09-18T18:46:35-05:00,2026-09-18T18:46:35-05:00,8889bdbe3d5c1b98f33bf692c450ad5a1be8ae44,8889bdb,Parlaxz,fix: accept tensor-backed failover lease targets,8d5c1626d9c4bc3f4f2a298d5d00f28255b69b1e,False,2,,,False,False,False,LOCAL ONLY
2026-09-18T19:49:27-05:00,2026-09-18T19:49:27-05:00,4ba00623e8bf51985f00fcfaedffbdde2c2da037,4ba0062,Parlaxz,fix: share one source engine across resource bank,8889bdbe3d5c1b98f33bf692c450ad5a1be8ae44,False,3,,,False,False,False,LOCAL ONLY
2026-09-18T20:13:38-05:00,2026-09-18T20:13:38-05:00,78c404e22ecd0d67266b8cec0244ab0eb4818499,78c404e,Parlaxz,chore: add corrected topology audit telemetry,4ba00623e8bf51985f00fcfaedffbdde2c2da037,False,4,,,False,False,False,LOCAL ONLY
2026-09-18T21:16:49-05:00,2026-09-18T21:16:49-05:00,7c82de9f7aba96e1a4cafdb7e243820eaa537dbd,7c82de9,Parlaxz,fix: make rescue timing source-start based,78c404e22ecd0d67266b8cec0244ab0eb4818499,False,3,,,False,False,False,LOCAL ONLY
2026-09-18T21:28:15-05:00,2026-09-18T21:28:15-05:00,eb8383beeb93a0e625615031ec4f0ffcade2ef04,eb8383b,Parlaxz,fix: keep source-start events bank-scoped,7c82de9f7aba96e1a4cafdb7e243820eaa537dbd,False,1,,,False,False,False,LOCAL ONLY
2026-09-18T22:09:19-05:00,2026-09-18T22:09:19-05:00,cdc235bc62cce4aca5f3f3c859f425535eb5ae58,cdc235b,Parlaxz,feat: hedge C0 resource failover with 150ms first-completion-wins,eb8383beeb93a0e625615031ec4f0ffcade2ef04,False,11,,,False,False,False,LOCAL ONLY
2026-09-18T23:33:50-05:00,2026-09-18T23:33:50-05:00,c78fdf24c4f18291fd45184bcddf8ef1c438129e,c78fdf2,Parlaxz,feat: add diagnostic Golden host-path isolation benchmark,eb8383beeb93a0e625615031ec4f0ffcade2ef04,False,4,,,False,False,False,LOCAL ONLY
2026-09-18T23:34:26-05:00,2026-09-18T23:34:26-05:00,0e11ecc1fcfdc1caebfc287284ae4edf5eff9421,0e11ecc,Parlaxz,chore: record local commit identity in host-path probe runner,c78fdf24c4f18291fd45184bcddf8ef1c438129e,False,1,,,False,False,False,LOCAL ONLY
2026-09-18T23:34:53-05:00,2026-09-18T23:34:53-05:00,3281741c8a00d77f08df2be8a0505b7c0d006260,3281741,Parlaxz,chore: carry per-test provider/region/gpu identity,0e11ecc1fcfdc1caebfc287284ae4edf5eff9421,False,1,,,False,False,False,LOCAL ONLY
2026-09-18T23:37:14-05:00,2026-09-18T23:37:14-05:00,97b3868d2392be2e1061de6c2b6dab6e4895c8d5,97b3868,Parlaxz,chore: allow --gpu override in host-path probe runner (H100 vs RTX isolation),3281741c8a00d77f08df2be8a0505b7c0d006260,False,1,,,False,False,False,LOCAL ONLY
2026-09-18T23:46:33-05:00,2026-09-18T23:46:33-05:00,c58b34c22eccdc54e06927751b4f738caa26c867,c58b34c,Parlaxz,fix: mirror canonical workspace binding in host-path probe runner,97b3868d2392be2e1061de6c2b6dab6e4895c8d5,False,1,,,False,False,False,LOCAL ONLY
2026-09-19T00:10:07-05:00,2026-09-19T00:10:07-05:00,1af62a13e07aabdd30a71ab5952659584d80d0d4,1af62a1,Parlaxz,feat: add diagnostic Golden host memory-scaling battery,c58b34c22eccdc54e06927751b4f738caa26c867,False,4,exp/golden-host-path-isolation-sep18,refs/heads/exp/golden-host-path-isolation-sep18,False,False,False,LOCAL ONLY
2026-09-19T00:18:51-05:00,2026-09-19T00:18:51-05:00,81f1f6d6296232504909510567b8530911267182,81f1f6d,Parlaxz,diag: add bounded C0 bank/load envelope telemetry and registration microbench,cdc235bc62cce4aca5f3f3c859f425535eb5ae58,False,7,,,False,False,False,LOCAL ONLY
2026-09-19T00:39:34-05:00,2026-09-19T00:39:34-05:00,f2ffc8c88e8099e180075e42065a4958bf85ce44,f2ffc8c,Parlaxz,opt: compact C0 bank to 3 resources x 2 slots (ROTATE3) with slot occupancy telemetry,81f1f6d6296232504909510567b8530911267182,False,11,,,False,False,False,LOCAL ONLY
2026-09-19T00:56:02-05:00,2026-09-19T00:56:02-05:00,4496c95e44d64ca375268ffdb24eb97faeb39ce4,4496c95,Parlaxz,exp: add deploy-baked experiment config surface (slots/depth/r2/reuse/schedule/stage/fault) with parameterized topology,f2ffc8c88e8099e180075e42065a4958bf85ce44,False,11,,,False,False,False,LOCAL ONLY
2026-09-19T01:09:40-05:00,2026-09-19T01:09:40-05:00,3ebbfadded5f6eaa4ceb8c16d4377de829b2d26b,3ebbfad,Parlaxz,feat: add diagnostic Golden striped source probe (A/C/D + decoupled B),1af62a13e07aabdd30a71ab5952659584d80d0d4,False,4,exp/golden-striped-source-sep19,refs/heads/exp/golden-striped-source-sep19,False,False,False,LOCAL ONLY
2026-09-19T01:54:53-05:00,2026-09-19T01:54:53-05:00,ceba7ec5f78066df586da11fe40a36ac374a9d56,ceba7ec,Parlaxz,tools: add compact C0 per-run metrics extractor for the experiment corpus,4496c95e44d64ca375268ffdb24eb97faeb39ce4,False,1,,,False,False,False,LOCAL ONLY
2026-09-19T02:02:22-05:00,2026-09-19T02:02:22-05:00,17f98bcee07c9fedb3eaaaa57d0ae5e33911d4e9,17f98bc,Parlaxz,diag: add bounded same-process bank reuse microbench at final geometry,ceba7ec5f78066df586da11fe40a36ac374a9d56,False,3,,,False,False,False,LOCAL ONLY
2026-09-19T02:13:50-05:00,2026-09-19T02:13:50-05:00,5827ce5d578a4032006ab32920f232b92b2982c3,5827ce5,Parlaxz,opt: async R2 preparation with attach_segment protocol and readiness-gated routing,17f98bcee07c9fedb3eaaaa57d0ae5e33911d4e9,False,4,,,False,False,False,LOCAL ONLY
2026-09-19T02:18:48-05:00,2026-09-19T02:18:48-05:00,7ba393b77c80fbe3fae1c1f73647f62861482d74,7ba393b,Parlaxz,feat: add diagnostic Golden Volume v1-vs-v2 paired source probe,3ebbfadded5f6eaa4ceb8c16d4377de829b2d26b,False,4,exp/golden-volume-v1-v2-h100-sep19,refs/heads/exp/golden-volume-v1-v2-h100-sep19,False,False,False,LOCAL ONLY
2026-09-19T02:25:37-05:00,2026-09-19T02:25:37-05:00,060d2c7e2face8193a79548c30abd26964a354fd,060d2c7,Parlaxz,diag: expose same-process bank reuse microbench via shadow probe (reuse=1),5827ce5d578a4032006ab32920f232b92b2982c3,False,2,,,False,False,False,LOCAL ONLY
2026-09-19T02:31:28-05:00,2026-09-19T02:31:28-05:00,5a75f247463c360baabe6864df18bd81e7250350,5a75f24,Parlaxz,chore: capture verified async-R2 H100 telemetry,060d2c7e2face8193a79548c30abd26964a354fd,False,41,,,False,False,False,LOCAL ONLY
2026-09-19T02:42:55-05:00,2026-09-19T02:42:55-05:00,1de470a586b5d411150efa4fff35d2d7c74b972e,1de470a,Parlaxz,opt: bank_reuse=recycle lifecycle with quiescence-gated CLIP->UNET physical reuse,5a75f247463c360baabe6864df18bd81e7250350,False,3,,,False,False,False,LOCAL ONLY
2026-09-19T04:01:54-05:00,2026-09-19T04:01:54-05:00,6e89a079a84dd29ac34068521ea28aa59de41145,6e89a07,Parlaxz,opt: clip_unet_schedule=overlap (CLIP forward ,1de470a586b5d411150efa4fff35d2d7c74b972e,False,4,| UNET load) with telemetry and failure reconcile|,,False,False,False,LOCAL ONLY
2026-09-19T04:20:19-05:00,2026-09-19T04:20:19-05:00,d6daf09cc351d7020af70d2147d94660756b82b3,d6daf09,Parlaxz,fix: release CLIP staging leases before recycle and make overlap genuinely concurrent (offloaded sibling),6e89a079a84dd29ac34068521ea28aa59de41145,False,4,,,False,False,False,LOCAL ONLY
2026-09-19T04:37:31-05:00,2026-09-19T04:37:31-05:00,f57d70294811c2bc9df9610db261d9ff4ae5f7c5,f57d702,Parlaxz,"chore: capture verified full-architecture H100 run (recycle fires, true overlap)",d6daf09cc351d7020af70d2147d94660756b82b3,False,2,,,False,False,False,LOCAL ONLY
2026-09-19T06:16:01-05:00,2026-09-19T06:16:01-05:00,4d3534442f0b936224e5185e8ac501f07d17c7ab,4d35344,Parlaxz,chore: capture final H100 and RTX PRO 6000 architecture cohorts,f57d70294811c2bc9df9610db261d9ff4ae5f7c5,False,31,,,False,False,False,LOCAL ONLY
2026-09-19T06:17:19-05:00,2026-09-19T06:17:19-05:00,9663158058e4cadf69a05b1151e9294e9bbbece7,9663158,Parlaxz,docs: final golden topology/bank/overlap optimization report,4d3534442f0b936224e5185e8ac501f07d17c7ab,False,1,,,False,False,False,LOCAL ONLY
2026-09-19T09:40:07-05:00,2026-09-19T09:40:07-05:00,450a116b916de81f7bede1b41034b5955dc74a51,450a116,Parlaxz,audit: materialize exact final31 counted-run manifest,9663158058e4cadf69a05b1151e9294e9bbbece7,False,1,,,False,False,False,LOCAL ONLY
2026-09-19T10:02:15-05:00,2026-09-19T10:02:15-05:00,618c59241a731764a77f407407a91856cde8c5a2,618c592,Parlaxz,audit: final31 R2 usage cache gap and contention forensics,450a116b916de81f7bede1b41034b5955dc74a51,False,2,"exp/pristine-resource-carrier-isolation-sep19, exp/golden-q2-128-resource-failover-sep18",refs/heads/exp/golden-q2-128-resource-failover-sep18;refs/heads/exp/pristine-resource-carrier-isolation-sep19,False,False,False,LOCAL ONLY
2026-09-20T14:22:54-05:00,2026-09-20T14:22:54-05:00,77bf3b4e152d6df9251cdea09d56bd04a1eb703d,77bf3b4,Parlaxz,exp: isolate CLIP CUDA event lifetime causality,618c59241a731764a77f407407a91856cde8c5a2,False,21,,,False,False,False,LOCAL ONLY
2026-09-20T16:36:59-05:00,2026-09-20T16:36:59-05:00,d642e97fc56375546e01ff1b9288d8ef50403e11,d642e97,Parlaxz,fix: forward CUDA event arm selectors,77bf3b4e152d6df9251cdea09d56bd04a1eb703d,False,1,exp/cuda-event-per-transfer-causality-sep20,refs/heads/exp/cuda-event-per-transfer-causality-sep20,False,False,False,LOCAL ONLY
2026-09-20T21:16:06-05:00,2026-09-20T21:16:06-05:00,64e2280cc66b0b630a5bcc413254b54d0124089d,64e2280,Parlaxz,exp: add H100 CUDA shadow source causality arm,d642e97fc56375546e01ff1b9288d8ef50403e11,False,8,,,False,False,False,LOCAL ONLY
2026-09-20T21:53:46-05:00,2026-09-20T21:53:46-05:00,7a255517c96515b95101fc64ccf852a44231453f,7a25551,Parlaxz,exp: wire CUDA source arm through Golden harness,64e2280cc66b0b630a5bcc413254b54d0124089d,False,11,,,False,False,False,LOCAL ONLY
2026-09-20T22:14:11-05:00,2026-09-20T22:14:11-05:00,a13d9d9caf8c2d8769a1035e50b591fe01bf4e21,a13d9d9,Parlaxz,fix: validate shadow source coverage after tail split,7a255517c96515b95101fc64ccf852a44231453f,False,2,,,False,False,False,LOCAL ONLY
2026-09-20T22:28:56-05:00,2026-09-20T22:28:56-05:00,18e1e0a88a2e13788ce67c8d5e7f88db2e353498,18e1e0a,Parlaxz,fix: normalize shadow geometry proof,a13d9d9caf8c2d8769a1035e50b591fe01bf4e21,False,2,,,False,False,False,LOCAL ONLY
2026-09-20T22:49:25-05:00,2026-09-20T22:49:25-05:00,79a59070ed4a0704684332c1b150af88e1b9cba1,79a5907,Parlaxz,fix: accept CUDA shadow source boundary,18e1e0a88a2e13788ce67c8d5e7f88db2e353498,False,2,,,False,False,False,LOCAL ONLY
2026-09-20T23:26:25-05:00,2026-09-20T23:26:25-05:00,a7b62e67a59a0f5028cd3bd55bd107be85dab672,a7b62e6,Parlaxz,report: analyze CUDA source causality cohort,79a59070ed4a0704684332c1b150af88e1b9cba1,False,12,exp/cuda-vs-no-cuda-source-causality-sep20,refs/heads/exp/cuda-vs-no-cuda-source-causality-sep20,False,False,False,LOCAL ONLY
