role,block_mib,qd,n,source_median_ms,source_mean_ms,effective_gbps,achieved_mean_qd_mean,achieved_max_qd_max,source_read_count_mean
CLIP,32,1,10,11605.3571485,13574.6732896,0.6932088421802525,,,240
CLIP,32,2,10,6955.1381975,8055.2482023,1.1566896247858487,,,240
CLIP,32,4,10,6865.4337935,8799.0410228,1.1718030402706263,,,240
CLIP,32,8,10,6981.777275,8796.0708296,1.1522762579102754,,,240
CLIP,64,1,10,13552.19442,21099.441805899998,0.5936260905560414,,,120
CLIP,64,2,10,9293.539316,9379.5877469,0.8656482657957477,,,120
CLIP,64,4,10,6499.2606635,7619.0244653,1.2378232861439993,,,120
CLIP,64,8,10,6258.910276500001,13219.8856885,1.2853573284483557,,,120
CLIP,128,1,10,12572.5082375,13600.3529666,0.6398831513988896,,,60
CLIP,128,2,10,10481.8939815,16930.6946286,0.7675078765535023,,,60
CLIP,128,4,10,6318.062001,7420.5297171,1.2733234005501493,,,60
CLIP,128,8,10,7854.211531999999,9150.8675335,1.024283107123222,,,64
CLIP,256,1,10,12002.848142,15338.7237475,0.6702522681970293,,,30
CLIP,256,2,10,6440.7810855,9921.2557308,1.249062199942085,,,30
CLIP,256,4,10,6300.6603065,8085.2612899,1.2768401724023337,,,32
CLIP,256,8,10,6220.806454,8679.0361923,1.2932304278373874,,,32
UNET,32,1,10,18862.8083745,20943.7336097,0.6525972817834078,,,367
UNET,32,2,10,12915.70544,18965.9180835,0.9530890534152658,,,368
UNET,32,4,10,12589.7681515,13531.6619007,0.9777636350303524,,,368
UNET,32,8,10,11224.089623,11941.171256,1.0967319297571507,,,368
UNET,64,1,10,18066.3944465,22398.6202454,0.6813654771267755,,,184
UNET,64,2,10,12057.179286,14165.1815316,1.0209533407447418,,,184
UNET,64,4,10,10992.557742500001,11077.6302369,1.1198319590723769,,,184
UNET,64,8,10,10956.671946499999,11171.0947687,1.1234996842204672,,,184
UNET,128,1,10,19155.5787475,19938.7877332,0.6426231039146525,,,92
UNET,128,2,10,13097.7005525,14180.835739,0.9398456944910368,,,92
UNET,128,4,10,11228.527356499999,11698.8490724,1.0962984798602338,,,92
UNET,128,8,10,11747.213226,18944.9449117,1.04789257121466,,,96
UNET,256,1,10,17412.0592185,18997.5172457,0.7069708021048448,,,46
UNET,256,2,10,12456.88342,28297.0698895,0.9881940014174107,,,46
UNET,256,4,10,11471.8784075,12688.4275458,1.0730428823192701,,,48
UNET,256,8,10,10015.472503500001,10883.4412614,1.2290800526583463,,,48
