run,role,source_owner_pid,source_worker_kind,workers_configured,workers_ready,mmap_lifecycle,fallback,reader_identities,initialization_critical_path_ns,spawn_return_ns,register_ns,source_startup_ns,cuda_host_register_ms
run_20260930-015816_5950ebbc.json,clip,62,thread,4,4,whole,False,"[{""reader_id"": 0, ""name"": ""c0-source-0"", ""thread_id"": 64}, {""reader_id"": 1, ""name"": ""c0-source-1"", ""thread_id"": 65}, {""reader_id"": 2, ""name"": ""c0-source-2"", ""thread_id"": 66}, {""reader_id"": 3, ""name"": ""c0-source-3"", ""thread_id"": 67}]",513641684,4494759,495982042,500781026,
run_20260930-015816_5950ebbc.json,unet,62,thread,4,4,whole,False,"[{""reader_id"": 0, ""name"": ""c0-source-0"", ""thread_id"": 64}, {""reader_id"": 1, ""name"": ""c0-source-1"", ""thread_id"": 65}, {""reader_id"": 2, ""name"": ""c0-source-2"", ""thread_id"": 66}, {""reader_id"": 3, ""name"": ""c0-source-3"", ""thread_id"": 67}]",513641684,4494759,495982042,500781026,
run_20260930-015851_5950ebbc.json,clip,62,thread,4,4,whole,False,"[{""reader_id"": 0, ""name"": ""c0-source-0"", ""thread_id"": 64}, {""reader_id"": 1, ""name"": ""c0-source-1"", ""thread_id"": 65}, {""reader_id"": 2, ""name"": ""c0-source-2"", ""thread_id"": 66}, {""reader_id"": 3, ""name"": ""c0-source-3"", ""thread_id"": 67}]",465142084,4629771,447605275,452506509,
run_20260930-015851_5950ebbc.json,unet,62,thread,4,4,whole,False,"[{""reader_id"": 0, ""name"": ""c0-source-0"", ""thread_id"": 64}, {""reader_id"": 1, ""name"": ""c0-source-1"", ""thread_id"": 65}, {""reader_id"": 2, ""name"": ""c0-source-2"", ""thread_id"": 66}, {""reader_id"": 3, ""name"": ""c0-source-3"", ""thread_id"": 67}]",465142084,4629771,447605275,452506509,
run_20260930-015912_5950ebbc.json,clip,62,thread,4,4,whole,False,"[{""reader_id"": 0, ""name"": ""c0-source-0"", ""thread_id"": 64}, {""reader_id"": 1, ""name"": ""c0-source-1"", ""thread_id"": 65}, {""reader_id"": 2, ""name"": ""c0-source-2"", ""thread_id"": 66}, {""reader_id"": 3, ""name"": ""c0-source-3"", ""thread_id"": 67}]",410459361,6343147,397842064,404549172,
run_20260930-015912_5950ebbc.json,unet,62,thread,4,4,whole,False,"[{""reader_id"": 0, ""name"": ""c0-source-0"", ""thread_id"": 64}, {""reader_id"": 1, ""name"": ""c0-source-1"", ""thread_id"": 65}, {""reader_id"": 2, ""name"": ""c0-source-2"", ""thread_id"": 66}, {""reader_id"": 3, ""name"": ""c0-source-3"", ""thread_id"": 67}]",410459361,6343147,397842064,404549172,
run_20260930-015937_5950ebbc.json,clip,62,thread,4,4,whole,False,"[{""reader_id"": 0, ""name"": ""c0-source-0"", ""thread_id"": 64}, {""reader_id"": 1, ""name"": ""c0-source-1"", ""thread_id"": 65}, {""reader_id"": 2, ""name"": ""c0-source-2"", ""thread_id"": 66}, {""reader_id"": 3, ""name"": ""c0-source-3"", ""thread_id"": 67}]",442231228,5743148,430878576,436978393,
run_20260930-015937_5950ebbc.json,unet,62,thread,4,4,whole,False,"[{""reader_id"": 0, ""name"": ""c0-source-0"", ""thread_id"": 64}, {""reader_id"": 1, ""name"": ""c0-source-1"", ""thread_id"": 65}, {""reader_id"": 2, ""name"": ""c0-source-2"", ""thread_id"": 66}, {""reader_id"": 3, ""name"": ""c0-source-3"", ""thread_id"": 67}]",442231228,5743148,430878576,436978393,
run_20260930-020002_5950ebbc.json,clip,62,thread,4,4,whole,False,"[{""reader_id"": 0, ""name"": ""c0-source-0"", ""thread_id"": 64}, {""reader_id"": 1, ""name"": ""c0-source-1"", ""thread_id"": 65}, {""reader_id"": 2, ""name"": ""c0-source-2"", ""thread_id"": 66}, {""reader_id"": 3, ""name"": ""c0-source-3"", ""thread_id"": 67}]",479732905,5834023,467433222,473665308,
run_20260930-020002_5950ebbc.json,unet,62,thread,4,4,whole,False,"[{""reader_id"": 0, ""name"": ""c0-source-0"", ""thread_id"": 64}, {""reader_id"": 1, ""name"": ""c0-source-1"", ""thread_id"": 65}, {""reader_id"": 2, ""name"": ""c0-source-2"", ""thread_id"": 66}, {""reader_id"": 3, ""name"": ""c0-source-3"", ""thread_id"": 67}]",479732905,5834023,467433222,473665308,
run_20260930-020027_5950ebbc.json,clip,62,thread,4,4,whole,False,"[{""reader_id"": 0, ""name"": ""c0-source-0"", ""thread_id"": 64}, {""reader_id"": 1, ""name"": ""c0-source-1"", ""thread_id"": 65}, {""reader_id"": 2, ""name"": ""c0-source-2"", ""thread_id"": 66}, {""reader_id"": 3, ""name"": ""c0-source-3"", ""thread_id"": 67}]",556350595,5582136,545038894,551054362,
run_20260930-020027_5950ebbc.json,unet,62,thread,4,4,whole,False,"[{""reader_id"": 0, ""name"": ""c0-source-0"", ""thread_id"": 64}, {""reader_id"": 1, ""name"": ""c0-source-1"", ""thread_id"": 65}, {""reader_id"": 2, ""name"": ""c0-source-2"", ""thread_id"": 66}, {""reader_id"": 3, ""name"": ""c0-source-3"", ""thread_id"": 67}]",556350595,5582136,545038894,551054362,
run_20260930-020153_5950ebbc.json,clip,62,thread,4,4,whole,False,"[{""reader_id"": 0, ""name"": ""c0-source-0"", ""thread_id"": 64}, {""reader_id"": 1, ""name"": ""c0-source-1"", ""thread_id"": 65}, {""reader_id"": 2, ""name"": ""c0-source-2"", ""thread_id"": 66}, {""reader_id"": 3, ""name"": ""c0-source-3"", ""thread_id"": 67}]",1039350428,9109313,1021040289,1030610791,
run_20260930-020153_5950ebbc.json,unet,62,thread,4,4,whole,False,"[{""reader_id"": 0, ""name"": ""c0-source-0"", ""thread_id"": 64}, {""reader_id"": 1, ""name"": ""c0-source-1"", ""thread_id"": 65}, {""reader_id"": 2, ""name"": ""c0-source-2"", ""thread_id"": 66}, {""reader_id"": 3, ""name"": ""c0-source-3"", ""thread_id"": 67}]",1039350428,9109313,1021040289,1030610791,
run_20260930-020250_5950ebbc.json,clip,62,thread,4,4,whole,False,"[{""reader_id"": 0, ""name"": ""c0-source-0"", ""thread_id"": 64}, {""reader_id"": 1, ""name"": ""c0-source-1"", ""thread_id"": 65}, {""reader_id"": 2, ""name"": ""c0-source-2"", ""thread_id"": 66}, {""reader_id"": 3, ""name"": ""c0-source-3"", ""thread_id"": 67}]",358061924,4674285,348440278,353585184,
run_20260930-020250_5950ebbc.json,unet,62,thread,4,4,whole,False,"[{""reader_id"": 0, ""name"": ""c0-source-0"", ""thread_id"": 64}, {""reader_id"": 1, ""name"": ""c0-source-1"", ""thread_id"": 65}, {""reader_id"": 2, ""name"": ""c0-source-2"", ""thread_id"": 66}, {""reader_id"": 3, ""name"": ""c0-source-3"", ""thread_id"": 67}]",358061924,4674285,348440278,353585184,
run_20260930-020315_5950ebbc.json,clip,62,thread,4,4,whole,False,"[{""reader_id"": 0, ""name"": ""c0-source-0"", ""thread_id"": 64}, {""reader_id"": 1, ""name"": ""c0-source-1"", ""thread_id"": 65}, {""reader_id"": 2, ""name"": ""c0-source-2"", ""thread_id"": 66}, {""reader_id"": 3, ""name"": ""c0-source-3"", ""thread_id"": 67}]",518256984,7627175,503156832,511288221,
run_20260930-020315_5950ebbc.json,unet,62,thread,4,4,whole,False,"[{""reader_id"": 0, ""name"": ""c0-source-0"", ""thread_id"": 64}, {""reader_id"": 1, ""name"": ""c0-source-1"", ""thread_id"": 65}, {""reader_id"": 2, ""name"": ""c0-source-2"", ""thread_id"": 66}, {""reader_id"": 3, ""name"": ""c0-source-3"", ""thread_id"": 67}]",518256984,7627175,503156832,511288221,
run_20260930-020348_5950ebbc.json,clip,62,thread,4,4,whole,False,"[{""reader_id"": 0, ""name"": ""c0-source-0"", ""thread_id"": 64}, {""reader_id"": 1, ""name"": ""c0-source-1"", ""thread_id"": 65}, {""reader_id"": 2, ""name"": ""c0-source-2"", ""thread_id"": 66}, {""reader_id"": 3, ""name"": ""c0-source-3"", ""thread_id"": 67}]",481550920,5811574,470212698,476365232,
run_20260930-020348_5950ebbc.json,unet,62,thread,4,4,whole,False,"[{""reader_id"": 0, ""name"": ""c0-source-0"", ""thread_id"": 64}, {""reader_id"": 1, ""name"": ""c0-source-1"", ""thread_id"": 65}, {""reader_id"": 2, ""name"": ""c0-source-2"", ""thread_id"": 66}, {""reader_id"": 3, ""name"": ""c0-source-3"", ""thread_id"": 67}]",481550920,5811574,470212698,476365232,
