run,clip_source_wall_ms,clip_GBps,clip_eff_qd,clip_frac_qd4,clip_slot_wait_ms,clip_gpu_copy_ms,unet_source_wall_ms,unet_GBps,unet_eff_qd,unet_frac_qd4,unet_slot_wait_ms,unet_gpu_copy_ms,unet_excess_ms,payload_ratio,clip_class
run_20260930-015816_5950ebbc.json,3544.906471,2.2694353878765563,3.9624026757573656,0.9731043665665164,0.0,307.26736187934875,4664.485959,2.6390512438457536,3.90548989987859,0.9421185480301282,232.963755,505.23795199394226,-759.6902646368108,1.5301323936218487,
run_20260930-015851_5950ebbc.json,4918.100021,1.6357813297103743,3.9772254890055643,0.9829342938041884,0.0,156.72844791412354,3728.170839,3.301838355482079,3.715029490095746,0.8864258878454256,213.413649,242.6209281682968,-3797.173318204395,1.5301323936218487,
run_20260930-015912_5950ebbc.json,1697.115709,4.740358096585152,3.8107565210216316,0.864451981806504,143.417078,202.63136041164398,2822.974057,4.360584696652068,3.7839757200432538,0.908381641921692,448.798685,306.4540160894394,226.16233493458913,1.5301323936218487,
run_20260930-015937_5950ebbc.json,1661.948272,4.840665818268018,3.867872789605091,0.8873305053143073,84.749056,309.5556471347809,2675.005799,4.601790948117492,3.8059280786628307,0.8951491921606859,315.863536,472.7684154510498,132.0049114889448,1.5301323936218487,
run_20260930-020002_5950ebbc.json,1753.870155,4.586962249779545,3.927056006035977,0.9508955775577355,0.0,224.15299355983734,2983.73613,4.125638774900649,3.491838989126696,0.8102309972028258,422.762955,290.5730233192444,300.08259162792683,1.5301323936218487,
run_20260930-020027_5950ebbc.json,1783.644919,4.510391113333472,3.848783239799087,0.8904787214545363,89.703937,203.4581117630005,2662.87341,4.622757291342663,3.6410701374647774,0.8452816087866527,5.535761,313.4637118577957,-66.33945928091862,1.5301323936218487,
run_20260930-020153_5950ebbc.json,2357.080782,3.4130931164666376,3.895872224289341,0.9160192363742246,38.485992,617.9242234230042,4266.443933,2.8852640900273614,3.4178736652813293,0.7926889979360243,861.91614,918.1865899562836,659.7982740782804,1.5301323936218487,
run_20260930-020250_5950ebbc.json,1734.52648,4.638116676085568,3.863539427775124,0.9002576109417482,15.252273,170.84547197818756,2555.880889,4.816271965168249,3.6229177074925887,0.822679730127283,272.646255,258.7802245616913,-98.17426564287962,1.5301323936218487,
run_20260930-020315_5950ebbc.json,2400.030019,3.3520148199446336,3.6378461514568246,0.8442312795921741,48.274565,182.80873572826385,6269.342866,1.9634940591236123,3.065874411852593,0.6624422435919141,0.0,253.87071973085403,2596.9791882632394,1.5301323936218487,
run_20260930-020348_5950ebbc.json,1564.991126,5.140563456460137,3.9038981413368092,0.9248079129363702,0.0,305.54300832748413,2371.577644,5.190560597138097,3.769222257013315,0.8745204995700322,314.254085,466.6707196235657,-23.065973623331956,1.5301323936218487,
