receipt,role,ordinal,bucket,memcpy_start_ns,memcpy_end_ns,copy_wall_ns,copy_thread_cpu_ns,source_offset,reader_id
run_20260930-035227_13076d45.json,unet,0,during,129315210394,129351184100,35973706,30000000,48928,2
run_20260930-035227_13076d45.json,unet,1,during,129319284571,129436701549,117416978,110000000,67157792,3
run_20260930-035227_13076d45.json,unet,2,during,129323335895,129381725285,58389390,50000000,134266656,1
run_20260930-035227_13076d45.json,unet,3,during,129327473396,129379371684,51898288,50000000,201375520,0
run_20260930-035227_13076d45.json,unet,4,during,129351472926,129397221230,45748304,40000000,268484384,2
run_20260930-035227_13076d45.json,unet,5,during,129379715802,129715052887,335337085,320000000,335593248,0
run_20260930-035227_13076d45.json,unet,6,during,129383773961,129436365693,52591732,50000000,402702112,1
run_20260930-035227_13076d45.json,unet,7,during,129397488968,129455541539,58052571,50000000,469810976,2
run_20260930-035227_13076d45.json,unet,8,during,129437286773,129481031739,43744966,40000000,536919840,1
run_20260930-035227_13076d45.json,unet,9,during,129441809726,129492187580,50377854,50000000,604028704,3
run_20260930-035227_13076d45.json,unet,10,during,129455815587,129498921334,43105747,40000000,671137568,2
run_20260930-035227_13076d45.json,unet,11,during,129481317879,129522024633,40706754,40000000,738246432,1
run_20260930-035227_13076d45.json,unet,12,during,129492399232,129542221923,49822691,50000000,805355296,3
run_20260930-035227_13076d45.json,unet,13,during,129499105006,129552315083,53210077,40000000,872464160,2
run_20260930-035227_13076d45.json,unet,14,during,129522524374,129565864911,43340537,40000000,939573024,1
run_20260930-035227_13076d45.json,unet,15,during,129542516218,129580974845,38458627,30000000,1006681888,3
run_20260930-035227_13076d45.json,unet,16,during,129552554503,129603050129,50495626,40000000,1073790752,2
run_20260930-035227_13076d45.json,unet,17,during,129566105710,129609259998,43154288,40000000,1140899616,1
run_20260930-035227_13076d45.json,unet,18,during,129581354961,129623258002,41903041,40000000,1208008480,3
run_20260930-035227_13076d45.json,unet,19,during,129603259296,129653507752,50248456,50000000,1275117344,2
run_20260930-035227_13076d45.json,unet,20,during,129609497735,129654534598,45036863,40000000,1342226208,1
run_20260930-035227_13076d45.json,unet,21,during,129623521713,129670423758,46902045,50000000,1409335072,3
run_20260930-035227_13076d45.json,unet,22,during,129653787212,129701318457,47531245,50000000,1476443936,2
run_20260930-035227_13076d45.json,unet,23,during,129658336342,129699328078,40991736,30000000,1543552800,1
run_20260930-035227_13076d45.json,unet,24,during,129670723640,129717592034,46868394,40000000,1610661664,3
run_20260930-035227_13076d45.json,unet,25,during,129699694510,129748963558,49269048,50000000,1677770528,1
run_20260930-035227_13076d45.json,unet,26,during,129703906920,129755609303,51702383,50000000,1744879392,2
run_20260930-035227_13076d45.json,unet,27,during,129715195762,129768690462,53494700,50000000,1811988256,0
run_20260930-035227_13076d45.json,unet,28,during,129720191758,129780104344,59912586,60000000,1879097120,3
run_20260930-035227_13076d45.json,unet,29,during,129749302517,129807428343,58125826,60000000,1946205984,1
run_20260930-035227_13076d45.json,unet,30,during,129755809435,129808232728,52423293,50000000,2013314848,2
run_20260930-035227_13076d45.json,unet,31,during,129768867737,129822836319,53968582,50000000,2080423712,0
run_20260930-035227_13076d45.json,unet,32,during,129780500127,129839576269,59076142,60000000,2147532576,3
run_20260930-035227_13076d45.json,unet,33,during,129807571421,129867942038,60370617,50000000,2214641440,1
run_20260930-035227_13076d45.json,unet,34,during,129812146348,129866308473,54162125,50000000,2281750304,2
run_20260930-035227_13076d45.json,unet,35,during,129823146013,129884626846,61480833,60000000,2348859168,0
run_20260930-035227_13076d45.json,unet,36,during,129839676776,129890820841,51144065,40000000,2415968032,3
run_20260930-035227_13076d45.json,unet,37,during,129866755310,129921463401,54708091,50000000,2483076896,2
run_20260930-035227_13076d45.json,unet,38,during,129871576519,129924889944,53313425,40000000,2550185760,1
run_20260930-035227_13076d45.json,unet,39,during,129884863074,129937252633,52389559,50000000,2617294624,0
run_20260930-035227_13076d45.json,unet,40,during,129890967786,129948426288,57458502,60000000,2684403488,3
run_20260930-035227_13076d45.json,unet,41,during,129921786130,129978343712,56557582,50000000,2751512352,2
run_20260930-035227_13076d45.json,unet,42,during,129926572641,129984744746,58172105,50000000,2818621216,1
run_20260930-035227_13076d45.json,unet,43,during,129937611377,129986352107,48740730,40000000,2885730080,0
run_20260930-035227_13076d45.json,unet,44,during,129948730806,130016208927,67478121,60000000,2952838944,3
run_20260930-035227_13076d45.json,unet,45,during,129978548518,130052756342,74207824,70000000,3019947808,2
run_20260930-035227_13076d45.json,unet,46,during,129985092289,130053083808,67991519,70000000,3087056672,1
run_20260930-035227_13076d45.json,unet,47,during,129989404540,130048207309,58802769,50000000,3154165536,0
run_20260930-035227_13076d45.json,unet,48,during,130016412591,130085487966,69075375,70000000,3221274400,3
run_20260930-035227_13076d45.json,unet,49,during,130048472235,130106271920,57799685,60000000,3288383264,0
run_20260930-035227_13076d45.json,unet,50,during,130053130668,130109247845,56117177,50000000,3355492128,2
run_20260930-035227_13076d45.json,unet,51,during,130057407922,130112869020,55461098,50000000,3422600992,1
run_20260930-035227_13076d45.json,unet,52,during,130085740292,130130429200,44688908,40000000,3489709856,3
run_20260930-035227_13076d45.json,unet,53,during,130106579109,130145460436,38881327,30000000,3556818720,0
run_20260930-035227_13076d45.json,unet,54,during,130111411820,130149814053,38402233,40000000,3623927584,2
run_20260930-035227_13076d45.json,unet,55,during,130115679638,130156930429,41250791,30000000,3691036448,1
run_20260930-035227_13076d45.json,unet,56,during,130130550847,130171674858,41124011,40000000,3758145312,3
run_20260930-035227_13076d45.json,unet,57,during,130145573150,130191903125,46329975,50000000,3825254176,0
run_20260930-035227_13076d45.json,unet,58,during,130150098906,130197440185,47341279,40000000,3892363040,2
run_20260930-035227_13076d45.json,unet,59,during,130157033904,130204878546,47844642,50000000,3959471904,1
run_20260930-035227_13076d45.json,unet,60,during,130171920631,130220182407,48261776,40000000,4026580768,3
run_20260930-035227_13076d45.json,unet,61,during,130192019245,130239281478,47262233,40000000,4093689632,0
run_20260930-035227_13076d45.json,unet,62,during,130197659856,130246243478,48583622,50000000,4160798496,2
run_20260930-035227_13076d45.json,unet,63,during,130204982691,130253581866,48599175,50000000,4227907360,1
run_20260930-035227_13076d45.json,unet,64,during,130220295342,130268178815,47883473,50000000,4295016224,3
run_20260930-035227_13076d45.json,unet,65,during,130239385112,130287095886,47710774,50000000,4362125088,0
run_20260930-035227_13076d45.json,unet,66,during,130246542537,130294492959,47950422,40000000,4429233952,2
run_20260930-035227_13076d45.json,unet,67,during,130253683976,130301784085,48100109,40000000,4496342816,1
run_20260930-035227_13076d45.json,unet,68,during,130268450532,130312402673,43952141,40000000,4563451680,3
run_20260930-035227_13076d45.json,unet,69,during,130287323425,130328075113,40751688,40000000,4630560544,0
run_20260930-035227_13076d45.json,unet,70,during,130294747376,130337835467,43088091,50000000,4697669408,2
run_20260930-035227_13076d45.json,unet,71,during,130301923613,130346751169,44827556,50000000,4764778272,1
run_20260930-035227_13076d45.json,unet,72,during,130312544864,130357685661,45140797,50000000,4831887136,3
run_20260930-035227_13076d45.json,unet,73,during,130328251225,130369061919,40810694,40000000,4898996000,0
run_20260930-035227_13076d45.json,unet,74,during,130337995316,130383325069,45329753,40000000,4966104864,2
run_20260930-035227_13076d45.json,unet,75,during,130346947324,130392271023,45323699,40000000,5033213728,1
run_20260930-035227_13076d45.json,unet,76,during,130357841729,130404993306,47151577,40000000,5100322592,3
run_20260930-035227_13076d45.json,unet,77,during,130369175392,130412752448,43577056,40000000,5167431456,0
run_20260930-035227_13076d45.json,unet,78,during,130383444788,130430405023,46960235,40000000,5234540320,2
run_20260930-035227_13076d45.json,unet,79,during,130392414536,130438790915,46376379,40000000,5301649184,1
run_20260930-035227_13076d45.json,unet,80,during,130405118197,130455460537,50342340,50000000,5368758048,3
run_20260930-035227_13076d45.json,unet,81,during,130412864039,130461581743,48717704,40000000,5435866912,0
run_20260930-035227_13076d45.json,unet,82,during,130430569537,130480357952,49788415,50000000,5502975776,2
run_20260930-035227_13076d45.json,unet,83,during,130438909087,130486551966,47642879,50000000,5570084640,1
run_20260930-035227_13076d45.json,unet,84,during,130455581770,130504018598,48436828,40000000,5637193504,3
run_20260930-035227_13076d45.json,unet,85,during,130461697221,130509821621,48124400,50000000,5704302368,0
run_20260930-035227_13076d45.json,unet,86,during,130480472793,130530979825,50507032,50000000,5771411232,2
run_20260930-035227_13076d45.json,unet,87,during,130486662508,130537269244,50606736,50000000,5838520096,1
run_20260930-035227_13076d45.json,unet,88,during,130504125044,130554897930,50772886,40000000,5905628960,3
run_20260930-035227_13076d45.json,unet,89,during,130509944040,130560186990,50242950,50000000,5972737824,0
run_20260930-035227_13076d45.json,unet,90,during,130531226458,130580943664,49717206,50000000,6039846688,2
run_20260930-035227_13076d45.json,unet,91,during,130537520049,130587235944,49715895,40000000,6106955552,1
run_20260930-035227_13076d45.json,unet,92,during,130555039069,130605464717,50425648,50000000,6174064416,3
run_20260930-035227_13076d45.json,unet,93,during,130560303032,130610568919,50265887,40000000,6241173280,0
run_20260930-035227_13076d45.json,unet,94,during,130581062928,130631688103,50625175,50000000,6308282144,2
run_20260930-035227_13076d45.json,unet,95,during,130587338989,130639178996,51840007,50000000,6375391008,1
run_20260930-035227_13076d45.json,unet,96,during,130605582639,130657000216,51417577,50000000,6442499872,3
run_20260930-035227_13076d45.json,unet,97,during,130610669094,130663211112,52542018,40000000,6509608736,0
run_20260930-035227_13076d45.json,unet,98,during,130631796933,130682838793,51041860,40000000,6576717600,2
run_20260930-035227_13076d45.json,unet,99,during,130639321196,130689069118,49747922,50000000,6643826464,1
run_20260930-035227_13076d45.json,unet,100,during,130657134169,130707802572,50668403,50000000,6710935328,3
run_20260930-035227_13076d45.json,unet,101,during,130663413794,130712754153,49340359,40000000,6778044192,0
run_20260930-035227_13076d45.json,unet,102,during,130682974865,130727816385,44841520,50000000,6845153056,2
run_20260930-035227_13076d45.json,unet,103,during,130689288173,130731914351,42626178,40000000,6912261920,1
run_20260930-035227_13076d45.json,unet,104,during,130708094525,130747016531,38922006,30000000,6979370784,3
run_20260930-035227_13076d45.json,unet,105,during,130712890555,130752476039,39585484,40000000,7046479648,0
run_20260930-035227_13076d45.json,unet,106,during,130727937874,130768203941,40266067,30000000,7113588512,2
run_20260930-035227_13076d45.json,unet,107,during,130732032799,130773189778,41156979,40000000,7180697376,1
run_20260930-035227_13076d45.json,unet,108,during,130747163295,130788922118,41758823,40000000,7247806240,3
run_20260930-035227_13076d45.json,unet,109,during,130752740957,130796090897,43349940,40000000,7314915104,0
run_20260930-035227_13076d45.json,unet,110,during,130768306576,130816573315,48266739,50000000,7382023968,2
run_20260930-035227_13076d45.json,unet,111,during,130773345944,130822124983,48779039,40000000,7449132832,1
run_20260930-035227_13076d45.json,unet,112,during,130789078549,130835924084,46845535,50000000,7516241696,3
run_20260930-035227_13076d45.json,unet,113,during,130796303901,130841288622,44984721,40000000,7583350560,0
run_20260930-035227_13076d45.json,unet,114,during,130816684784,130859166073,42481289,40000000,7650459424,2
run_20260930-035227_13076d45.json,unet,115,during,130822247838,130865995422,43747584,40000000,7717568288,1
run_20260930-035227_13076d45.json,unet,116,during,130836209957,130884854587,48644630,40000000,7784677152,3
run_20260930-035227_13076d45.json,unet,117,during,130841724050,130891550488,49826438,50000000,7851786016,0
run_20260930-035227_13076d45.json,unet,118,during,130859328792,130908527914,49199122,40000000,7918894880,2
run_20260930-035227_13076d45.json,unet,119,during,130866098157,130915510072,49411915,40000000,7986003744,1
run_20260930-035227_13076d45.json,unet,120,during,130885098096,130935765194,50667098,50000000,8053112608,3
run_20260930-035227_13076d45.json,unet,121,during,130891801431,130939770974,47969543,40000000,8120221472,0
run_20260930-035227_13076d45.json,unet,122,during,130908660012,130958924704,50264692,40000000,8187330336,2
run_20260930-035227_13076d45.json,unet,123,during,130915612477,130965347378,49734901,50000000,8254439200,1
run_20260930-035227_13076d45.json,unet,124,during,130935895574,130988476162,52580588,50000000,8321548064,3
run_20260930-035227_13076d45.json,unet,125,during,130939910886,130991095411,51184525,40000000,8388656928,0
run_20260930-035227_13076d45.json,unet,126,during,130959048646,131007754500,48705854,50000000,8455765792,2
run_20260930-035227_13076d45.json,unet,127,during,130965583285,131011269736,45686451,40000000,8522874656,1
run_20260930-035227_13076d45.json,unet,128,during,130988579730,131031668515,43088785,40000000,8589983520,3
run_20260930-035227_13076d45.json,unet,129,during,130992791624,131037007422,44215798,40000000,8657092384,0
run_20260930-035227_13076d45.json,unet,130,during,131007913544,131059040054,51126510,50000000,8724201248,2
run_20260930-035227_13076d45.json,unet,131,during,131011949013,131062402906,50453893,50000000,8791310112,1
run_20260930-035227_13076d45.json,unet,132,during,131031897607,131084074808,52177201,50000000,8858418976,3
run_20260930-035227_13076d45.json,unet,133,during,131037120675,131088548665,51427990,50000000,8925527840,0
run_20260930-035227_13076d45.json,unet,134,during,131059293324,131110065124,50771800,50000000,8992636704,2
run_20260930-035227_13076d45.json,unet,135,during,131064059821,131113750987,49691166,50000000,9059745568,1
run_20260930-035227_13076d45.json,unet,136,during,131084186019,131131015726,46829707,50000000,9126854432,3
run_20260930-035227_13076d45.json,unet,137,during,131088651983,131134516881,45864898,40000000,9193963296,0
run_20260930-035227_13076d45.json,unet,138,during,131110316090,131151580184,41264094,40000000,9261072160,2
run_20260930-035227_13076d45.json,unet,139,during,131114351147,131157738707,43387560,40000000,9328181024,1
run_20260930-035227_13076d45.json,unet,140,during,131131315030,131179537964,48222934,40000000,9395289888,3
run_20260930-035227_13076d45.json,unet,141,during,131135730503,131183368175,47637672,50000000,9462398752,0
run_20260930-035227_13076d45.json,unet,142,during,131151719880,131198943948,47224068,40000000,9529507616,2
run_20260930-035227_13076d45.json,unet,143,during,131157836339,131202773446,44937107,40000000,9596616480,1
run_20260930-035227_13076d45.json,unet,144,during,131179665256,131221187801,41522545,40000000,9663725344,3
run_20260930-035227_13076d45.json,unet,145,during,131183720207,131226816260,43096053,40000000,9730834208,0
run_20260930-035227_13076d45.json,unet,146,during,131199225505,131247584718,48359213,50000000,9797943072,2
run_20260930-035227_13076d45.json,unet,147,during,131203280403,131252954328,49673925,40000000,9865051936,1
run_20260930-035227_13076d45.json,unet,148,during,131221426326,131269498568,48072242,50000000,9932160800,3
run_20260930-035227_13076d45.json,unet,149,during,131227041053,131276512732,49471679,40000000,9999269664,0
run_20260930-035227_13076d45.json,unet,150,during,131247703228,131295588012,47884784,40000000,10066378528,2
run_20260930-035227_13076d45.json,unet,151,during,131253075304,131300760827,47685523,50000000,10133487392,1
run_20260930-035227_13076d45.json,unet,152,during,131269702520,131319644016,49941496,40000000,10200596256,3
run_20260930-035227_13076d45.json,unet,153,during,131276687090,131327354175,50667085,50000000,10267705120,0
run_20260930-035227_13076d45.json,unet,154,during,131295762127,131346660149,50898022,50000000,10334813984,2
run_20260930-035227_13076d45.json,unet,155,during,131300946832,131352529940,51583108,50000000,10401922848,1
run_20260930-035227_13076d45.json,unet,156,during,131319804116,131366581976,46777860,50000000,10469031712,3
run_20260930-035227_13076d45.json,unet,157,during,131327486640,131374642252,47155612,50000000,10536140576,0
run_20260930-035227_13076d45.json,unet,158,during,131346845413,131394450576,47605163,50000000,10603249440,2
run_20260930-035227_13076d45.json,unet,159,during,131352679581,131399094033,46414452,40000000,10670358304,1
run_20260930-035227_13076d45.json,unet,160,during,131366694498,131411942368,45247870,40000000,10737467168,3
run_20260930-035227_13076d45.json,unet,161,during,131374749033,131418361395,43612362,40000000,10804576032,0
run_20260930-035227_13076d45.json,unet,162,during,131394641703,131432367217,37725514,30000000,10871684896,2
run_20260930-035227_13076d45.json,unet,163,during,131399289448,131438066530,38777082,40000000,10938793760,1
run_20260930-035227_13076d45.json,unet,164,during,131412109039,131455933522,43824483,40000000,11005902624,3
run_20260930-035227_13076d45.json,unet,165,during,131418502431,131463470156,44967725,40000000,11073011488,0
run_20260930-035227_13076d45.json,unet,166,during,131432492439,131476705723,44213284,40000000,11140120352,2
run_20260930-035227_13076d45.json,unet,167,during,131438175486,131484773472,46597986,40000000,11207229216,1
run_20260930-035227_13076d45.json,unet,168,during,131456035151,131506407005,50371854,50000000,11274338080,3
run_20260930-035227_13076d45.json,unet,169,during,131531663100,131558259574,26596474,20000000,11341446944,0
run_20260930-035227_13076d45.json,unet,170,during,131535857384,131582300762,46443378,40000000,11408555808,2
run_20260930-035227_13076d45.json,unet,171,during,131540867425,131590790342,49922917,50000000,11475664672,1
run_20260930-035227_13076d45.json,unet,172,during,131545131898,131598345229,53213331,50000000,11542773536,3
run_20260930-035227_13076d45.json,unet,173,during,131558415033,131610933719,52518686,50000000,11609882400,0
run_20260930-035227_13076d45.json,unet,174,during,131582456485,131634068070,51611585,50000000,11676991264,2
run_20260930-035227_13076d45.json,unet,175,during,131590939637,131646013885,55074248,60000000,11744100128,1
run_20260930-035227_13076d45.json,unet,176,during,131598590924,131652195713,53604789,50000000,11811208992,3
run_20260930-035227_13076d45.json,unet,177,during,131611157025,131662009258,50852233,50000000,11878317856,0
run_20260930-035227_13076d45.json,unet,178,during,131634237700,131678834969,44597269,40000000,11945426720,2
run_20260930-035227_13076d45.json,unet,179,during,131646126563,131693704632,47578069,40000000,12012535584,1
run_20260930-035227_13076d45.json,unet,180,during,131652658938,131698724097,46065159,50000000,12079644448,3
run_20260930-035227_13076d45.json,unet,181,during,131662167159,131706729132,44561973,40000000,12146753312,0
run_20260930-035227_13076d45.json,unet,182,during,131679168228,131715992954,36824726,30000000,12213862176,2
run_20260930-035227_13076d45.json,unet,183,during,131693809643,131716548626,22738983,20000000,12280971040,1
run_20260930-035423_13076d45.json,unet,0,during,71147444235,71202292785,54848550,50000000,48928,1
run_20260930-035423_13076d45.json,unet,1,during,71151841989,71209569304,57727315,60000000,67157792,3
run_20260930-035423_13076d45.json,unet,2,during,71156193183,71214014679,57821496,50000000,134266656,2
run_20260930-035423_13076d45.json,unet,3,during,71160319931,71240316112,79996181,80000000,201375520,0
run_20260930-035423_13076d45.json,unet,4,during,71202861305,71251886474,49025169,50000000,268484384,1
run_20260930-035423_13076d45.json,unet,5,during,71209873500,71266472782,56599282,50000000,335593248,3
run_20260930-035423_13076d45.json,unet,6,during,71214326195,71268779037,54452842,50000000,402702112,2
run_20260930-035423_13076d45.json,unet,7,during,71240766471,71291586773,50820302,50000000,469810976,0
run_20260930-035423_13076d45.json,unet,8,during,71252294211,71307576469,55282258,50000000,536919840,1
run_20260930-035423_13076d45.json,unet,9,during,71266825579,71317038480,50212901,50000000,604028704,3
run_20260930-035423_13076d45.json,unet,10,during,71270915587,71322624527,51708940,40000000,671137568,2
run_20260930-035423_13076d45.json,unet,11,during,71291926389,71342183331,50256942,40000000,738246432,0
run_20260930-035423_13076d45.json,unet,12,during,71308075569,71363311885,55236316,50000000,805355296,1
run_20260930-035423_13076d45.json,unet,13,during,71323867551,71376571759,52704208,50000000,872464160,3
run_20260930-035423_13076d45.json,unet,14,during,71327972539,71379182309,51209770,50000000,939573024,2
run_20260930-035423_13076d45.json,unet,15,during,71342678800,71391756070,49077270,50000000,1006681888,0
run_20260930-035423_13076d45.json,unet,16,during,71363655872,71424283432,60627560,50000000,1073790752,1
run_20260930-035423_13076d45.json,unet,17,during,71377022697,71435288872,58266175,50000000,1140899616,3
run_20260930-035423_13076d45.json,unet,18,during,71381859910,71440347069,58487159,60000000,1208008480,2
run_20260930-035423_13076d45.json,unet,19,during,71392040585,71452244527,60203942,60000000,1275117344,0
run_20260930-035423_13076d45.json,unet,20,during,71424629368,71479540869,54911501,50000000,1342226208,1
run_20260930-035423_13076d45.json,unet,21,during,71435719940,71496220788,60500848,60000000,1409335072,3
run_20260930-035423_13076d45.json,unet,22,during,71440638505,71497947951,57309446,50000000,1476443936,2
run_20260930-035423_13076d45.json,unet,23,during,71452656445,71506517395,53860950,50000000,1543552800,0
run_20260930-035423_13076d45.json,unet,24,during,71479912716,71529896693,49983977,40000000,1610661664,1
run_20260930-035423_13076d45.json,unet,25,during,71496640576,71555084054,58443478,60000000,1677770528,3
run_20260930-035423_13076d45.json,unet,26,during,71501521339,71590558813,89037474,80000000,1744879392,2
run_20260930-035423_13076d45.json,unet,27,during,71506973994,71581743104,74769110,70000000,1811988256,0
run_20260930-035423_13076d45.json,unet,28,during,71530575185,71608334203,77759018,80000000,1879097120,1
run_20260930-035423_13076d45.json,unet,29,during,71555415791,71614968980,59553189,50000000,1946205984,3
run_20260930-035423_13076d45.json,unet,30,during,71582127002,71634095616,51968614,50000000,2013314848,0
run_20260930-035423_13076d45.json,unet,31,during,71591369409,71647848889,56479480,60000000,2080423712,2
run_20260930-035423_13076d45.json,unet,32,during,71608846133,71668559105,59712972,60000000,2147532576,1
run_20260930-035423_13076d45.json,unet,33,during,71615241935,71670843779,55601844,60000000,2214641440,3
run_20260930-035423_13076d45.json,unet,34,during,71634569935,71688193061,53623126,50000000,2281750304,0
run_20260930-035423_13076d45.json,unet,35,during,71648977661,71703553075,54575414,50000000,2348859168,2
run_20260930-035423_13076d45.json,unet,36,during,71669133816,71727441192,58307376,50000000,2415968032,1
run_20260930-035423_13076d45.json,unet,37,during,71674176313,71732592280,58415967,60000000,2483076896,3
run_20260930-035423_13076d45.json,unet,38,during,71688608569,71743001450,54392881,50000000,2550185760,0
run_20260930-035423_13076d45.json,unet,39,during,71704698317,71760291200,55592883,50000000,2617294624,2
run_20260930-035423_13076d45.json,unet,40,during,71727837109,71788209164,60372055,60000000,2684403488,1
run_20260930-035423_13076d45.json,unet,41,during,71733356405,71790242303,56885898,50000000,2751512352,3
run_20260930-035423_13076d45.json,unet,42,during,71743585221,71801232174,57646953,50000000,2818621216,0
run_20260930-035423_13076d45.json,unet,43,during,71760914642,71821572703,60658061,60000000,2885730080,2
run_20260930-035423_13076d45.json,unet,44,during,71788775455,71844220446,55444991,50000000,2952838944,1
run_20260930-035423_13076d45.json,unet,45,during,71793149219,71854411551,61262332,60000000,3019947808,3
run_20260930-035423_13076d45.json,unet,46,during,71802115241,71866246617,64131376,60000000,3087056672,0
run_20260930-035423_13076d45.json,unet,47,during,71822812226,71907539567,84727341,80000000,3154165536,2
run_20260930-035423_13076d45.json,unet,48,during,71845306817,71909577877,64271060,70000000,3221274400,1
run_20260930-035423_13076d45.json,unet,49,during,71854916291,71915303986,60387695,60000000,3288383264,3
run_20260930-035423_13076d45.json,unet,50,during,71866658516,71930037908,63379392,60000000,3355492128,0
run_20260930-035423_13076d45.json,unet,51,during,71908105038,71974404457,66299419,60000000,3422600992,2
run_20260930-035423_13076d45.json,unet,52,during,71912786578,71977824032,65037454,60000000,3489709856,1
run_20260930-035423_13076d45.json,unet,53,during,71917134581,71980041595,62907014,60000000,3556818720,3
run_20260930-035423_13076d45.json,unet,54,during,71930623459,71993033433,62409974,60000000,3623927584,0
run_20260930-035423_13076d45.json,unet,55,during,71974892386,72036972184,62079798,60000000,3691036448,2
run_20260930-035423_13076d45.json,unet,56,during,71979031055,72041681194,62650139,60000000,3758145312,1
run_20260930-035423_13076d45.json,unet,57,during,71983202325,72044819984,61617659,60000000,3825254176,3
run_20260930-035423_13076d45.json,unet,58,during,71993750717,72074307289,80556572,70000000,3892363040,0
run_20260930-035423_13076d45.json,unet,59,during,72037370722,72085426761,48056039,50000000,3959471904,2
run_20260930-035423_13076d45.json,unet,60,during,72042308006,72103648270,61340264,60000000,4026580768,1
run_20260930-035423_13076d45.json,unet,61,during,72046454225,72107630406,61176181,60000000,4093689632,3
run_20260930-035423_13076d45.json,unet,62,during,72074585734,72128273511,53687777,50000000,4160798496,0
run_20260930-035423_13076d45.json,unet,63,during,72085752788,72141242539,55489751,50000000,4227907360,2
run_20260930-035423_13076d45.json,unet,64,during,72104138249,72165933732,61795483,60000000,4295016224,1
run_20260930-035423_13076d45.json,unet,65,during,72108239838,72169483080,61243242,60000000,4362125088,3
run_20260930-035423_13076d45.json,unet,66,during,72128601948,72187937853,59335905,50000000,4429233952,0
run_20260930-035423_13076d45.json,unet,67,during,72141911492,72197177370,55265878,50000000,4496342816,2
run_20260930-035423_13076d45.json,unet,68,during,72166465662,72223823870,57358208,60000000,4563451680,1
run_20260930-035423_13076d45.json,unet,69,during,72171128931,72229729053,58600122,50000000,4630560544,3
run_20260930-035423_13076d45.json,unet,70,during,72188496124,72247504313,59008189,60000000,4697669408,0
run_20260930-035423_13076d45.json,unet,71,during,72197634619,72258887171,61252552,60000000,4764778272,2
run_20260930-035423_13076d45.json,unet,72,during,72224250088,72285461739,61211651,60000000,4831887136,1
run_20260930-035423_13076d45.json,unet,73,during,72230043829,72309912607,79868778,70000000,4898996000,3
run_20260930-035423_13076d45.json,unet,74,during,72248662035,72309436008,60773973,60000000,4966104864,0
run_20260930-035423_13076d45.json,unet,75,during,72262677803,72323718112,61040309,60000000,5033213728,2
run_20260930-035423_13076d45.json,unet,76,during,72285793326,72340023564,54230238,50000000,5100322592,1
run_20260930-035423_13076d45.json,unet,77,during,72309741084,72374086226,64345142,70000000,5167431456,0
run_20260930-035423_13076d45.json,unet,78,during,72313812032,72379980928,66168896,60000000,5234540320,3
run_20260930-035423_13076d45.json,unet,79,during,72324166000,72402252475,78086475,70000000,5301649184,2
run_20260930-035423_13076d45.json,unet,80,during,72340307409,72406473075,66165666,70000000,5368758048,1
run_20260930-035423_13076d45.json,unet,81,during,72374482573,72429180850,54698277,50000000,5435866912,0
run_20260930-035423_13076d45.json,unet,82,during,72380321495,72443322991,63001496,60000000,5502975776,3
run_20260930-035423_13076d45.json,unet,83,during,72402585871,72495920807,93334936,90000000,5570084640,2
run_20260930-035423_13076d45.json,unet,84,during,72407392273,72486295643,78903370,80000000,5637193504,1
run_20260930-035423_13076d45.json,unet,85,during,72429832922,72492447911,62614989,60000000,5704302368,0
run_20260930-035423_13076d45.json,unet,86,during,72443689078,72504213966,60524888,60000000,5771411232,3
run_20260930-035423_13076d45.json,unet,87,during,72486628440,72557048647,70420207,60000000,5838520096,1
run_20260930-035423_13076d45.json,unet,88,during,72492941140,72566692222,73751082,70000000,5905628960,0
run_20260930-035423_13076d45.json,unet,89,during,72497292833,72583019504,85726671,80000000,5972737824,2
run_20260930-035423_13076d45.json,unet,90,during,72504668305,72586454100,81785795,80000000,6039846688,3
run_20260930-035423_13076d45.json,unet,91,during,72557395964,72619524713,62128749,60000000,6106955552,1
run_20260930-035423_13076d45.json,unet,92,during,72567239762,72631921430,64681668,60000000,6174064416,0
run_20260930-035423_13076d45.json,unet,93,during,72583358571,72682937056,99578485,90000000,6241173280,2
run_20260930-035423_13076d45.json,unet,94,during,72587501400,72665715947,78214547,70000000,6308282144,3
run_20260930-035423_13076d45.json,unet,95,during,72619851139,72689114425,69263286,70000000,6375391008,1
run_20260930-035423_13076d45.json,unet,96,during,72632282097,72693379286,61097189,60000000,6442499872,0
run_20260930-035423_13076d45.json,unet,97,during,72666382780,72724905789,58523009,50000000,6509608736,3
run_20260930-035423_13076d45.json,unet,98,during,72683279473,72741317534,58038061,60000000,6576717600,2
run_20260930-035423_13076d45.json,unet,99,during,72689620794,72752031879,62411085,60000000,6643826464,1
run_20260930-035423_13076d45.json,unet,100,during,72693887196,72751879486,57992290,60000000,6710935328,0
run_20260930-035423_13076d45.json,unet,101,during,72725337468,72780861351,55523883,50000000,6778044192,3
run_20260930-035423_13076d45.json,unet,102,during,72741775892,72796343387,54567495,50000000,6845153056,2
run_20260930-035423_13076d45.json,unet,103,during,72752427536,72812015147,59587611,50000000,6912261920,0
run_20260930-035423_13076d45.json,unet,104,during,72756860621,72815118066,58257445,60000000,6979370784,1
run_20260930-035423_13076d45.json,unet,105,during,72781499843,72837439933,55940090,50000000,7046479648,3
run_20260930-035423_13076d45.json,unet,106,during,72797162832,72853622973,56460141,50000000,7113588512,2
run_20260930-035423_13076d45.json,unet,107,during,72812368083,72878195453,65827370,60000000,7180697376,0
run_20260930-035423_13076d45.json,unet,108,during,72816954911,72878934487,61979576,60000000,7247806240,1
run_20260930-035423_13076d45.json,unet,109,during,72837774490,72895577526,57803036,50000000,7314915104,3
run_20260930-035423_13076d45.json,unet,110,during,72854001610,72909576824,55575214,60000000,7382023968,2
run_20260930-035423_13076d45.json,unet,111,during,72878391437,72935417658,57026221,50000000,7449132832,0
run_20260930-035423_13076d45.json,unet,112,during,72882635738,72938994457,56358719,50000000,7516241696,1
run_20260930-035423_13076d45.json,unet,113,during,72895786730,72955093795,59307065,60000000,7583350560,3
run_20260930-035423_13076d45.json,unet,114,during,72909878029,72967156196,57278167,50000000,7650459424,2
run_20260930-035423_13076d45.json,unet,115,during,72935731964,72990347429,54615465,50000000,7717568288,0
run_20260930-035423_13076d45.json,unet,116,during,72939878514,72997298503,57419989,50000000,7784677152,1
run_20260930-035423_13076d45.json,unet,117,during,72955464082,73014136685,58672603,60000000,7851786016,3
run_20260930-035423_13076d45.json,unet,118,during,72967832549,73023867311,56034762,60000000,7918894880,2
run_20260930-035423_13076d45.json,unet,119,during,72991001892,73045746680,54744788,60000000,7986003744,0
run_20260930-035423_13076d45.json,unet,120,during,72997670810,73055671280,58000470,60000000,8053112608,1
run_20260930-035423_13076d45.json,unet,121,during,73014665875,73072521862,57855987,50000000,8120221472,3
run_20260930-035423_13076d45.json,unet,122,during,73024199108,73080977134,56778026,50000000,8187330336,2
run_20260930-035423_13076d45.json,unet,123,during,73046107747,73097441349,51333602,40000000,8254439200,0
run_20260930-035423_13076d45.json,unet,124,during,73056283562,73108062262,51778700,50000000,8321548064,1
run_20260930-035423_13076d45.json,unet,125,during,73073011362,73127333221,54321859,50000000,8388656928,3
run_20260930-035423_13076d45.json,unet,126,during,73081366271,73135232972,53866701,50000000,8455765792,2
run_20260930-035423_13076d45.json,unet,127,during,73097745955,73153445421,55699466,50000000,8522874656,0
run_20260930-035423_13076d45.json,unet,128,during,73108553312,73165559753,57006441,50000000,8589983520,1
run_20260930-035423_13076d45.json,unet,129,during,73127646477,73185216079,57569602,60000000,8657092384,3
run_20260930-035423_13076d45.json,unet,130,during,73135485467,73192654151,57168684,60000000,8724201248,2
run_20260930-035423_13076d45.json,unet,131,during,73153779697,73210542143,56762446,50000000,8791310112,0
run_20260930-035423_13076d45.json,unet,132,during,73165857908,73224495331,58637423,60000000,8858418976,1
run_20260930-035423_13076d45.json,unet,133,during,73185498984,73245033364,59534380,60000000,8925527840,3
run_20260930-035423_13076d45.json,unet,134,during,73192923556,73249811675,56888119,50000000,8992636704,2
run_20260930-035423_13076d45.json,unet,135,during,73211052943,73266853831,55800888,60000000,9059745568,0
run_20260930-035423_13076d45.json,unet,136,during,73224784936,73278232649,53447713,50000000,9126854432,1
run_20260930-035423_13076d45.json,unet,137,during,73245505623,73300181039,54675416,50000000,9193963296,3
run_20260930-035423_13076d45.json,unet,138,during,73250479348,73305387089,54907741,50000000,9261072160,2
run_20260930-035423_13076d45.json,unet,139,during,73267262279,73322116789,54854510,50000000,9328181024,0
run_20260930-035423_13076d45.json,unet,140,during,73278664517,73331190213,52525696,50000000,9395289888,1
run_20260930-035423_13076d45.json,unet,141,during,73300481155,73353510750,53029595,50000000,9462398752,3
run_20260930-035423_13076d45.json,unet,142,during,73305622703,73359625997,54003294,50000000,9529507616,2
run_20260930-035423_13076d45.json,unet,143,during,73322449635,73378161851,55712216,60000000,9596616480,0
run_20260930-035423_13076d45.json,unet,144,during,73331648061,73386583503,54935442,50000000,9663725344,1
run_20260930-035423_13076d45.json,unet,145,during,73354262934,73412298365,58035431,60000000,9730834208,3
run_20260930-035423_13076d45.json,unet,146,during,73359899252,73418481713,58582461,50000000,9797943072,2
run_20260930-035423_13076d45.json,unet,147,during,73378536399,73430287329,51750930,50000000,9865051936,0
run_20260930-035423_13076d45.json,unet,148,during,73386840448,73443411010,56570562,60000000,9932160800,1
run_20260930-035423_13076d45.json,unet,149,during,73412971658,73472976546,60004888,60000000,9999269664,3
run_20260930-035423_13076d45.json,unet,150,during,73418874191,73477158456,58284265,60000000,10066378528,2
run_20260930-035423_13076d45.json,unet,151,during,73430636316,73488054785,57418469,50000000,10133487392,0
run_20260930-035423_13076d45.json,unet,152,during,73443698316,73503416229,59717913,60000000,10200596256,1
run_20260930-035423_13076d45.json,unet,153,during,73473412765,73530145400,56732635,50000000,10267705120,3
run_20260930-035423_13076d45.json,unet,154,during,73477436351,73530786092,53349741,50000000,10334813984,2
run_20260930-035423_13076d45.json,unet,155,during,73488376681,73544400943,56024262,50000000,10401922848,0
run_20260930-035423_13076d45.json,unet,156,during,73503717114,73560304037,56586923,50000000,10469031712,1
run_20260930-035423_13076d45.json,unet,157,during,73530530868,73584998420,54467552,50000000,10536140576,3
run_20260930-035423_13076d45.json,unet,158,during,73534936392,73588532898,53596506,50000000,10603249440,2
run_20260930-035423_13076d45.json,unet,159,during,73544780130,73601633999,56853869,60000000,10670358304,0
run_20260930-035423_13076d45.json,unet,160,during,73563187563,73616933901,53746338,50000000,10737467168,1
run_20260930-035423_13076d45.json,unet,161,during,73585331056,73642186595,56855539,60000000,10804576032,3
run_20260930-035423_13076d45.json,unet,162,during,73589467036,73644515969,55048933,50000000,10871684896,2
run_20260930-035423_13076d45.json,unet,163,during,73601993345,73660170439,58177094,60000000,10938793760,0
run_20260930-035423_13076d45.json,unet,164,during,73617881279,73693344704,75463425,70000000,11005902624,1
run_20260930-035423_13076d45.json,unet,165,during,73642647084,73702775684,60128600,60000000,11073011488,3
run_20260930-035423_13076d45.json,unet,166,during,73646863434,73704371915,57508481,60000000,11140120352,2
run_20260930-035423_13076d45.json,unet,167,during,73660590597,73728564688,67974091,60000000,11207229216,0
run_20260930-035423_13076d45.json,unet,168,during,73694102818,73772374746,78271928,70000000,11274338080,1
run_20260930-035423_13076d45.json,unet,169,during,73703127181,73764549806,61422625,50000000,11341446944,3
run_20260930-035423_13076d45.json,unet,170,during,73708154057,73769044112,60890055,60000000,11408555808,2
run_20260930-035423_13076d45.json,unet,171,during,73729061037,73798824052,69763015,70000000,11475664672,0
run_20260930-035423_13076d45.json,unet,172,during,73765176378,73819281454,54105076,50000000,11542773536,3
run_20260930-035423_13076d45.json,unet,173,during,73769251687,73825001083,55749396,50000000,11609882400,2
run_20260930-035423_13076d45.json,unet,174,during,73774279273,73847332781,73053508,80000000,11676991264,1
run_20260930-035423_13076d45.json,unet,175,during,74019500346,74062765184,43264838,40000000,11744100128,3
run_20260930-035423_13076d45.json,unet,176,during,74023543843,74085632061,62088218,60000000,11811208992,0
run_20260930-035423_13076d45.json,unet,177,during,74027707253,74127338729,99631476,90000000,11878317856,1
run_20260930-035423_13076d45.json,unet,178,during,74031817792,74112166549,80348757,80000000,11945426720,2
run_20260930-035423_13076d45.json,unet,179,during,74063179832,74130406308,67226476,60000000,12012535584,3
run_20260930-035423_13076d45.json,unet,180,during,74085989228,74140568743,54579515,50000000,12079644448,0
run_20260930-035423_13076d45.json,unet,181,during,74112608837,74172349671,59740834,60000000,12146753312,2
run_20260930-035423_13076d45.json,unet,182,during,74127688096,74198262847,70574751,70000000,12213862176,1
run_20260930-035423_13076d45.json,unet,183,during,74131766214,74170350963,38584749,30000000,12280971040,3
run_20260930-035455_13076d45.json,unet,0,during,275943863884,275978976100,35112216,30000000,48928,2
run_20260930-035455_13076d45.json,unet,1,during,275948147553,275989883827,41736274,40000000,67157792,3
run_20260930-035455_13076d45.json,unet,2,during,275952281458,276001507347,49225889,50000000,134266656,0
run_20260930-035455_13076d45.json,unet,3,during,275956339773,276007268129,50928356,50000000,201375520,1
run_20260930-035455_13076d45.json,unet,4,during,275979226233,276020526897,41300664,40000000,268484384,2
run_20260930-035455_13076d45.json,unet,5,during,275990060387,276030256957,40196570,40000000,335593248,3
run_20260930-035455_13076d45.json,unet,6,during,276001672515,276042821246,41148731,40000000,402702112,0
run_20260930-035455_13076d45.json,unet,7,during,276007415651,276051329246,43913595,40000000,469810976,1
run_20260930-035455_13076d45.json,unet,8,during,276020790186,276068396691,47606505,50000000,536919840,2
run_20260930-035455_13076d45.json,unet,9,during,276030419439,276076857235,46437796,40000000,604028704,3
run_20260930-035455_13076d45.json,unet,10,during,276043099558,276095929424,52829866,50000000,671137568,0
run_20260930-035455_13076d45.json,unet,11,during,276051663827,276104199121,52535294,50000000,738246432,1
run_20260930-035455_13076d45.json,unet,12,during,276068608801,276119534694,50925893,40000000,805355296,2
run_20260930-035455_13076d45.json,unet,13,during,276077073102,276128369544,51296442,50000000,872464160,3
run_20260930-035455_13076d45.json,unet,14,during,276096264393,276143263934,46999541,50000000,939573024,0
run_20260930-035455_13076d45.json,unet,15,during,276104517162,276152312019,47794857,40000000,1006681888,1
run_20260930-035455_13076d45.json,unet,16,during,276119906344,276169621708,49715364,50000000,1073790752,2
run_20260930-035455_13076d45.json,unet,17,during,276128609632,276178021465,49411833,50000000,1140899616,3
run_20260930-035455_13076d45.json,unet,18,during,276143550879,276195982116,52431237,40000000,1208008480,0
run_20260930-035455_13076d45.json,unet,19,during,276152549612,276206813458,54263846,60000000,1275117344,1
run_20260930-035455_13076d45.json,unet,20,during,276169773326,276222103043,52329717,50000000,1342226208,2
run_20260930-035455_13076d45.json,unet,21,during,276178195351,276228911521,50716170,50000000,1409335072,3
run_20260930-035455_13076d45.json,unet,22,during,276196301901,276248402305,52100404,40000000,1476443936,0
run_20260930-035455_13076d45.json,unet,23,during,276207133046,276254847185,47714139,40000000,1543552800,1
run_20260930-035455_13076d45.json,unet,24,during,276222255330,276275107406,52852076,50000000,1610661664,2
run_20260930-035455_13076d45.json,unet,25,during,276229080973,276280358945,51277972,40000000,1677770528,3
run_20260930-035455_13076d45.json,unet,26,during,276248715323,276302229878,53514555,60000000,1744879392,0
run_20260930-035455_13076d45.json,unet,27,during,276255111404,276308806656,53695252,50000000,1811988256,1
run_20260930-035455_13076d45.json,unet,28,during,276275315095,276329930355,54615260,50000000,1879097120,2
run_20260930-035455_13076d45.json,unet,29,during,276280666933,276336075463,55408530,50000000,1946205984,3
run_20260930-035455_13076d45.json,unet,30,during,276302413334,276357568692,55155358,50000000,2013314848,0
run_20260930-035455_13076d45.json,unet,31,during,276308964733,276363834483,54869750,50000000,2080423712,1
run_20260930-035455_13076d45.json,unet,32,during,276330147571,276382807386,52659815,50000000,2147532576,2
run_20260930-035455_13076d45.json,unet,33,during,276336390648,276390130666,53740018,50000000,2214641440,3
run_20260930-035455_13076d45.json,unet,34,during,276357759110,276414434844,56675734,50000000,2281750304,0
run_20260930-035455_13076d45.json,unet,35,during,276363969922,276415867817,51897895,40000000,2348859168,1
run_20260930-035455_13076d45.json,unet,36,during,276383012836,276432566069,49553233,50000000,2415968032,2
run_20260930-035455_13076d45.json,unet,37,during,276390291916,276441743858,51451942,50000000,2483076896,3
run_20260930-035455_13076d45.json,unet,38,during,276414831392,276470925701,56094309,60000000,2550185760,0
run_20260930-035455_13076d45.json,unet,39,during,276419067478,276469988583,50921105,50000000,2617294624,1
run_20260930-035455_13076d45.json,unet,40,during,276432763837,276478276233,45512396,40000000,2684403488,2
run_20260930-035455_13076d45.json,unet,41,during,276441922846,276488944371,47021525,40000000,2751512352,3
run_20260930-035455_13076d45.json,unet,42,during,276470259707,276508391654,38131947,30000000,2818621216,1
run_20260930-035455_13076d45.json,unet,43,during,276474441901,276512625384,38183483,40000000,2885730080,0
run_20260930-035455_13076d45.json,unet,44,during,276478516705,276515565569,37048864,40000000,2952838944,2
run_20260930-035455_13076d45.json,unet,45,during,276489453917,276542046227,52592310,50000000,3019947808,3
run_20260930-035455_13076d45.json,unet,46,during,276509071884,276563460149,54388265,60000000,3087056672,1
run_20260930-035455_13076d45.json,unet,47,during,276513140611,276568931263,55790652,50000000,3154165536,0
run_20260930-035455_13076d45.json,unet,48,during,276517198085,276576037620,58839535,60000000,3221274400,2
run_20260930-035455_13076d45.json,unet,49,during,276542481610,276595989430,53507820,50000000,3288383264,3
run_20260930-035455_13076d45.json,unet,50,during,276563992658,276621773921,57781263,50000000,3355492128,1
run_20260930-035455_13076d45.json,unet,51,during,276569263733,276624967081,55703348,50000000,3422600992,0
run_20260930-035455_13076d45.json,unet,52,during,276576332407,276628000571,51668164,40000000,3489709856,2
run_20260930-035455_13076d45.json,unet,53,during,276596322129,276644179795,47857666,40000000,3556818720,3
run_20260930-035455_13076d45.json,unet,54,during,276622396199,276664028696,41632497,40000000,3623927584,1
run_20260930-035455_13076d45.json,unet,55,during,276627215604,276666235506,39019902,40000000,3691036448,0
run_20260930-035455_13076d45.json,unet,56,during,276631641381,276673396446,41755065,40000000,3758145312,2
run_20260930-035455_13076d45.json,unet,57,during,276644706227,276682620704,37914477,40000000,3825254176,3
run_20260930-035455_13076d45.json,unet,58,during,276664344523,276698868544,34524021,30000000,3892363040,1
run_20260930-035455_13076d45.json,unet,59,during,276668955671,276705952705,36997034,40000000,3959471904,0
run_20260930-035455_13076d45.json,unet,60,during,276673769997,276711626224,37856227,30000000,4026580768,2
run_20260930-035455_13076d45.json,unet,61,during,276682920712,276725387692,42466980,30000000,4093689632,3
run_20260930-035455_13076d45.json,unet,62,during,276699313477,276738789459,39475982,40000000,4160798496,1
run_20260930-035455_13076d45.json,unet,63,during,276706302352,276744829108,38526756,30000000,4227907360,0
run_20260930-035455_13076d45.json,unet,64,during,276711845748,276752258799,40413051,40000000,4295016224,2
run_20260930-035455_13076d45.json,unet,65,during,276725769617,276764183128,38413511,30000000,4362125088,3
run_20260930-035455_13076d45.json,unet,66,during,276739035528,276776109063,37073535,30000000,4429233952,1
run_20260930-035455_13076d45.json,unet,67,during,276745005850,276782409060,37403210,40000000,4496342816,0
run_20260930-035455_13076d45.json,unet,68,during,276752541084,276789957848,37416764,30000000,4563451680,2
run_20260930-035455_13076d45.json,unet,69,during,276764528043,276803883433,39355390,40000000,4630560544,3
run_20260930-035455_13076d45.json,unet,70,during,276776350579,276811635744,35285165,40000000,4697669408,1
run_20260930-035455_13076d45.json,unet,71,during,276782699526,276819393250,36693724,30000000,4764778272,0
run_20260930-035455_13076d45.json,unet,72,during,276790252571,276828143801,37891230,30000000,4831887136,2
run_20260930-035455_13076d45.json,unet,73,during,276804167290,276839097071,34929781,30000000,4898996000,3
run_20260930-035455_13076d45.json,unet,74,during,276811903324,276852217332,40314008,30000000,4966104864,1
run_20260930-035455_13076d45.json,unet,75,during,276819525568,276856184523,36658955,40000000,5033213728,0
run_20260930-035455_13076d45.json,unet,76,during,276828457695,276866161787,37704092,40000000,5100322592,2
run_20260930-035455_13076d45.json,unet,77,during,276839282314,276875360148,36077834,40000000,5167431456,3
run_20260930-035455_13076d45.json,unet,78,during,276852384699,276901791573,49406874,50000000,5234540320,1
run_20260930-035455_13076d45.json,unet,79,during,276856432139,276902495494,46063355,40000000,5301649184,0
run_20260930-035455_13076d45.json,unet,80,during,276866356821,276912029768,45672947,40000000,5368758048,2
run_20260930-035455_13076d45.json,unet,81,during,276875523511,276930130422,54606911,50000000,5435866912,3
run_20260930-035455_13076d45.json,unet,82,during,276902062750,276958594789,56532039,60000000,5502975776,1
run_20260930-035455_13076d45.json,unet,83,during,276906471938,276965091306,58619368,50000000,5570084640,0
run_20260930-035455_13076d45.json,unet,84,during,276912199852,276967554972,55355120,60000000,5637193504,2
run_20260930-035455_13076d45.json,unet,85,during,276930337818,276984440251,54102433,50000000,5704302368,3
run_20260930-035455_13076d45.json,unet,86,during,276958783283,277009437685,50654402,50000000,5771411232,1
run_20260930-035455_13076d45.json,unet,87,during,276965285932,277015817747,50531815,50000000,5838520096,0
run_20260930-035455_13076d45.json,unet,88,during,276969357604,277020241280,50883676,50000000,5905628960,2
run_20260930-035455_13076d45.json,unet,89,during,276984672133,277034492827,49820694,50000000,5972737824,3
run_20260930-035455_13076d45.json,unet,90,during,277009705543,277063649063,53943520,50000000,6039846688,1
run_20260930-035455_13076d45.json,unet,91,during,277016017201,277070569156,54551955,50000000,6106955552,0
run_20260930-035455_13076d45.json,unet,92,during,277020423511,277076338920,55915409,50000000,6174064416,2
run_20260930-035455_13076d45.json,unet,93,during,277034740120,277084860497,50120377,50000000,6241173280,3
run_20260930-035455_13076d45.json,unet,94,during,277064053731,277110027883,45974152,40000000,6308282144,1
run_20260930-035455_13076d45.json,unet,95,during,277070828363,277119139973,48311610,40000000,6375391008,0
run_20260930-035455_13076d45.json,unet,96,during,277076632710,277126281221,49648511,50000000,6442499872,2
run_20260930-035455_13076d45.json,unet,97,during,277085099528,277135405467,50305939,50000000,6509608736,3
run_20260930-035455_13076d45.json,unet,98,during,277110287453,277153557172,43269719,40000000,6576717600,1
run_20260930-035455_13076d45.json,unet,99,during,277119356492,277160358556,41002064,40000000,6643826464,0
run_20260930-035455_13076d45.json,unet,100,during,277126704911,277167036171,40331260,40000000,6710935328,2
run_20260930-035455_13076d45.json,unet,101,during,277135606315,277175595134,39988819,40000000,6778044192,3
run_20260930-035455_13076d45.json,unet,102,during,277153772620,277200334034,46561414,50000000,6845153056,1
run_20260930-035455_13076d45.json,unet,103,during,277160770903,277210834674,50063771,50000000,6912261920,0
run_20260930-035455_13076d45.json,unet,104,during,277167363648,277216091902,48728254,40000000,6979370784,2
run_20260930-035455_13076d45.json,unet,105,during,277175877838,277221499333,45621495,40000000,7046479648,3
run_20260930-035455_13076d45.json,unet,106,during,277200834435,277244642188,43807753,40000000,7113588512,1
run_20260930-035455_13076d45.json,unet,107,during,277211116557,277259614591,48498034,40000000,7180697376,0
run_20260930-035455_13076d45.json,unet,108,during,277216277021,277263285625,47008604,50000000,7247806240,2
run_20260930-035455_13076d45.json,unet,109,during,277221679195,277266328196,44649001,40000000,7314915104,3
run_20260930-035455_13076d45.json,unet,110,during,277244868125,277290853268,45985143,40000000,7382023968,1
run_20260930-035455_13076d45.json,unet,111,during,277259853511,277310197318,50343807,50000000,7449132832,0
run_20260930-035455_13076d45.json,unet,112,during,277264050177,277314065506,50015329,40000000,7516241696,2
run_20260930-035455_13076d45.json,unet,113,during,277268455519,277317772193,49316674,50000000,7583350560,3
run_20260930-035455_13076d45.json,unet,114,during,277291113668,277341992220,50878552,50000000,7650459424,1
run_20260930-035455_13076d45.json,unet,115,during,277310448673,277361350028,50901355,50000000,7717568288,0
run_20260930-035455_13076d45.json,unet,116,during,277314497128,277365152508,50655380,40000000,7784677152,2
run_20260930-035455_13076d45.json,unet,117,during,277318550317,277368148158,49597841,50000000,7851786016,3
run_20260930-035455_13076d45.json,unet,118,during,277342210082,277393872537,51662455,50000000,7918894880,1
run_20260930-035455_13076d45.json,unet,119,during,277361732909,277414325346,52592437,50000000,7986003744,0
run_20260930-035455_13076d45.json,unet,120,during,277365813727,277417680614,51866887,50000000,8053112608,2
run_20260930-035455_13076d45.json,unet,121,during,277370309207,277421104309,50795102,50000000,8120221472,3
run_20260930-035455_13076d45.json,unet,122,during,277394113834,277435201957,41088123,40000000,8187330336,1
run_20260930-035455_13076d45.json,unet,123,during,277414606519,277456850173,42243654,40000000,8254439200,0
run_20260930-035455_13076d45.json,unet,124,during,277418842852,277462311195,43468343,40000000,8321548064,2
run_20260930-035455_13076d45.json,unet,125,during,277423135361,277468854487,45719126,40000000,8388656928,3
run_20260930-035455_13076d45.json,unet,126,during,277435529734,277487629495,52099761,50000000,8455765792,1
run_20260930-035455_13076d45.json,unet,127,during,277457115049,277504228627,47113578,40000000,8522874656,0
run_20260930-035455_13076d45.json,unet,128,during,277462491329,277512097865,49606536,40000000,8589983520,2
run_20260930-035455_13076d45.json,unet,129,during,277469001015,277519707378,50706363,50000000,8657092384,3
run_20260930-035455_13076d45.json,unet,130,during,277487890553,277536711926,48821373,50000000,8724201248,1
run_20260930-035455_13076d45.json,unet,131,during,277504590728,277548858236,44267508,40000000,8791310112,0
run_20260930-035455_13076d45.json,unet,132,during,277512254221,277559927247,47673026,50000000,8858418976,2
run_20260930-035455_13076d45.json,unet,133,during,277519876088,277568528426,48652338,40000000,8925527840,3
run_20260930-035455_13076d45.json,unet,134,during,277536900426,277584993083,48092657,40000000,8992636704,1
run_20260930-035455_13076d45.json,unet,135,during,277549037094,277593993152,44956058,40000000,9059745568,0
run_20260930-035455_13076d45.json,unet,136,during,277560109521,277608629601,48520080,40000000,9126854432,2
run_20260930-035455_13076d45.json,unet,137,during,277568662143,277616374591,47712448,40000000,9193963296,3
run_20260930-035455_13076d45.json,unet,138,during,277585224360,277635146584,49922224,50000000,9261072160,1
run_20260930-035455_13076d45.json,unet,139,during,277594322571,277640282928,45960357,40000000,9328181024,0
run_20260930-035455_13076d45.json,unet,140,during,277608781631,277659100577,50318946,50000000,9395289888,2
run_20260930-035455_13076d45.json,unet,141,during,277616505516,277665668648,49163132,50000000,9462398752,3
run_20260930-035455_13076d45.json,unet,142,during,277635354109,277686279115,50925006,50000000,9529507616,1
run_20260930-035455_13076d45.json,unet,143,during,277640456496,277690322276,49865780,50000000,9596616480,0
run_20260930-035455_13076d45.json,unet,144,during,277659324816,277710510186,51185370,50000000,9663725344,2
run_20260930-035455_13076d45.json,unet,145,during,277665785627,277716728772,50943145,50000000,9730834208,3
run_20260930-035455_13076d45.json,unet,146,during,277686490408,277737414908,50924500,50000000,9797943072,1
run_20260930-035455_13076d45.json,unet,147,during,277690518971,277741204084,50685113,50000000,9865051936,0
run_20260930-035455_13076d45.json,unet,148,during,277710760384,277760668288,49907904,50000000,9932160800,2
run_20260930-035455_13076d45.json,unet,149,during,277716871041,277766937627,50066586,50000000,9999269664,3
run_20260930-035455_13076d45.json,unet,150,during,277737608517,277789622089,52013572,50000000,10066378528,1
run_20260930-035455_13076d45.json,unet,151,during,277741930778,277790898263,48967485,50000000,10133487392,0
run_20260930-035455_13076d45.json,unet,152,during,277760895861,277807121919,46226058,40000000,10200596256,2
run_20260930-035455_13076d45.json,unet,153,during,277767060311,277814401057,47340746,40000000,10267705120,3
run_20260930-035455_13076d45.json,unet,154,during,277789883306,277840550475,50667169,40000000,10334813984,1
run_20260930-035455_13076d45.json,unet,155,during,277794027976,277841935966,47907990,50000000,10401922848,0
run_20260930-035455_13076d45.json,unet,156,during,277807305644,277852441489,45135845,50000000,10469031712,2
run_20260930-035455_13076d45.json,unet,157,during,277814585464,277865578909,50993445,50000000,10536140576,3
run_20260930-035455_13076d45.json,unet,158,during,277840773291,277890747089,49973798,50000000,10603249440,1
run_20260930-035455_13076d45.json,unet,159,during,277845134575,277893144892,48010317,40000000,10670358304,0
run_20260930-035455_13076d45.json,unet,160,during,277852600739,277898141723,45540984,40000000,10737467168,2
run_20260930-035455_13076d45.json,unet,161,during,277865741907,277910105385,44363478,40000000,10804576032,3
run_20260930-035455_13076d45.json,unet,162,during,277890976340,277927761346,36785006,40000000,10871684896,1
run_20260930-035455_13076d45.json,unet,163,during,277895700052,277931222544,35522492,30000000,10938793760,0
run_20260930-035455_13076d45.json,unet,164,during,277899840589,277936553327,36712738,30000000,11005902624,2
run_20260930-035455_13076d45.json,unet,165,during,277910367849,277946252546,35884697,30000000,11073011488,3
run_20260930-035455_13076d45.json,unet,166,during,277927969228,277964318418,36349190,30000000,11140120352,1
run_20260930-035455_13076d45.json,unet,167,during,277931992710,277968346157,36353447,40000000,11207229216,0
run_20260930-035455_13076d45.json,unet,168,during,277936786841,277973680937,36894096,30000000,11274338080,2
run_20260930-035455_13076d45.json,unet,169,during,277946430586,277982118003,35687417,40000000,11341446944,3
run_20260930-035455_13076d45.json,unet,170,during,277964527917,277999833392,35305475,40000000,11408555808,1
run_20260930-035455_13076d45.json,unet,171,during,277968622889,278004378249,35755360,30000000,11475664672,0
run_20260930-035455_13076d45.json,unet,172,during,277973845541,278010794067,36948526,40000000,11542773536,2
run_20260930-035455_13076d45.json,unet,173,during,277982241052,278017761981,35520929,30000000,11609882400,3
run_20260930-035455_13076d45.json,unet,174,during,278000067794,278035615821,35548027,30000000,11676991264,1
run_20260930-035455_13076d45.json,unet,175,during,278004505565,278041358642,36853077,40000000,11744100128,0
run_20260930-035455_13076d45.json,unet,176,during,278010923492,278048275424,37351932,30000000,11811208992,2
run_20260930-035455_13076d45.json,unet,177,during,278017974657,278054659212,36684555,40000000,11878317856,3
run_20260930-035455_13076d45.json,unet,178,during,278035804146,278072631500,36827354,40000000,11945426720,1
run_20260930-035455_13076d45.json,unet,179,during,278041533822,278078618494,37084672,30000000,12012535584,0
run_20260930-035455_13076d45.json,unet,180,during,278048450238,278085451900,37001662,40000000,12079644448,2
run_20260930-035455_13076d45.json,unet,181,during,278054859810,278091935498,37075688,40000000,12146753312,3
run_20260930-035455_13076d45.json,unet,182,during,278072826761,278107531839,34705078,30000000,12213862176,1
run_20260930-035455_13076d45.json,unet,183,during,278078799092,278103328043,24528951,30000000,12280971040,0
run_20260930-035604_13076d45.json,unet,0,during,50718703005,50746471899,27768894,30000000,48928,1
run_20260930-035604_13076d45.json,unet,1,during,50723763432,50765234243,41470811,40000000,67157792,2
run_20260930-035604_13076d45.json,unet,2,during,50728184699,51098318207,370133508,350000000,134266656,0
run_20260930-035604_13076d45.json,unet,3,during,50732397259,50772559917,40162658,40000000,201375520,3
run_20260930-035604_13076d45.json,unet,4,during,50746746387,50786140623,39394236,30000000,268484384,1
run_20260930-035604_13076d45.json,unet,5,during,50765477859,50803289967,37812108,40000000,335593248,2
run_20260930-035604_13076d45.json,unet,6,during,50772844865,50808603228,35758363,40000000,402702112,3
run_20260930-035604_13076d45.json,unet,7,during,50786363743,50845642989,59279246,60000000,469810976,1
run_20260930-035604_13076d45.json,unet,8,during,50803601685,50870836296,67234611,70000000,536919840,2
run_20260930-035604_13076d45.json,unet,9,during,50808841527,50887673274,78831747,70000000,604028704,3
run_20260930-035604_13076d45.json,unet,10,during,50845865795,50903425696,57559901,60000000,671137568,1
run_20260930-035604_13076d45.json,unet,11,during,50871099620,50927997270,56897650,50000000,738246432,2
run_20260930-035604_13076d45.json,unet,12,during,50887906103,50946967677,59061574,60000000,805355296,3
run_20260930-035604_13076d45.json,unet,13,during,50903799496,50959342030,55542534,50000000,872464160,1
run_20260930-035604_13076d45.json,unet,14,during,50928283231,50984325039,56041808,50000000,939573024,2
run_20260930-035604_13076d45.json,unet,15,during,50947336029,50994260275,46924246,40000000,1006681888,3
run_20260930-035604_13076d45.json,unet,16,during,50959544996,51009205370,49660374,50000000,1073790752,1
run_20260930-035604_13076d45.json,unet,17,during,50984660712,51575891449,591230737,550000000,1140899616,2
run_20260930-035604_13076d45.json,unet,18,during,50994489575,51043194001,48704426,50000000,1208008480,3
run_20260930-035604_13076d45.json,unet,19,during,51009453329,51980431220,970977891,910000000,1275117344,1
run_20260930-035604_13076d45.json,unet,20,during,51043474362,52159660204,1116185842,1050000000,1342226208,3
run_20260930-035604_13076d45.json,unet,21,during,51098613990,51143956836,45342846,40000000,1409335072,0
run_20260930-035604_13076d45.json,unet,22,during,51144312908,51179186638,34873730,30000000,1476443936,0
run_20260930-035604_13076d45.json,unet,23,during,51179458174,52078561891,899103717,850000000,1543552800,0
run_20260930-035604_13076d45.json,unet,24,during,51576338229,51628193242,51855013,50000000,1610661664,2
run_20260930-035604_13076d45.json,unet,25,during,51628689026,51662333292,33644266,30000000,1677770528,2
run_20260930-035604_13076d45.json,unet,26,during,51662771753,51696006869,33235116,30000000,1744879392,2
run_20260930-035604_13076d45.json,unet,27,during,51696554672,51729850818,33296146,30000000,1811988256,2
run_20260930-035604_13076d45.json,unet,28,during,51730417635,51789242821,58825186,50000000,1879097120,2
run_20260930-035604_13076d45.json,unet,29,during,51789545130,51823153630,33608500,40000000,1946205984,2
run_20260930-035604_13076d45.json,unet,30,during,51823439267,51858896580,35457313,30000000,2013314848,2
run_20260930-035604_13076d45.json,unet,31,during,51859191954,51891267525,32075571,30000000,2080423712,2
run_20260930-035604_13076d45.json,unet,32,during,51891650687,51921419079,29768392,30000000,2147532576,2
run_20260930-035604_13076d45.json,unet,33,during,51921747099,51950983990,29236891,30000000,2214641440,2
run_20260930-035604_13076d45.json,unet,34,during,51951291601,51988330470,37038869,30000000,2281750304,2
run_20260930-035604_13076d45.json,unet,35,during,51980764458,52009151897,28387439,30000000,2348859168,1
run_20260930-035604_13076d45.json,unet,36,during,51990599085,52031237781,40638696,40000000,2415968032,2
run_20260930-035604_13076d45.json,unet,37,during,52009584207,52050667923,41083716,40000000,2483076896,1
run_20260930-035604_13076d45.json,unet,38,during,52031573919,52078116179,46542260,50000000,2550185760,2
run_20260930-035604_13076d45.json,unet,39,during,52050921137,52107012131,56090994,50000000,2617294624,1
run_20260930-035604_13076d45.json,unet,40,during,52078410702,52128681043,50270341,40000000,2684403488,2
run_20260930-035604_13076d45.json,unet,41,during,52083105891,52143111191,60005300,60000000,2751512352,0
run_20260930-035604_13076d45.json,unet,42,during,52107295113,52155476432,48181319,40000000,2818621216,1
run_20260930-035604_13076d45.json,unet,43,during,52128954219,52196538816,67584597,60000000,2885730080,2
run_20260930-035604_13076d45.json,unet,44,during,52143435369,52197173693,53738324,50000000,2952838944,0
run_20260930-035604_13076d45.json,unet,45,during,52155708794,52219004961,63296167,60000000,3019947808,1
run_20260930-035604_13076d45.json,unet,46,during,52160096010,52216710061,56614051,60000000,3087056672,3
run_20260930-035604_13076d45.json,unet,47,during,52197036425,52250472586,53436161,50000000,3154165536,2
run_20260930-035604_13076d45.json,unet,48,during,52201783967,52258012257,56228290,60000000,3221274400,0
run_20260930-035604_13076d45.json,unet,49,during,52217170717,52277394667,60223950,50000000,3288383264,3
run_20260930-035604_13076d45.json,unet,50,during,52221560153,52278479113,56918960,60000000,3355492128,1
run_20260930-035604_13076d45.json,unet,51,during,52251114367,52307877742,56763375,50000000,3422600992,2
run_20260930-035604_13076d45.json,unet,52,during,52258279178,52305250933,46971755,40000000,3489709856,0
run_20260930-035604_13076d45.json,unet,53,during,52277698068,52337394665,59696597,50000000,3556818720,3
run_20260930-035604_13076d45.json,unet,54,during,52282068790,52337228616,55159826,50000000,3623927584,1
run_20260930-035604_13076d45.json,unet,55,during,52305522548,52375952904,70430356,70000000,3691036448,0
run_20260930-035604_13076d45.json,unet,56,during,52309900019,52368881626,58981607,50000000,3758145312,2
run_20260930-035604_13076d45.json,unet,57,during,52337778873,52397873066,60094193,60000000,3825254176,1
run_20260930-035604_13076d45.json,unet,58,during,52341916263,52403083578,61167315,50000000,3892363040,3
run_20260930-035604_13076d45.json,unet,59,during,52369396009,52421571533,52175524,50000000,3959471904,2
run_20260930-035604_13076d45.json,unet,60,during,52376229692,52438554308,62324616,60000000,4026580768,0
run_20260930-035604_13076d45.json,unet,61,during,52398136603,52457964892,59828289,60000000,4093689632,1
run_20260930-035604_13076d45.json,unet,62,during,52403344981,52450098625,46753644,40000000,4160798496,3
run_20260930-035604_13076d45.json,unet,63,during,52421924108,52465445064,43520956,40000000,4227907360,2
run_20260930-035604_13076d45.json,unet,64,during,52438882585,52483960274,45077689,40000000,4295016224,0
run_20260930-035604_13076d45.json,unet,65,during,52450382655,52508712456,58329801,60000000,4362125088,3
run_20260930-035604_13076d45.json,unet,66,during,52458215362,52858906498,400691136,380000000,4429233952,1
run_20260930-035604_13076d45.json,unet,67,during,52465793456,52514894301,49100845,40000000,4496342816,2
run_20260930-035604_13076d45.json,unet,68,during,52484267641,52530738490,46470849,50000000,4563451680,0
run_20260930-035604_13076d45.json,unet,69,during,52509208684,52550457497,41248813,40000000,4630560544,3
run_20260930-035604_13076d45.json,unet,70,during,52515111555,53107632587,592521032,570000000,4697669408,2
run_20260930-035604_13076d45.json,unet,71,during,52531038352,52570451571,39413219,30000000,4764778272,0
run_20260930-035604_13076d45.json,unet,72,during,52550767942,52592419700,41651758,40000000,4831887136,3
run_20260930-035604_13076d45.json,unet,73,during,52570735614,52989403157,418667543,400000000,4898996000,0
run_20260930-035604_13076d45.json,unet,74,during,52592651453,53018299960,425648507,400000000,4966104864,3
run_20260930-035604_13076d45.json,unet,75,during,52859788650,52915953616,56164966,50000000,5033213728,1
run_20260930-035604_13076d45.json,unet,76,during,52916250683,52943549985,27299302,30000000,5100322592,1
run_20260930-035604_13076d45.json,unet,77,during,52943940207,52975662093,31721886,30000000,5167431456,1
run_20260930-035604_13076d45.json,unet,78,during,52976191047,53165119499,188928452,180000000,5234540320,1
run_20260930-035604_13076d45.json,unet,79,during,52989786236,53028606122,38819886,30000000,5301649184,0
run_20260930-035604_13076d45.json,unet,80,during,53018604477,53050184209,31579732,20000000,5368758048,3
run_20260930-035604_13076d45.json,unet,81,during,53028831621,53070481412,41649791,30000000,5435866912,0
run_20260930-035604_13076d45.json,unet,82,during,53050440735,53097045803,46605068,40000000,5502975776,3
run_20260930-035604_13076d45.json,unet,83,during,53070731790,53556621913,485890123,450000000,5570084640,0
run_20260930-035604_13076d45.json,unet,84,during,53097547337,53138630272,41082935,40000000,5637193504,3
run_20260930-035604_13076d45.json,unet,85,during,53108022654,53164108207,56085553,50000000,5704302368,2
run_20260930-035604_13076d45.json,unet,86,during,53138957961,53192460114,53502153,50000000,5771411232,3
run_20260930-035604_13076d45.json,unet,87,during,53164598074,53211040954,46442880,50000000,5838520096,2
run_20260930-035604_13076d45.json,unet,88,during,53168646700,53223076779,54430079,50000000,5905628960,1
run_20260930-035604_13076d45.json,unet,89,during,53192771185,53235910364,43139179,40000000,5972737824,3
run_20260930-035604_13076d45.json,unet,90,during,53211327232,53256435297,45108065,40000000,6039846688,2
run_20260930-035604_13076d45.json,unet,91,after,53223530682,54134478386,910947704,850000000,6106955552,1
run_20260930-035604_13076d45.json,unet,92,during,53236396390,53278532998,42136608,40000000,6174064416,3
run_20260930-035604_13076d45.json,unet,93,during,53256684445,53306724471,50040026,50000000,6241173280,2
run_20260930-035604_13076d45.json,unet,94,during,53278796092,53331835175,53039083,50000000,6308282144,3
run_20260930-035604_13076d45.json,unet,95,after,53307005523,53619929328,312923805,290000000,6375391008,2
run_20260930-035604_13076d45.json,unet,96,during,53332116402,53381143238,49026836,50000000,6442499872,3
run_20260930-035604_13076d45.json,unet,97,during,53381474876,53410832603,29357727,30000000,6509608736,3
run_20260930-035604_13076d45.json,unet,98,after,53411123839,53439026668,27902829,20000000,6576717600,3
run_20260930-035604_13076d45.json,unet,99,after,53439279099,53466703071,27423972,30000000,6643826464,3
run_20260930-035604_13076d45.json,unet,100,after,53466972364,53646083810,179111446,160000000,6710935328,3
run_20260930-035604_13076d45.json,unet,101,after,53557149231,53586504546,29355315,30000000,6778044192,0
run_20260930-035604_13076d45.json,unet,102,after,53587010829,54510401648,923390819,860000000,6845153056,0
run_20260930-035604_13076d45.json,unet,103,after,53620373860,53663253647,42879787,40000000,6912261920,2
run_20260930-035604_13076d45.json,unet,104,after,53646474997,53697487179,51012182,40000000,6979370784,3
run_20260930-035604_13076d45.json,unet,105,after,53663622471,53716388396,52765925,50000000,7046479648,2
run_20260930-035604_13076d45.json,unet,106,after,53698011729,53737591650,39579921,30000000,7113588512,3
run_20260930-035604_13076d45.json,unet,107,after,53716790974,53759771661,42980687,40000000,7180697376,2
run_20260930-035604_13076d45.json,unet,108,after,53738120381,53783482074,45361693,40000000,7247806240,3
run_20260930-035604_13076d45.json,unet,109,after,53760257603,53801378739,41121136,40000000,7314915104,2
run_20260930-035604_13076d45.json,unet,110,after,53783858979,54368419791,584560812,550000000,7382023968,3
run_20260930-035604_13076d45.json,unet,111,after,53801814793,53863765808,61951015,60000000,7449132832,2
run_20260930-035604_13076d45.json,unet,112,after,53864327642,53891806775,27479133,20000000,7516241696,2
run_20260930-035604_13076d45.json,unet,113,after,53892270225,54133268930,240998705,220000000,7583350560,2
run_20260930-035604_13076d45.json,unet,114,after,54133582701,54164875943,31293242,30000000,7650459424,2
run_20260930-035604_13076d45.json,unet,115,after,54137638195,54195018918,57380723,60000000,7717568288,1
run_20260930-035604_13076d45.json,unet,116,after,54165433674,54215881978,50448304,50000000,7784677152,2
run_20260930-035604_13076d45.json,unet,117,after,54195327737,54239631835,44304098,40000000,7851786016,1
run_20260930-035604_13076d45.json,unet,118,after,54216195563,54263431952,47236389,40000000,7918894880,2
run_20260930-035604_13076d45.json,unet,119,after,54240130253,54289494229,49363976,40000000,7986003744,1
run_20260930-035604_13076d45.json,unet,120,after,54263922317,54312375842,48453525,50000000,8053112608,2
run_20260930-035604_13076d45.json,unet,121,after,54289939496,54338769498,48830002,50000000,8120221472,1
run_20260930-035604_13076d45.json,unet,122,after,54312839150,55339645730,1026806580,950000000,8187330336,2
run_20260930-035604_13076d45.json,unet,123,after,54339255699,54391490801,52235102,50000000,8254439200,1
run_20260930-035604_13076d45.json,unet,124,after,54368855890,54418591326,49735436,50000000,8321548064,3
run_20260930-035604_13076d45.json,unet,125,after,54392029316,54447301519,55272203,50000000,8388656928,1
run_20260930-035604_13076d45.json,unet,126,after,54418992372,54465038431,46046059,40000000,8455765792,3
run_20260930-035604_13076d45.json,unet,127,after,54447616923,54514492452,66875529,70000000,8522874656,1
run_20260930-035604_13076d45.json,unet,128,after,54465460277,54523490445,58030168,50000000,8589983520,3
run_20260930-035604_13076d45.json,unet,129,after,54510959720,54541744275,30784555,30000000,8657092384,0
run_20260930-035604_13076d45.json,unet,130,after,54516563095,54608064556,91501461,80000000,8724201248,1
run_20260930-035604_13076d45.json,unet,131,after,54523944831,54563668693,39723862,30000000,8791310112,3
run_20260930-035604_13076d45.json,unet,132,after,54542059424,54589769874,47710450,50000000,8858418976,0
run_20260930-035604_13076d45.json,unet,133,after,54564143545,55301612665,737469120,680000000,8925527840,3
run_20260930-035604_13076d45.json,unet,134,after,54590310212,55332141073,741830861,680000000,8992636704,0
run_20260930-035604_13076d45.json,unet,135,after,54608743688,54665231357,56487669,50000000,9059745568,1
run_20260930-035604_13076d45.json,unet,136,after,54665570332,54708438118,42867786,40000000,9126854432,1
run_20260930-035604_13076d45.json,unet,137,after,54708786489,54737219070,28432581,20000000,9193963296,1
run_20260930-035604_13076d45.json,unet,138,after,54737703064,54766439993,28736929,30000000,9261072160,1
run_20260930-035604_13076d45.json,unet,139,after,54766942498,54806761835,39819337,40000000,9328181024,1
run_20260930-035604_13076d45.json,unet,140,after,54807058086,54834908559,27850473,20000000,9395289888,1
run_20260930-035604_13076d45.json,unet,141,after,54835429028,54872460633,37031605,40000000,9462398752,1
run_20260930-035604_13076d45.json,unet,142,after,54872906496,54901553876,28647380,20000000,9529507616,1
run_20260930-035604_13076d45.json,unet,143,after,54901833786,55278751023,376917237,350000000,9596616480,1
run_20260930-035604_13076d45.json,unet,144,after,55279245643,55313555069,34309426,40000000,9663725344,1
run_20260930-035604_13076d45.json,unet,145,after,55302112597,55331891616,29779019,30000000,9730834208,3
run_20260930-035604_13076d45.json,unet,146,after,55314069780,55372365905,58296125,50000000,9797943072,1
run_20260930-035604_13076d45.json,unet,147,after,55333130454,55373592090,40461636,40000000,9865051936,3
run_20260930-035604_13076d45.json,unet,148,after,55337638818,55380031058,42392240,40000000,9932160800,0
run_20260930-035604_13076d45.json,unet,149,after,55342250041,55396614304,54364263,50000000,9999269664,2
run_20260930-035604_13076d45.json,unet,150,after,55372664082,55429775792,57111710,50000000,10066378528,1
run_20260930-035604_13076d45.json,unet,151,after,55376732663,55433331221,56598558,50000000,10133487392,3
run_20260930-035604_13076d45.json,unet,152,after,55380836752,55435984668,55147916,50000000,10200596256,0
run_20260930-035604_13076d45.json,unet,153,after,55396847214,55446994474,50147260,50000000,10267705120,2
run_20260930-035604_13076d45.json,unet,154,after,55430198748,55477494902,47296154,40000000,10334813984,1
run_20260930-035604_13076d45.json,unet,155,after,55434272514,55481061619,46789105,40000000,10401922848,3
run_20260930-035604_13076d45.json,unet,156,after,55438783201,55486657143,47873942,50000000,10469031712,0
run_20260930-035604_13076d45.json,unet,157,after,55447373812,55496090219,48716407,50000000,10536140576,2
run_20260930-035604_13076d45.json,unet,158,after,55478111067,55529902819,51791752,50000000,10603249440,1
run_20260930-035604_13076d45.json,unet,159,after,55482168909,55534148198,51979289,50000000,10670358304,3
run_20260930-035604_13076d45.json,unet,160,after,55487120666,55539871368,52750702,50000000,10737467168,0
run_20260930-035604_13076d45.json,unet,161,after,55496603882,55548038451,51434569,50000000,10804576032,2
run_20260930-035604_13076d45.json,unet,162,after,55530212379,55582626583,52414204,50000000,10871684896,1
run_20260930-035604_13076d45.json,unet,163,after,55534519704,55586505450,51985746,50000000,10938793760,3
run_20260930-035604_13076d45.json,unet,164,after,55540041016,55591389864,51348848,50000000,11005902624,0
run_20260930-035604_13076d45.json,unet,165,after,55548421231,55599253409,50832178,40000000,11073011488,2
run_20260930-035604_13076d45.json,unet,166,after,55583038462,55630163060,47124598,40000000,11140120352,1
run_20260930-035604_13076d45.json,unet,167,after,55587101328,55633810652,46709324,50000000,11207229216,3
run_20260930-035604_13076d45.json,unet,168,after,55591565690,55639437584,47871894,40000000,11274338080,0
run_20260930-035604_13076d45.json,unet,169,after,55599709792,55649071607,49361815,50000000,11341446944,2
run_20260930-035604_13076d45.json,unet,170,after,55630424337,55681501320,51076983,50000000,11408555808,1
run_20260930-035604_13076d45.json,unet,171,after,55634461725,55687135154,52673429,40000000,11475664672,3
run_20260930-035604_13076d45.json,unet,172,after,55639590233,55691510909,51920676,50000000,11542773536,0
run_20260930-035604_13076d45.json,unet,173,after,55649308967,55700038152,50729185,50000000,11609882400,2
run_20260930-035604_13076d45.json,unet,174,after,55681886773,55730972678,49085905,50000000,11676991264,1
run_20260930-035604_13076d45.json,unet,175,after,55687573929,55737236605,49662676,40000000,11744100128,3
run_20260930-035604_13076d45.json,unet,176,after,55691748411,55740507556,48759145,40000000,11811208992,0
run_20260930-035604_13076d45.json,unet,177,after,55700258436,55749169135,48910699,40000000,11878317856,2
run_20260930-035604_13076d45.json,unet,178,after,55731256892,55783225898,51969006,50000000,11945426720,1
run_20260930-035604_13076d45.json,unet,179,after,55737597019,55791003521,53406502,50000000,12012535584,3
run_20260930-035604_13076d45.json,unet,180,after,55741736688,55794202568,52465880,50000000,12079644448,0
run_20260930-035604_13076d45.json,unet,181,after,55749483486,55801523769,52040283,50000000,12146753312,2
run_20260930-035604_13076d45.json,unet,182,after,55783807650,55819090509,35282859,30000000,12213862176,1
run_20260930-035604_13076d45.json,unet,183,after,55791301725,55814102216,22800491,20000000,12280971040,3
