spacing_ms,runs,reads,median,p95,p99,max,n500,n1000
0.0,3,360,43.7591115,62.3524392,699.8183536800296,1580.664701,4,4
1.0,3,360,54.70769,88.38829295000002,112.09205155000008,150.789504,0,0
2.0,3,360,48.423612000000006,70.04195875,125.75021486000016,166.622828,0,0
2.5,15,1800,43.399278499999994,100.60714449999998,788.3762602599994,11818.289296,21,11
3.0,15,1800,42.981682000000006,77.10996069999995,111.36062506999998,656.168257,2,0
3.5,15,1800,42.7567765,70.41681445,129.30930864999996,4081.547912,10,6
4.0,38,4560,42.396553,84.28817060000003,136.2408638299998,828.125712,9,0
8.0,3,360,41.261671,69.97120440000002,103.79436655,680.556613,2,0
16.0,3,360,34.123853499999996,47.8800346,127.59704234000006,409.197363,0,0
32.0,3,360,36.269677,42.752050350000005,82.90955083000047,697.853495,2,0
64.0,3,360,32.3466435,37.386625,48.107541750000024,884.596378,2,0
