X_ms,outstanding,frac_outstanding,P_ge250_given_outstanding,n_ge250,P_ge500_given_outstanding,n_ge500,P_ge1000_given_outstanding,n_ge1000,median_final_ms,median_remaining_ms,p90_final_ms,p95_final_ms,P_done_within_25ms,P_done_within_50ms,P_done_within_100ms
50,125,82.23684210526316,11.2,14,7.2,9,0.0,0,105.10329,55.10329,260.0511791999999,518.7558849999999,5.6,40.8,78.4
60,119,78.28947368421052,11.764705882352942,14,7.563025210084033,9,0.0,0,107.321905,47.321905,306.9613668000006,527.1391288999995,12.605042016806722,53.78151260504202,79.83193277310924
75,118,77.63157894736842,11.864406779661017,14,7.627118644067797,9,0.0,0,107.4892735,32.4892735,327.3969621999994,530.8574628500004,37.28813559322034,69.49152542372882,84.7457627118644
90,95,62.5,14.736842105263158,14,9.473684210526315,9,0.0,0,112.186198,22.186198000000005,493.3073988,595.6598414,53.68421052631579,67.36842105263158,82.10526315789474
100,74,48.68421052631579,18.91891891891892,14,12.162162162162161,9,0.0,0,121.941338,21.941337999999995,513.6710352,652.2798310499992,51.351351351351354,63.513513513513516,78.37837837837837
110,55,36.18421052631579,25.454545454545453,14,16.363636363636363,9,0.0,0,147.580299,37.580299,564.3224684,758.9534778999998,40.0,56.36363636363637,72.72727272727273
125,36,23.68421052631579,38.888888888888886,14,25.0,9,0.0,0,175.501895,50.501895000000005,674.9548394999999,783.181599,25.0,50.0,61.111111111111114
150,27,17.763157894736842,51.851851851851855,14,33.333333333333336,9,0.0,0,250.992684,100.992684,761.7585701999999,791.448054,33.333333333333336,40.74074074074074,48.148148148148145
175,18,11.842105263157896,77.77777777777777,14,50.0,9,0.0,0,502.80245149999996,327.80245149999996,784.100094,801.6340272,11.11111111111111,22.22222222222222,33.333333333333336
200,16,10.526315789473685,87.5,14,56.25,9,0.0,0,512.805338,312.805338,787.7740739999999,804.7506960000001,12.5,12.5,25.0
225,14,9.210526315789474,100.0,14,64.28571428571429,9,0.0,0,517.336021,292.33602099999996,791.448054,807.8673648,0.0,14.285714285714286,14.285714285714286
250,14,9.210526315789474,100.0,14,64.28571428571429,9,0.0,0,517.336021,267.33602099999996,791.448054,807.8673648,14.285714285714286,14.285714285714286,14.285714285714286
300,12,7.894736842105263,100.0,12,75.0,9,0.0,0,556.8858005,256.88580049999996,795.122034,810.9840336,0.0,0.0,0.0
350,12,7.894736842105263,100.0,12,75.0,9,0.0,0,556.8858005,206.88580049999996,795.122034,810.9840336,0.0,0.0,0.0
400,12,7.894736842105263,100.0,12,75.0,9,0.0,0,556.8858005,156.88580049999996,795.122034,810.9840336,0.0,0.0,25.0
500,9,5.921052631578948,100.0,9,100.0,9,0.0,0,599.371478,99.37147800000002,803.1923616,815.6590368,33.333333333333336,33.333333333333336,55.55555555555556
