run_id,path,cohort,spacing_ms,gpu,region,qd,read_mib,reads,wall_ms,hedge_launched,hedge_slots,valid,reason
qd4_vs_qd8_qd4_arm:qc-q4-r01,C:\Users\parla\OneDrive\Documents\AI HUB\ComfyUI June Install\ComfyUI\custom_nodes\comfyui-modal\qd_compare_runs\qc-q4-r01.json,qd4_vs_qd8_qd4_arm,4.0,NVIDIA H100 80GB HBM3,eu-north,4,64.0,120,1680.6,0,,True,
qd4_vs_qd8_qd4_arm:qc-q4-r02,C:\Users\parla\OneDrive\Documents\AI HUB\ComfyUI June Install\ComfyUI\custom_nodes\comfyui-modal\qd_compare_runs\qc-q4-r02.json,qd4_vs_qd8_qd4_arm,4.0,NVIDIA H100 80GB HBM3,us-central,4,64.0,120,1833.7,0,,True,
qd4_vs_qd8_qd4_arm:qc-q4-r03,C:\Users\parla\OneDrive\Documents\AI HUB\ComfyUI June Install\ComfyUI\custom_nodes\comfyui-modal\qd_compare_runs\qc-q4-r03.json,qd4_vs_qd8_qd4_arm,4.0,NVIDIA H100 80GB HBM3,CANADA-2,4,64.0,120,1232.2,0,,True,
qd4_vs_qd8_qd4_arm:qc-q4-r04,C:\Users\parla\OneDrive\Documents\AI HUB\ComfyUI June Install\ComfyUI\custom_nodes\comfyui-modal\qd_compare_runs\qc-q4-r04.json,qd4_vs_qd8_qd4_arm,4.0,NVIDIA H100 80GB HBM3,us-east,4,64.0,120,2344.4,0,,True,
qd4_vs_qd8_qd4_arm:qc-q4-r05,C:\Users\parla\OneDrive\Documents\AI HUB\ComfyUI June Install\ComfyUI\custom_nodes\comfyui-modal\qd_compare_runs\qc-q4-r05.json,qd4_vs_qd8_qd4_arm,4.0,NVIDIA H100 80GB HBM3,us-west,4,64.0,120,1482.6,0,,True,
qd4_vs_qd8_qd4_arm:qc-q4-r06,C:\Users\parla\OneDrive\Documents\AI HUB\ComfyUI June Install\ComfyUI\custom_nodes\comfyui-modal\qd_compare_runs\qc-q4-r06.json,qd4_vs_qd8_qd4_arm,4.0,NVIDIA H100 80GB HBM3,us-west,4,64.0,120,1982.3,0,,True,
qd4_vs_qd8_qd4_arm:qc-q4-r07,C:\Users\parla\OneDrive\Documents\AI HUB\ComfyUI June Install\ComfyUI\custom_nodes\comfyui-modal\qd_compare_runs\qc-q4-r07.json,qd4_vs_qd8_qd4_arm,4.0,NVIDIA H100 80GB HBM3,us-west,4,64.0,120,1854.4,0,,True,
qd4_vs_qd8_qd4_arm:qc-q4-r08,C:\Users\parla\OneDrive\Documents\AI HUB\ComfyUI June Install\ComfyUI\custom_nodes\comfyui-modal\qd_compare_runs\qc-q4-r08.json,qd4_vs_qd8_qd4_arm,4.0,NVIDIA H100 80GB HBM3,us-west1,4,64.0,120,2081.0,0,,True,
qd4_vs_qd8_qd4_arm:qc-q4-r09,C:\Users\parla\OneDrive\Documents\AI HUB\ComfyUI June Install\ComfyUI\custom_nodes\comfyui-modal\qd_compare_runs\qc-q4-r09.json,qd4_vs_qd8_qd4_arm,4.0,NVIDIA H100 80GB HBM3,us-west,4,64.0,120,1262.7,0,,True,
qd4_vs_qd8_qd4_arm:qc-q4-r10,C:\Users\parla\OneDrive\Documents\AI HUB\ComfyUI June Install\ComfyUI\custom_nodes\comfyui-modal\qd_compare_runs\qc-q4-r10.json,qd4_vs_qd8_qd4_arm,4.0,NVIDIA H100 80GB HBM3,us-chicago-1,4,64.0,120,1683.8,0,,True,
qd4_vs_qd8_qd4_arm:qc-q4-r11,C:\Users\parla\OneDrive\Documents\AI HUB\ComfyUI June Install\ComfyUI\custom_nodes\comfyui-modal\qd_compare_runs\qc-q4-r11.json,qd4_vs_qd8_qd4_arm,4.0,NVIDIA H100 80GB HBM3,us-west,4,64.0,120,1953.7,0,,True,
qd4_vs_qd8_qd4_arm:qc-q4-r12,C:\Users\parla\OneDrive\Documents\AI HUB\ComfyUI June Install\ComfyUI\custom_nodes\comfyui-modal\qd_compare_runs\qc-q4-r12.json,qd4_vs_qd8_qd4_arm,4.0,NVIDIA H100 80GB HBM3,us-west,4,64.0,120,1437.7,0,,True,
qd4_vs_qd8_qd4_arm:qc-q4-r13,C:\Users\parla\OneDrive\Documents\AI HUB\ComfyUI June Install\ComfyUI\custom_nodes\comfyui-modal\qd_compare_runs\qc-q4-r13.json,qd4_vs_qd8_qd4_arm,4.0,NVIDIA H100 80GB HBM3,us-central,4,64.0,120,1877.8,0,,True,
qd4_vs_qd8_qd4_arm:qc-q4-r14,C:\Users\parla\OneDrive\Documents\AI HUB\ComfyUI June Install\ComfyUI\custom_nodes\comfyui-modal\qd_compare_runs\qc-q4-r14.json,qd4_vs_qd8_qd4_arm,4.0,NVIDIA H100 80GB HBM3,us-west,4,64.0,120,2114.7,0,,True,
qd4_vs_qd8_qd4_arm:qc-q4-r15,C:\Users\parla\OneDrive\Documents\AI HUB\ComfyUI June Install\ComfyUI\custom_nodes\comfyui-modal\qd_compare_runs\qc-q4-r15.json,qd4_vs_qd8_qd4_arm,4.0,NVIDIA H100 80GB HBM3,us-central,4,64.0,120,1627.4,0,,True,
qd4_vs_qd8_qd4_arm:qc-q4-r16,C:\Users\parla\OneDrive\Documents\AI HUB\ComfyUI June Install\ComfyUI\custom_nodes\comfyui-modal\qd_compare_runs\qc-q4-r16.json,qd4_vs_qd8_qd4_arm,4.0,NVIDIA H100 80GB HBM3,denver,4,64.0,120,2089.2,0,,True,
qd4_vs_qd8_qd4_arm:qc-q4-r17,C:\Users\parla\OneDrive\Documents\AI HUB\ComfyUI June Install\ComfyUI\custom_nodes\comfyui-modal\qd_compare_runs\qc-q4-r17.json,qd4_vs_qd8_qd4_arm,4.0,NVIDIA H100 80GB HBM3,us-west,4,64.0,120,1373.3,0,,True,
qd4_vs_qd8_qd4_arm:qc-q4-r18,C:\Users\parla\OneDrive\Documents\AI HUB\ComfyUI June Install\ComfyUI\custom_nodes\comfyui-modal\qd_compare_runs\qc-q4-r18.json,qd4_vs_qd8_qd4_arm,4.0,NVIDIA H100 80GB HBM3,US-1,4,64.0,120,1571.3,0,,True,
qd4_vs_qd8_qd4_arm:qc-q4-r19,C:\Users\parla\OneDrive\Documents\AI HUB\ComfyUI June Install\ComfyUI\custom_nodes\comfyui-modal\qd_compare_runs\qc-q4-r19.json,qd4_vs_qd8_qd4_arm,4.0,NVIDIA H100 80GB HBM3,us-west,4,64.0,120,1475.8,0,,True,
qd4_vs_qd8_qd4_arm:qc-q4-r20,C:\Users\parla\OneDrive\Documents\AI HUB\ComfyUI June Install\ComfyUI\custom_nodes\comfyui-modal\qd_compare_runs\qc-q4-r20.json,qd4_vs_qd8_qd4_arm,4.0,NVIDIA H100 80GB HBM3,us-west,4,64.0,120,1498.6,0,,True,
spacing_confirm_4ms:cf-c4-r01,C:\Users\parla\OneDrive\Documents\AI HUB\ComfyUI June Install\ComfyUI\custom_nodes\comfyui-modal\launch_spacing_confirm_runs\cf-c4-r01.json,spacing_confirm_4ms,4.0,NVIDIA H100 80GB HBM3,chicago,4,64.0,120,1189.0,0,,True,
spacing_confirm_4ms:cf-c4-r02,C:\Users\parla\OneDrive\Documents\AI HUB\ComfyUI June Install\ComfyUI\custom_nodes\comfyui-modal\launch_spacing_confirm_runs\cf-c4-r02.json,spacing_confirm_4ms,4.0,NVIDIA H100 80GB HBM3,us-west4,4,64.0,120,1574.1,0,,True,
spacing_confirm_4ms:cf-c4-r03,C:\Users\parla\OneDrive\Documents\AI HUB\ComfyUI June Install\ComfyUI\custom_nodes\comfyui-modal\launch_spacing_confirm_runs\cf-c4-r03.json,spacing_confirm_4ms,4.0,NVIDIA H100 80GB HBM3,us-central,4,64.0,120,1291.5,0,,True,
spacing_confirm_4ms:cf-c4-r04,C:\Users\parla\OneDrive\Documents\AI HUB\ComfyUI June Install\ComfyUI\custom_nodes\comfyui-modal\launch_spacing_confirm_runs\cf-c4-r04.json,spacing_confirm_4ms,4.0,NVIDIA H100 80GB HBM3,us-west,4,64.0,120,1509.2,0,,True,
spacing_confirm_4ms:cf-c4-r05,C:\Users\parla\OneDrive\Documents\AI HUB\ComfyUI June Install\ComfyUI\custom_nodes\comfyui-modal\launch_spacing_confirm_runs\cf-c4-r05.json,spacing_confirm_4ms,4.0,NVIDIA H100 80GB HBM3,us-central,4,64.0,120,1388.7,0,,True,
spacing_confirm_4ms:cf-c4-r06,C:\Users\parla\OneDrive\Documents\AI HUB\ComfyUI June Install\ComfyUI\custom_nodes\comfyui-modal\launch_spacing_confirm_runs\cf-c4-r06.json,spacing_confirm_4ms,4.0,NVIDIA H100 80GB HBM3,chicago,4,64.0,120,1225.0,0,,True,
spacing_confirm_4ms:cf-c4-r07,C:\Users\parla\OneDrive\Documents\AI HUB\ComfyUI June Install\ComfyUI\custom_nodes\comfyui-modal\launch_spacing_confirm_runs\cf-c4-r07.json,spacing_confirm_4ms,4.0,NVIDIA H100 80GB HBM3,us-east,4,64.0,120,2699.5,0,,True,
spacing_confirm_4ms:cf-c4-r08,C:\Users\parla\OneDrive\Documents\AI HUB\ComfyUI June Install\ComfyUI\custom_nodes\comfyui-modal\launch_spacing_confirm_runs\cf-c4-r08.json,spacing_confirm_4ms,4.0,NVIDIA H100 80GB HBM3,ca,4,64.0,120,1460.6,0,,True,
spacing_confirm_4ms:cf-c4-r09,C:\Users\parla\OneDrive\Documents\AI HUB\ComfyUI June Install\ComfyUI\custom_nodes\comfyui-modal\launch_spacing_confirm_runs\cf-c4-r09.json,spacing_confirm_4ms,4.0,NVIDIA H100 80GB HBM3,us-west,4,64.0,120,1412.1,0,,True,
spacing_confirm_4ms:cf-c4-r10,C:\Users\parla\OneDrive\Documents\AI HUB\ComfyUI June Install\ComfyUI\custom_nodes\comfyui-modal\launch_spacing_confirm_runs\cf-c4-r10.json,spacing_confirm_4ms,4.0,NVIDIA H100 80GB HBM3,us-east,4,64.0,120,2499.4,0,,True,
spacing_confirm_4ms:cf-c4-r11,C:\Users\parla\OneDrive\Documents\AI HUB\ComfyUI June Install\ComfyUI\custom_nodes\comfyui-modal\launch_spacing_confirm_runs\cf-c4-r11.json,spacing_confirm_4ms,4.0,NVIDIA H100 80GB HBM3,us-central,4,64.0,120,2369.7,0,,True,
spacing_confirm_4ms:cf-c4-r12,C:\Users\parla\OneDrive\Documents\AI HUB\ComfyUI June Install\ComfyUI\custom_nodes\comfyui-modal\launch_spacing_confirm_runs\cf-c4-r12.json,spacing_confirm_4ms,4.0,NVIDIA H100 80GB HBM3,us-east,4,64.0,120,1861.7,0,,True,
spacing_confirm_4ms:cf-c4-r13,C:\Users\parla\OneDrive\Documents\AI HUB\ComfyUI June Install\ComfyUI\custom_nodes\comfyui-modal\launch_spacing_confirm_runs\cf-c4-r13.json,spacing_confirm_4ms,4.0,NVIDIA H100 80GB HBM3,us-east4,4,64.0,120,1556.4,0,,True,
spacing_confirm_4ms:cf-c4-r14,C:\Users\parla\OneDrive\Documents\AI HUB\ComfyUI June Install\ComfyUI\custom_nodes\comfyui-modal\launch_spacing_confirm_runs\cf-c4-r14.json,spacing_confirm_4ms,4.0,NVIDIA H100 80GB HBM3,us-central,4,64.0,120,1332.6,0,,True,
spacing_confirm_4ms:cf-c4-r15,C:\Users\parla\OneDrive\Documents\AI HUB\ComfyUI June Install\ComfyUI\custom_nodes\comfyui-modal\launch_spacing_confirm_runs\cf-c4-r15.json,spacing_confirm_4ms,4.0,NVIDIA H100 80GB HBM3,us-west,4,64.0,120,1488.6,0,,True,
hedge_pilot_CONTROL:hx-C-002,C:\Users\parla\OneDrive\Documents\AI HUB\ComfyUI June Install\ComfyUI\custom_nodes\comfyui-modal\hedge_runs\hx-C-002.json,hedge_pilot_CONTROL,,,,,,,,,,False,gpu='NVIDIA H100 80GB HBM3' qd=4 mib=64.0 status=ok
hedge_pilot_CONTROL:hx-C-006,C:\Users\parla\OneDrive\Documents\AI HUB\ComfyUI June Install\ComfyUI\custom_nodes\comfyui-modal\hedge_runs\hx-C-006.json,hedge_pilot_CONTROL,,,,,,,,,,False,gpu='NVIDIA H100 80GB HBM3' qd=4 mib=64.0 status=ok
hedge_pilot_CONTROL:hx-C-012,C:\Users\parla\OneDrive\Documents\AI HUB\ComfyUI June Install\ComfyUI\custom_nodes\comfyui-modal\hedge_runs\hx-C-012.json,hedge_pilot_CONTROL,,,,,,,,,,False,gpu='NVIDIA H100 80GB HBM3' qd=4 mib=64.0 status=ok
hedge_pilot_CONTROL:hx-C-015,C:\Users\parla\OneDrive\Documents\AI HUB\ComfyUI June Install\ComfyUI\custom_nodes\comfyui-modal\hedge_runs\hx-C-015.json,hedge_pilot_CONTROL,,,,,,,,,,False,gpu='NVIDIA H100 80GB HBM3' qd=4 mib=64.0 status=ok
hedge_pilot_CONTROL:hx-C-017,C:\Users\parla\OneDrive\Documents\AI HUB\ComfyUI June Install\ComfyUI\custom_nodes\comfyui-modal\hedge_runs\hx-C-017.json,hedge_pilot_CONTROL,,,,,,,,,,False,gpu='NVIDIA H100 80GB HBM3' qd=4 mib=64.0 status=ok
hedge_pilot_CONTROL:hx-C-021,C:\Users\parla\OneDrive\Documents\AI HUB\ComfyUI June Install\ComfyUI\custom_nodes\comfyui-modal\hedge_runs\hx-C-021.json,hedge_pilot_CONTROL,,,,,,,,,,False,gpu='NVIDIA H100 80GB HBM3' qd=4 mib=64.0 status=ok
hedge_pilot_CONTROL:hx-C-027,C:\Users\parla\OneDrive\Documents\AI HUB\ComfyUI June Install\ComfyUI\custom_nodes\comfyui-modal\hedge_runs\hx-C-027.json,hedge_pilot_CONTROL,,,,,,,,,,False,gpu='NVIDIA H100 80GB HBM3' qd=4 mib=64.0 status=ok
hedge_pilot_CONTROL:hx-C-031,C:\Users\parla\OneDrive\Documents\AI HUB\ComfyUI June Install\ComfyUI\custom_nodes\comfyui-modal\hedge_runs\hx-C-031.json,hedge_pilot_CONTROL,,,,,,,,,,False,gpu='NVIDIA H100 80GB HBM3' qd=4 mib=64.0 status=ok
hedge_pilot_CONTROL:hx-C-034,C:\Users\parla\OneDrive\Documents\AI HUB\ComfyUI June Install\ComfyUI\custom_nodes\comfyui-modal\hedge_runs\hx-C-034.json,hedge_pilot_CONTROL,,,,,,,,,,False,gpu='NVIDIA H100 80GB HBM3' qd=4 mib=64.0 status=ok
hedge_pilot_CONTROL:hx-C-038,C:\Users\parla\OneDrive\Documents\AI HUB\ComfyUI June Install\ComfyUI\custom_nodes\comfyui-modal\hedge_runs\hx-C-038.json,hedge_pilot_CONTROL,,,,,,,,,,False,gpu='NVIDIA H100 80GB HBM3' qd=4 mib=64.0 status=ok
hedge_pilot_CONTROL:hx-C-042,C:\Users\parla\OneDrive\Documents\AI HUB\ComfyUI June Install\ComfyUI\custom_nodes\comfyui-modal\hedge_runs\hx-C-042.json,hedge_pilot_CONTROL,,,,,,,,,,False,gpu='NVIDIA H100 80GB HBM3' qd=4 mib=64.0 status=ok
hedge_pilot_CONTROL:hx-C-048,C:\Users\parla\OneDrive\Documents\AI HUB\ComfyUI June Install\ComfyUI\custom_nodes\comfyui-modal\hedge_runs\hx-C-048.json,hedge_pilot_CONTROL,,,,,,,,,,False,gpu='NVIDIA H100 80GB HBM3' qd=4 mib=64.0 status=ok
hedge_pilot_CONTROL:hx-C-051,C:\Users\parla\OneDrive\Documents\AI HUB\ComfyUI June Install\ComfyUI\custom_nodes\comfyui-modal\hedge_runs\hx-C-051.json,hedge_pilot_CONTROL,,,,,,,,,,False,gpu='NVIDIA H100 80GB HBM3' qd=4 mib=64.0 status=ok
hedge_pilot_CONTROL:hx-C-055,C:\Users\parla\OneDrive\Documents\AI HUB\ComfyUI June Install\ComfyUI\custom_nodes\comfyui-modal\hedge_runs\hx-C-055.json,hedge_pilot_CONTROL,,,,,,,,,,False,gpu='NVIDIA H100 80GB HBM3' qd=4 mib=64.0 status=ok
hedge_pilot_CONTROL:hx-C-060,C:\Users\parla\OneDrive\Documents\AI HUB\ComfyUI June Install\ComfyUI\custom_nodes\comfyui-modal\hedge_runs\hx-C-060.json,hedge_pilot_CONTROL,,,,,,,,,,False,gpu='NVIDIA H100 80GB HBM3' qd=4 mib=64.0 status=ok
spacing_boundary_2p5ms:bd-b25-r01,C:\Users\parla\OneDrive\Documents\AI HUB\ComfyUI June Install\ComfyUI\custom_nodes\comfyui-modal\launch_spacing_boundary_runs\bd-b25-r01.json,spacing_boundary_2p5ms,2.5,NVIDIA H100 80GB HBM3,denver,4,64.0,120,1979.6,0,,True,
spacing_boundary_2p5ms:bd-b25-r02,C:\Users\parla\OneDrive\Documents\AI HUB\ComfyUI June Install\ComfyUI\custom_nodes\comfyui-modal\launch_spacing_boundary_runs\bd-b25-r02.json,spacing_boundary_2p5ms,2.5,NVIDIA H100 80GB HBM3,eu-north,4,64.0,120,7247.2,0,,True,
spacing_boundary_2p5ms:bd-b25-r03,C:\Users\parla\OneDrive\Documents\AI HUB\ComfyUI June Install\ComfyUI\custom_nodes\comfyui-modal\launch_spacing_boundary_runs\bd-b25-r03.json,spacing_boundary_2p5ms,2.5,NVIDIA H100 80GB HBM3,us-east1-a,4,64.0,120,20895.3,0,,True,
spacing_boundary_2p5ms:bd-b25-r04,C:\Users\parla\OneDrive\Documents\AI HUB\ComfyUI June Install\ComfyUI\custom_nodes\comfyui-modal\launch_spacing_boundary_runs\bd-b25-r04.json,spacing_boundary_2p5ms,2.5,NVIDIA H100 80GB HBM3,us-central,4,64.0,120,1413.2,0,,True,
spacing_boundary_2p5ms:bd-b25-r05,C:\Users\parla\OneDrive\Documents\AI HUB\ComfyUI June Install\ComfyUI\custom_nodes\comfyui-modal\launch_spacing_boundary_runs\bd-b25-r05.json,spacing_boundary_2p5ms,2.5,NVIDIA H100 80GB HBM3,us-west,4,64.0,120,1481.7,0,,True,
spacing_boundary_2p5ms:bd-b25-r06,C:\Users\parla\OneDrive\Documents\AI HUB\ComfyUI June Install\ComfyUI\custom_nodes\comfyui-modal\launch_spacing_boundary_runs\bd-b25-r06.json,spacing_boundary_2p5ms,2.5,NVIDIA H100 80GB HBM3,us-west4,4,64.0,120,2396.9,0,,True,
spacing_boundary_2p5ms:bd-b25-r07,C:\Users\parla\OneDrive\Documents\AI HUB\ComfyUI June Install\ComfyUI\custom_nodes\comfyui-modal\launch_spacing_boundary_runs\bd-b25-r07.json,spacing_boundary_2p5ms,2.5,NVIDIA H100 80GB HBM3,us-chicago-1,4,64.0,120,1773.0,0,,True,
spacing_boundary_2p5ms:bd-b25-r08,C:\Users\parla\OneDrive\Documents\AI HUB\ComfyUI June Install\ComfyUI\custom_nodes\comfyui-modal\launch_spacing_boundary_runs\bd-b25-r08.json,spacing_boundary_2p5ms,2.5,NVIDIA H100 80GB HBM3,denver,4,64.0,120,2872.9,0,,True,
spacing_boundary_2p5ms:bd-b25-r09,C:\Users\parla\OneDrive\Documents\AI HUB\ComfyUI June Install\ComfyUI\custom_nodes\comfyui-modal\launch_spacing_boundary_runs\bd-b25-r09.json,spacing_boundary_2p5ms,2.5,NVIDIA H100 80GB HBM3,us-chicago-1,4,64.0,120,1800.5,0,,True,
spacing_boundary_2p5ms:bd-b25-r10,C:\Users\parla\OneDrive\Documents\AI HUB\ComfyUI June Install\ComfyUI\custom_nodes\comfyui-modal\launch_spacing_boundary_runs\bd-b25-r10.json,spacing_boundary_2p5ms,2.5,NVIDIA H100 80GB HBM3,uk,4,64.0,120,1471.2,0,,True,
spacing_boundary_2p5ms:bd-b25-r11,C:\Users\parla\OneDrive\Documents\AI HUB\ComfyUI June Install\ComfyUI\custom_nodes\comfyui-modal\launch_spacing_boundary_runs\bd-b25-r11.json,spacing_boundary_2p5ms,2.5,NVIDIA H100 80GB HBM3,ca,4,64.0,120,3734.8,0,,True,
spacing_boundary_2p5ms:bd-b25-r12,C:\Users\parla\OneDrive\Documents\AI HUB\ComfyUI June Install\ComfyUI\custom_nodes\comfyui-modal\launch_spacing_boundary_runs\bd-b25-r12.json,spacing_boundary_2p5ms,2.5,NVIDIA H100 80GB HBM3,ca,4,64.0,120,1305.9,0,,True,
spacing_boundary_2p5ms:bd-b25-r13,C:\Users\parla\OneDrive\Documents\AI HUB\ComfyUI June Install\ComfyUI\custom_nodes\comfyui-modal\launch_spacing_boundary_runs\bd-b25-r13.json,spacing_boundary_2p5ms,2.5,NVIDIA H100 80GB HBM3,us-west1,4,64.0,120,1526.6,0,,True,
spacing_boundary_2p5ms:bd-b25-r14,C:\Users\parla\OneDrive\Documents\AI HUB\ComfyUI June Install\ComfyUI\custom_nodes\comfyui-modal\launch_spacing_boundary_runs\bd-b25-r14.json,spacing_boundary_2p5ms,2.5,NVIDIA H100 80GB HBM3,us-west,4,64.0,120,1331.2,0,,True,
spacing_boundary_2p5ms:bd-b25-r15,C:\Users\parla\OneDrive\Documents\AI HUB\ComfyUI June Install\ComfyUI\custom_nodes\comfyui-modal\launch_spacing_boundary_runs\bd-b25-r15.json,spacing_boundary_2p5ms,2.5,NVIDIA H100 80GB HBM3,odin,4,64.0,120,1357.3,0,,True,
spacing_boundary_3p0ms:bd-b30-r01,C:\Users\parla\OneDrive\Documents\AI HUB\ComfyUI June Install\ComfyUI\custom_nodes\comfyui-modal\launch_spacing_boundary_runs\bd-b30-r01.json,spacing_boundary_3p0ms,3.0,NVIDIA H100 80GB HBM3,ap-south,4,64.0,120,1603.5,0,,True,
spacing_boundary_3p0ms:bd-b30-r02,C:\Users\parla\OneDrive\Documents\AI HUB\ComfyUI June Install\ComfyUI\custom_nodes\comfyui-modal\launch_spacing_boundary_runs\bd-b30-r02.json,spacing_boundary_3p0ms,3.0,NVIDIA H100 80GB HBM3,denver,4,64.0,120,1703.4,0,,True,
spacing_boundary_3p0ms:bd-b30-r03,C:\Users\parla\OneDrive\Documents\AI HUB\ComfyUI June Install\ComfyUI\custom_nodes\comfyui-modal\launch_spacing_boundary_runs\bd-b30-r03.json,spacing_boundary_3p0ms,3.0,NVIDIA H100 80GB HBM3,us-west,4,64.0,120,1446.1,0,,True,
spacing_boundary_3p0ms:bd-b30-r04,C:\Users\parla\OneDrive\Documents\AI HUB\ComfyUI June Install\ComfyUI\custom_nodes\comfyui-modal\launch_spacing_boundary_runs\bd-b30-r04.json,spacing_boundary_3p0ms,3.0,NVIDIA H100 80GB HBM3,us-west,4,64.0,120,1520.3,0,,True,
spacing_boundary_3p0ms:bd-b30-r05,C:\Users\parla\OneDrive\Documents\AI HUB\ComfyUI June Install\ComfyUI\custom_nodes\comfyui-modal\launch_spacing_boundary_runs\bd-b30-r05.json,spacing_boundary_3p0ms,3.0,NVIDIA H100 80GB HBM3,us-central,4,64.0,120,1725.2,0,,True,
spacing_boundary_3p0ms:bd-b30-r06,C:\Users\parla\OneDrive\Documents\AI HUB\ComfyUI June Install\ComfyUI\custom_nodes\comfyui-modal\launch_spacing_boundary_runs\bd-b30-r06.json,spacing_boundary_3p0ms,3.0,NVIDIA H100 80GB HBM3,us-east,4,64.0,120,1610.4,0,,True,
spacing_boundary_3p0ms:bd-b30-r07,C:\Users\parla\OneDrive\Documents\AI HUB\ComfyUI June Install\ComfyUI\custom_nodes\comfyui-modal\launch_spacing_boundary_runs\bd-b30-r07.json,spacing_boundary_3p0ms,3.0,NVIDIA H100 80GB HBM3,us-west,4,64.0,120,1918.1,0,,True,
spacing_boundary_3p0ms:bd-b30-r08,C:\Users\parla\OneDrive\Documents\AI HUB\ComfyUI June Install\ComfyUI\custom_nodes\comfyui-modal\launch_spacing_boundary_runs\bd-b30-r08.json,spacing_boundary_3p0ms,3.0,NVIDIA H100 80GB HBM3,asia-south2,4,64.0,120,1380.8,0,,True,
spacing_boundary_3p0ms:bd-b30-r09,C:\Users\parla\OneDrive\Documents\AI HUB\ComfyUI June Install\ComfyUI\custom_nodes\comfyui-modal\launch_spacing_boundary_runs\bd-b30-r09.json,spacing_boundary_3p0ms,3.0,NVIDIA H100 80GB HBM3,us-west,4,64.0,120,1425.4,0,,True,
spacing_boundary_3p0ms:bd-b30-r10,C:\Users\parla\OneDrive\Documents\AI HUB\ComfyUI June Install\ComfyUI\custom_nodes\comfyui-modal\launch_spacing_boundary_runs\bd-b30-r10.json,spacing_boundary_3p0ms,3.0,NVIDIA H100 80GB HBM3,us-east,4,64.0,120,2203.0,0,,True,
spacing_boundary_3p0ms:bd-b30-r11,C:\Users\parla\OneDrive\Documents\AI HUB\ComfyUI June Install\ComfyUI\custom_nodes\comfyui-modal\launch_spacing_boundary_runs\bd-b30-r11.json,spacing_boundary_3p0ms,3.0,NVIDIA H100 80GB HBM3,us-chicago-1,4,64.0,120,1629.7,0,,True,
spacing_boundary_3p0ms:bd-b30-r12,C:\Users\parla\OneDrive\Documents\AI HUB\ComfyUI June Install\ComfyUI\custom_nodes\comfyui-modal\launch_spacing_boundary_runs\bd-b30-r12.json,spacing_boundary_3p0ms,3.0,NVIDIA H100 80GB HBM3,us-west,4,64.0,120,1464.2,0,,True,
spacing_boundary_3p0ms:bd-b30-r13,C:\Users\parla\OneDrive\Documents\AI HUB\ComfyUI June Install\ComfyUI\custom_nodes\comfyui-modal\launch_spacing_boundary_runs\bd-b30-r13.json,spacing_boundary_3p0ms,3.0,NVIDIA H100 80GB HBM3,CANADA-2,4,64.0,120,1366.7,0,,True,
spacing_boundary_3p0ms:bd-b30-r14,C:\Users\parla\OneDrive\Documents\AI HUB\ComfyUI June Install\ComfyUI\custom_nodes\comfyui-modal\launch_spacing_boundary_runs\bd-b30-r14.json,spacing_boundary_3p0ms,3.0,NVIDIA H100 80GB HBM3,us-west,4,64.0,120,1411.8,0,,True,
spacing_boundary_3p0ms:bd-b30-r15,C:\Users\parla\OneDrive\Documents\AI HUB\ComfyUI June Install\ComfyUI\custom_nodes\comfyui-modal\launch_spacing_boundary_runs\bd-b30-r15.json,spacing_boundary_3p0ms,3.0,NVIDIA H100 80GB HBM3,us-west,4,64.0,120,1405.5,0,,True,
spacing_boundary_3p5ms:bd-b35-r01,C:\Users\parla\OneDrive\Documents\AI HUB\ComfyUI June Install\ComfyUI\custom_nodes\comfyui-modal\launch_spacing_boundary_runs\bd-b35-r01.json,spacing_boundary_3p5ms,3.5,NVIDIA H100 80GB HBM3,eu-north,4,64.0,120,1949.3,0,,True,
spacing_boundary_3p5ms:bd-b35-r02,C:\Users\parla\OneDrive\Documents\AI HUB\ComfyUI June Install\ComfyUI\custom_nodes\comfyui-modal\launch_spacing_boundary_runs\bd-b35-r02.json,spacing_boundary_3p5ms,3.5,NVIDIA H100 80GB HBM3,us-east,4,64.0,120,1596.8,0,,True,
spacing_boundary_3p5ms:bd-b35-r03,C:\Users\parla\OneDrive\Documents\AI HUB\ComfyUI June Install\ComfyUI\custom_nodes\comfyui-modal\launch_spacing_boundary_runs\bd-b35-r03.json,spacing_boundary_3p5ms,3.5,NVIDIA H100 80GB HBM3,us-west4,4,64.0,120,1571.3,0,,True,
spacing_boundary_3p5ms:bd-b35-r04,C:\Users\parla\OneDrive\Documents\AI HUB\ComfyUI June Install\ComfyUI\custom_nodes\comfyui-modal\launch_spacing_boundary_runs\bd-b35-r04.json,spacing_boundary_3p5ms,3.5,NVIDIA H100 80GB HBM3,us-west,4,64.0,120,1405.7,0,,True,
spacing_boundary_3p5ms:bd-b35-r05,C:\Users\parla\OneDrive\Documents\AI HUB\ComfyUI June Install\ComfyUI\custom_nodes\comfyui-modal\launch_spacing_boundary_runs\bd-b35-r05.json,spacing_boundary_3p5ms,3.5,NVIDIA H100 80GB HBM3,us-west,4,64.0,120,1556.4,0,,True,
spacing_boundary_3p5ms:bd-b35-r06,C:\Users\parla\OneDrive\Documents\AI HUB\ComfyUI June Install\ComfyUI\custom_nodes\comfyui-modal\launch_spacing_boundary_runs\bd-b35-r06.json,spacing_boundary_3p5ms,3.5,NVIDIA H100 80GB HBM3,us-east,4,64.0,120,2018.6,0,,True,
spacing_boundary_3p5ms:bd-b35-r07,C:\Users\parla\OneDrive\Documents\AI HUB\ComfyUI June Install\ComfyUI\custom_nodes\comfyui-modal\launch_spacing_boundary_runs\bd-b35-r07.json,spacing_boundary_3p5ms,3.5,NVIDIA H100 80GB HBM3,eu-north,4,64.0,120,6491.9,0,,True,
spacing_boundary_3p5ms:bd-b35-r08,C:\Users\parla\OneDrive\Documents\AI HUB\ComfyUI June Install\ComfyUI\custom_nodes\comfyui-modal\launch_spacing_boundary_runs\bd-b35-r08.json,spacing_boundary_3p5ms,3.5,NVIDIA H100 80GB HBM3,us-chicago-1,4,64.0,120,1926.3,0,,True,
spacing_boundary_3p5ms:bd-b35-r09,C:\Users\parla\OneDrive\Documents\AI HUB\ComfyUI June Install\ComfyUI\custom_nodes\comfyui-modal\launch_spacing_boundary_runs\bd-b35-r09.json,spacing_boundary_3p5ms,3.5,NVIDIA H100 80GB HBM3,us-west,4,64.0,120,1321.4,0,,True,
spacing_boundary_3p5ms:bd-b35-r10,C:\Users\parla\OneDrive\Documents\AI HUB\ComfyUI June Install\ComfyUI\custom_nodes\comfyui-modal\launch_spacing_boundary_runs\bd-b35-r10.json,spacing_boundary_3p5ms,3.5,NVIDIA H100 80GB HBM3,us-west,4,64.0,120,1480.0,0,,True,
spacing_boundary_3p5ms:bd-b35-r11,C:\Users\parla\OneDrive\Documents\AI HUB\ComfyUI June Install\ComfyUI\custom_nodes\comfyui-modal\launch_spacing_boundary_runs\bd-b35-r11.json,spacing_boundary_3p5ms,3.5,NVIDIA H100 80GB HBM3,us-west,4,64.0,120,1431.6,0,,True,
spacing_boundary_3p5ms:bd-b35-r12,C:\Users\parla\OneDrive\Documents\AI HUB\ComfyUI June Install\ComfyUI\custom_nodes\comfyui-modal\launch_spacing_boundary_runs\bd-b35-r12.json,spacing_boundary_3p5ms,3.5,NVIDIA H100 80GB HBM3,us-west,4,64.0,120,1556.5,0,,True,
spacing_boundary_3p5ms:bd-b35-r13,C:\Users\parla\OneDrive\Documents\AI HUB\ComfyUI June Install\ComfyUI\custom_nodes\comfyui-modal\launch_spacing_boundary_runs\bd-b35-r13.json,spacing_boundary_3p5ms,3.5,NVIDIA H100 80GB HBM3,us-west,4,64.0,120,1429.7,0,,True,
spacing_boundary_3p5ms:bd-b35-r14,C:\Users\parla\OneDrive\Documents\AI HUB\ComfyUI June Install\ComfyUI\custom_nodes\comfyui-modal\launch_spacing_boundary_runs\bd-b35-r14.json,spacing_boundary_3p5ms,3.5,NVIDIA H100 80GB HBM3,us-west4,4,64.0,120,2133.8,0,,True,
spacing_boundary_3p5ms:bd-b35-r15,C:\Users\parla\OneDrive\Documents\AI HUB\ComfyUI June Install\ComfyUI\custom_nodes\comfyui-modal\launch_spacing_boundary_runs\bd-b35-r15.json,spacing_boundary_3p5ms,3.5,NVIDIA H100 80GB HBM3,us-west,4,64.0,120,1441.7,0,,True,
spacing_screen_0ms:ls-g0-r1,C:\Users\parla\OneDrive\Documents\AI HUB\ComfyUI June Install\ComfyUI\custom_nodes\comfyui-modal\launch_spacing_runs\ls-g0-r1.json,spacing_screen_0ms,0.0,NVIDIA H100 80GB HBM3,us-west,4,64.0,120,2909.2,0,,True,
spacing_screen_0ms:ls-g0-r2,C:\Users\parla\OneDrive\Documents\AI HUB\ComfyUI June Install\ComfyUI\custom_nodes\comfyui-modal\launch_spacing_runs\ls-g0-r2.json,spacing_screen_0ms,0.0,NVIDIA H100 80GB HBM3,chicago,4,64.0,120,1346.2,0,,True,
spacing_screen_0ms:ls-g0-r3,C:\Users\parla\OneDrive\Documents\AI HUB\ComfyUI June Install\ComfyUI\custom_nodes\comfyui-modal\launch_spacing_runs\ls-g0-r3.json,spacing_screen_0ms,0.0,NVIDIA H100 80GB HBM3,odin,4,64.0,120,1479.7,0,,True,
spacing_screen_1ms:ls-g1-r1,C:\Users\parla\OneDrive\Documents\AI HUB\ComfyUI June Install\ComfyUI\custom_nodes\comfyui-modal\launch_spacing_runs\ls-g1-r1.json,spacing_screen_1ms,1.0,NVIDIA H100 80GB HBM3,us-west,4,64.0,120,1732.7,0,,True,
spacing_screen_1ms:ls-g1-r2,C:\Users\parla\OneDrive\Documents\AI HUB\ComfyUI June Install\ComfyUI\custom_nodes\comfyui-modal\launch_spacing_runs\ls-g1-r2.json,spacing_screen_1ms,1.0,NVIDIA H100 80GB HBM3,chicago,4,64.0,120,1793.3,0,,True,
spacing_screen_1ms:ls-g1-r3,C:\Users\parla\OneDrive\Documents\AI HUB\ComfyUI June Install\ComfyUI\custom_nodes\comfyui-modal\launch_spacing_runs\ls-g1-r3.json,spacing_screen_1ms,1.0,NVIDIA H100 80GB HBM3,denver,4,64.0,120,2095.3,0,,True,
spacing_screen_2ms:ls-g2-r1,C:\Users\parla\OneDrive\Documents\AI HUB\ComfyUI June Install\ComfyUI\custom_nodes\comfyui-modal\launch_spacing_runs\ls-g2-r1.json,spacing_screen_2ms,2.0,NVIDIA H100 80GB HBM3,us-central,4,64.0,120,1723.5,0,,True,
spacing_screen_2ms:ls-g2-r2,C:\Users\parla\OneDrive\Documents\AI HUB\ComfyUI June Install\ComfyUI\custom_nodes\comfyui-modal\launch_spacing_runs\ls-g2-r2.json,spacing_screen_2ms,2.0,NVIDIA H100 80GB HBM3,us-west4,4,64.0,120,1616.7,0,,True,
spacing_screen_2ms:ls-g2-r3,C:\Users\parla\OneDrive\Documents\AI HUB\ComfyUI June Install\ComfyUI\custom_nodes\comfyui-modal\launch_spacing_runs\ls-g2-r3.json,spacing_screen_2ms,2.0,NVIDIA H100 80GB HBM3,us-central,4,64.0,120,1631.8,0,,True,
spacing_screen_4ms:ls-g4-r1,C:\Users\parla\OneDrive\Documents\AI HUB\ComfyUI June Install\ComfyUI\custom_nodes\comfyui-modal\launch_spacing_runs\ls-g4-r1.json,spacing_screen_4ms,4.0,NVIDIA H100 80GB HBM3,us-central,4,64.0,120,1223.6,0,,True,
spacing_screen_4ms:ls-g4-r2,C:\Users\parla\OneDrive\Documents\AI HUB\ComfyUI June Install\ComfyUI\custom_nodes\comfyui-modal\launch_spacing_runs\ls-g4-r2.json,spacing_screen_4ms,4.0,NVIDIA H100 80GB HBM3,chicago,4,64.0,120,1297.8,0,,True,
spacing_screen_4ms:ls-g4-r3,C:\Users\parla\OneDrive\Documents\AI HUB\ComfyUI June Install\ComfyUI\custom_nodes\comfyui-modal\launch_spacing_runs\ls-g4-r3.json,spacing_screen_4ms,4.0,NVIDIA H100 80GB HBM3,us-central,4,64.0,120,1375.6,0,,True,
spacing_screen_8ms:ls-g8-r1,C:\Users\parla\OneDrive\Documents\AI HUB\ComfyUI June Install\ComfyUI\custom_nodes\comfyui-modal\launch_spacing_runs\ls-g8-r1.json,spacing_screen_8ms,8.0,NVIDIA H100 80GB HBM3,chicago,4,64.0,120,1380.3,0,,True,
spacing_screen_8ms:ls-g8-r2,C:\Users\parla\OneDrive\Documents\AI HUB\ComfyUI June Install\ComfyUI\custom_nodes\comfyui-modal\launch_spacing_runs\ls-g8-r2.json,spacing_screen_8ms,8.0,NVIDIA H100 80GB HBM3,us-west,4,64.0,120,2057.8,0,,True,
spacing_screen_8ms:ls-g8-r3,C:\Users\parla\OneDrive\Documents\AI HUB\ComfyUI June Install\ComfyUI\custom_nodes\comfyui-modal\launch_spacing_runs\ls-g8-r3.json,spacing_screen_8ms,8.0,NVIDIA H100 80GB HBM3,us-central,4,64.0,120,1684.4,0,,True,
spacing_screen_16ms:ls-g16-r1,C:\Users\parla\OneDrive\Documents\AI HUB\ComfyUI June Install\ComfyUI\custom_nodes\comfyui-modal\launch_spacing_runs\ls-g16-r1.json,spacing_screen_16ms,16.0,NVIDIA H100 80GB HBM3,us-east,4,64.0,120,2449.1,0,,True,
spacing_screen_16ms:ls-g16-r2,C:\Users\parla\OneDrive\Documents\AI HUB\ComfyUI June Install\ComfyUI\custom_nodes\comfyui-modal\launch_spacing_runs\ls-g16-r2.json,spacing_screen_16ms,16.0,NVIDIA H100 80GB HBM3,chicago,4,64.0,120,2043.1,0,,True,
spacing_screen_16ms:ls-g16-r3,C:\Users\parla\OneDrive\Documents\AI HUB\ComfyUI June Install\ComfyUI\custom_nodes\comfyui-modal\launch_spacing_runs\ls-g16-r3.json,spacing_screen_16ms,16.0,NVIDIA H100 80GB HBM3,us-central,4,64.0,120,2039.8,0,,True,
spacing_screen_32ms:ls-g32-r1,C:\Users\parla\OneDrive\Documents\AI HUB\ComfyUI June Install\ComfyUI\custom_nodes\comfyui-modal\launch_spacing_runs\ls-g32-r1.json,spacing_screen_32ms,32.0,NVIDIA H100 80GB HBM3,chicago,4,64.0,120,3914.4,0,,True,
spacing_screen_32ms:ls-g32-r2,C:\Users\parla\OneDrive\Documents\AI HUB\ComfyUI June Install\ComfyUI\custom_nodes\comfyui-modal\launch_spacing_runs\ls-g32-r2.json,spacing_screen_32ms,32.0,NVIDIA H100 80GB HBM3,us-west4,4,64.0,120,3894.0,0,,True,
spacing_screen_32ms:ls-g32-r3,C:\Users\parla\OneDrive\Documents\AI HUB\ComfyUI June Install\ComfyUI\custom_nodes\comfyui-modal\launch_spacing_runs\ls-g32-r3.json,spacing_screen_32ms,32.0,NVIDIA H100 80GB HBM3,us-west,4,64.0,120,4493.4,0,,True,
spacing_screen_64ms:ls-g64-r1,C:\Users\parla\OneDrive\Documents\AI HUB\ComfyUI June Install\ComfyUI\custom_nodes\comfyui-modal\launch_spacing_runs\ls-g64-r1.json,spacing_screen_64ms,64.0,NVIDIA H100 80GB HBM3,chicago,4,64.0,120,7709.0,0,,True,
spacing_screen_64ms:ls-g64-r2,C:\Users\parla\OneDrive\Documents\AI HUB\ComfyUI June Install\ComfyUI\custom_nodes\comfyui-modal\launch_spacing_runs\ls-g64-r2.json,spacing_screen_64ms,64.0,NVIDIA H100 80GB HBM3,chicago,4,64.0,120,7697.5,0,,True,
spacing_screen_64ms:ls-g64-r3,C:\Users\parla\OneDrive\Documents\AI HUB\ComfyUI June Install\ComfyUI\custom_nodes\comfyui-modal\launch_spacing_runs\ls-g64-r3.json,spacing_screen_64ms,64.0,NVIDIA H100 80GB HBM3,us-west,4,64.0,120,8404.6,0,,True,
