arm,round,region,gpu,wall_ms,gbps,preadv_median,preadv_mean,preadv_p95,preadv_p99,preadv_worst,preadv_best,ge_250,ge_500,ge_1000,eff_concurrency,overlap,max_in_flight,min_claim_gap_ms,median_claim_gap_ms,lock_hold_median_us,completion_spread_ms,spawn_to_ready_ms,start_method,n_pids,n_tids
threads,1,us-central,NVIDIA H100 80GB HBM3,1752.28983,4.59112522955178,49.9706635,52.4728109,72.8347431,119.94612671,133.970413,23.891326,0,0,0,3.593433688991963,0.975,4,4.041124,7.758655,10.349499999999999,187.255388,76.188713,fork,1,4
threads,2,odin,NVIDIA H100 80GB HBM3,1329.319595,6.0519547581031485,38.5607775,39.48317074166666,45.627207049999996,81.96165610000001,108.713211,21.581235,0,0,0,3.5642147357347875,0.975,4,4.071935,9.095692,9.073,123.852913,49.647629,fork,1,4
threads,3,eu-north,NVIDIA H100 80GB HBM3,1248.834078,6.441994328729393,37.423929,37.83695520833333,43.03007865,71.76920579000006,86.310281,20.637859,0,0,0,3.6357388903668273,0.9833333333333333,4,4.046261,6.342996,7.965,65.153153,49.182196,fork,1,4
threads,4,ap-northeast,NVIDIA H100 80GB HBM3,4997.805558,1.6097028895256593,48.2004605,86.60688118333334,163.0809296,217.51219332000008,2869.053143,25.326149,1,1,1,2.079477807087588,0.9833333333333333,4,4.009535,9.274707,6.49,316.912597,81.621331,fork,1,4
threads,5,odin,NVIDIA H100 80GB HBM3,1292.218977,6.225711114904946,37.427848,39.251429574999996,51.54618184999998,92.47469503000002,109.871405,19.874691,0,0,0,3.6450258298597946,0.975,4,4.116449,8.022268,9.112,103.239577,52.690981,fork,1,4
threads,6,odin,NVIDIA H100 80GB HBM3,1357.986071,5.924200711481377,38.2605075,40.591091975000005,55.689961399999994,95.04493158000002,117.384248,22.350573,0,0,0,3.586878496782461,0.975,4,4.095894,6.672444,9.8445,111.272818,49.883668,fork,1,4
threads,7,denver,NVIDIA H100 80GB HBM3,1660.389489,4.845237880206793,48.037114,50.83002148333333,70.43738665,109.95319403000009,131.809602,22.907464,0,0,0,3.673597441088113,0.9833333333333333,4,4.081474,9.677838,3.5955,131.009082,52.703335,fork,1,4
threads,8,eu-north,NVIDIA H100 80GB HBM3,5957.433453,1.350410728289171,35.827835,87.93255884166666,90.89179374999983,781.2754373700001,3787.413254,21.254442,4,4,1,1.7712169416993402,0.925,4,4.136527,7.353385,7.189,361.266783,54.141079,fork,1,4
threads,9,us-east,NVIDIA H100 80GB HBM3,1781.818691,4.515039655064433,46.554801499999996,51.75556294166667,105.06800529999998,137.34916278,144.007577,22.209346,0,0,0,3.485577732667302,0.9583333333333334,4,4.012449,9.746722,12.413,288.412002,73.493975,fork,1,4
threads,10,us-chicago-1,NVIDIA H100 80GB HBM3,1931.517931,4.165108653086586,46.86265,55.678427074999995,115.52725979999994,264.13971711000005,269.720519,27.918462,3,0,0,3.4591505166824152,0.9666666666666667,4,4.013913,9.917365,5.176,162.223257,67.956074,fork,1,4
processes,1,odin,NVIDIA H100 80GB HBM3,1122.839317,7.164856027213732,35.3340975,35.926898683333334,41.79276295,54.66535954,55.069182,20.335199,0,0,0,3.8395768448140295,0.9916666666666667,4,4.029767,6.088076,8.632000000000001,28.910488,76.065496,fork,4,4
processes,2,eu-north,NVIDIA H100 80GB HBM3,2867.625986,2.8054502530233383,83.354755,94.1988893,130.72089384999998,176.13663422000002,199.299348,57.319194,0,0,0,3.9418901806534263,0.9916666666666667,4,4.059765,18.813013,15.4315,49.12784,111.731853,fork,4,4
processes,3,odin,NVIDIA H100 80GB HBM3,1166.661317,6.895730518165453,36.7875095,37.104577025000005,42.6536268,54.06566123000001,56.326891,20.632007,0,0,0,3.816488279948687,0.9916666666666667,4,4.025642,6.600413,9.486,42.330248,78.239141,fork,4,4
processes,4,us-east,NVIDIA H100 80GB HBM3,1344.185479,5.985023773642476,41.826316500000004,42.823547858333335,52.482048049999996,64.55538749000002,67.460224,25.718062,0,0,0,3.8230034643901996,0.9833333333333333,4,4.046715,8.371843,12.953,44.016516,101.64633,fork,4,4
processes,5,us-ashburn-1,NVIDIA H100 80GB HBM3,1630.780758,4.933208837873718,51.6586725,52.653002541666666,64.1905718,65.71318652,67.592152,30.804855,0,0,0,3.874438837964263,0.9916666666666667,4,4.041336,10.677061,9.391,73.52111,94.203063,fork,4,4
processes,6,us-central,NVIDIA H100 80GB HBM3,1382.345077,5.819807356249586,43.46033,43.61357403333333,49.26675945,61.11107870000001,61.946906,25.222625,0,0,0,3.786050944210076,0.9833333333333333,4,4.039156,5.073397,10.194500000000001,39.079047,111.075108,fork,4,4
processes,7,odin,NVIDIA H100 80GB HBM3,1125.393192,7.148596690640013,36.307052999999996,36.321661025000004,40.6531307,51.54470684,52.334126,19.772526,0,0,0,3.872956895406561,0.9916666666666667,4,4.041934,6.060311,10.5235,21.214766,80.274683,fork,4,4
processes,8,odin,NVIDIA H100 80GB HBM3,1146.589154,7.016447015859353,35.594012,36.091948333333335,44.227792199999996,51.005410760000004,52.471907,19.193625,0,0,0,3.7773197006885346,0.9916666666666667,4,4.065961,5.887658,9.754999999999999,42.594794,85.483827,fork,4,4
processes,9,us-chicago-1,NVIDIA H100 80GB HBM3,1728.065966,4.655483185414462,55.14384200000001,56.66395349166667,69.79720555,81.78007116,85.131047,31.484204,0,0,0,3.9348465583981067,0.9916666666666667,4,4.011064,8.552657,10.547,11.07086,102.752092,fork,4,4
processes,10,odin,NVIDIA H100 80GB HBM3,1169.886361,6.876720950164149,37.232179,37.530173366666666,43.34277215,55.573273580000006,58.109968,18.331342,0,0,0,3.8496224540564588,0.9916666666666667,4,4.003912,8.834738,9.168,49.639748,87.594664,fork,4,4
