arm,round,region,provider,pin_cloud,pin_region,gpu,wall_ms,gbps,preadv_median,preadv_mean,preadv_p95,preadv_p99,preadv_worst,preadv_best,ge_250,ge_500,ge_1000,eff_concurrency,overlap,max_in_flight,min_claim_gap_ms,median_claim_gap_ms,lock_hold_median_us,completion_spread_ms,spawn_to_ready_ms,start_method,n_pids,n_tids
threads,1,uk,CLOUD_PROVIDER_AWS,aws,,NVIDIA H100 80GB HBM3,1698.478801,4.736580782323228,52.247142499999995,52.880782833333335,66.04875595,84.96488133000001,116.973127,16.594485,0,0,0,3.7361042930084825,0.9833333333333333,4,4.000794,9.78931,9.56,88.241893,53.327423,fork,1,4
threads,2,us-west,CLOUD_PROVIDER_GCP,gcp,,NVIDIA H100 80GB HBM3,1526.111805,5.2715548242548325,44.1558755,46.84562845,61.5141001,107.82726556000004,145.488024,28.285003,0,0,0,3.6835279011553155,0.9833333333333333,4,4.046978,8.040615,10.059999999999999,98.055236,63.582164,fork,1,4
threads,3,uk,CLOUD_PROVIDER_AWS,aws,,NVIDIA H100 80GB HBM3,2307.538259,3.486391619563609,72.56548649999999,71.71658294166667,94.1996822,102.40828663,120.593598,17.777227,0,0,0,3.7295112743783982,0.9666666666666667,4,4.079924,15.381293,11.43,132.650649,50.687188,fork,1,4
threads,4,us-west,CLOUD_PROVIDER_GCP,gcp,,NVIDIA H100 80GB HBM3,1501.208418,5.359004087332529,43.280106,44.883111183333334,51.772378899999985,109.30762351,111.599023,22.760882,0,0,0,3.587758553323007,0.9833333333333333,4,4.018755,10.098787,10.716000000000001,138.83862,71.883004,fork,1,4
threads,5,us-west4,CLOUD_PROVIDER_GCP,gcp,,NVIDIA H100 80GB HBM3,1879.364721,4.280692277611398,41.2127385,56.30989064999999,64.58167194999997,468.9737063600001,484.242288,19.641212,4,0,0,3.5954632980470853,0.9583333333333334,4,4.167053,7.232741,5.369,166.867493,68.399509,fork,1,4
threads,6,us-west,CLOUD_PROVIDER_GCP,gcp,,NVIDIA H100 80GB HBM3,1516.786864,5.303963423565092,40.99094,44.70437505833333,58.84167094999999,103.56512943000004,148.957337,21.022485,0,0,0,3.5367691627107867,0.975,4,4.047117,5.378875,8.1915,110.938155,60.564411,fork,1,4
threads,7,uk,CLOUD_PROVIDER_AWS,aws,,NVIDIA H100 80GB HBM3,2671.91013,3.01094784501603,84.51159200000001,83.87556296666666,110.58756475,124.64892071000003,179.507241,16.870578,0,0,0,3.766993299284359,0.9833333333333333,4,4.054865,14.323416,13.0505,93.711188,51.192868,fork,1,4
threads,8,us-west4,CLOUD_PROVIDER_GCP,gcp,,NVIDIA H100 80GB HBM3,1481.513463,5.430245656836127,42.017167,43.91489605,54.25391969999999,102.97933675000002,122.283337,22.635089,0,0,0,3.557029792580427,0.975,4,4.038615,6.97197,10.288,110.651409,60.60253,fork,1,4
threads,9,us-east,CLOUD_PROVIDER_AWS,aws,,NVIDIA H100 80GB HBM3,2432.829802,3.306841292961109,76.1118075,75.44880491666666,93.29677945,118.93246935000005,194.674112,22.909693,0,0,0,3.721533081581348,0.9916666666666667,4,4.073045,13.475989,6.365,126.78123,45.937866,fork,1,4
threads,10,us-east,CLOUD_PROVIDER_AWS,aws,,NVIDIA H100 80GB HBM3,1730.200186,4.649740598282423,53.1916045,53.190754741666666,67.11866615,95.57860316000004,125.99086,15.418184,0,0,0,3.68910523802244,0.975,4,4.004342,8.626706,7.89,132.156082,45.214673,fork,1,4
processes,1,uk,CLOUD_PROVIDER_AWS,aws,,NVIDIA H100 80GB HBM3,1961.017709,4.102452523033284,62.703368,63.196004208333335,88.37997069999999,101.53058579000002,126.968021,24.280526,0,0,0,3.8671351463047903,0.9916666666666667,4,4.034474,11.597052,8.9755,71.207907,133.094603,fork,4,4
processes,2,us-west,CLOUD_PROVIDER_GCP,gcp,,NVIDIA H100 80GB HBM3,1443.948257,5.57151685249065,44.3900965,45.93882573333334,59.59404034999999,75.34530355000003,81.869053,24.967462,0,0,0,3.8177677498314955,0.9916666666666667,4,4.000615,6.94424,10.498999999999999,77.014038,95.16314,fork,4,4
processes,3,uk,CLOUD_PROVIDER_AWS,aws,,NVIDIA H100 80GB HBM3,2180.830597,3.68895321767168,71.4623245,70.57645560833333,93.255026,99.17705823,104.717111,24.029162,0,0,0,3.8834628809089478,0.9916666666666667,4,4.031363,12.307455,8.844999999999999,59.171688,130.534945,fork,4,4
processes,4,asia-northeast1,CLOUD_PROVIDER_GCP,gcp,,NVIDIA H100 80GB HBM3,4977.858968,1.6161530689633634,42.8767215,162.3470254833333,57.2104636,3626.25721311,3701.281377,25.769713,4,4,4,3.9136591018823736,0.9833333333333333,4,4.026165,6.890448,9.797,185.177282,112.231112,fork,4,4
processes,5,asia-northeast1,CLOUD_PROVIDER_GCP,gcp,,NVIDIA H100 80GB HBM3,1479.893844,5.4361886027279125,46.2227795,47.69610264166667,60.567421849999995,66.66303932000001,68.802017,24.516621,0,0,0,3.8675289718956356,0.9916666666666667,4,4.048345,8.705934,10.440999999999999,34.357222,103.890125,fork,4,4
processes,6,asia-northeast1,CLOUD_PROVIDER_GCP,gcp,,NVIDIA H100 80GB HBM3,1337.539383,6.01476274287768,39.193203999999994,40.468017333333336,50.55605645,66.53750511,76.016172,22.953618,0,0,0,3.630668481034177,0.975,4,4.003639,4.593978,7.9395,103.059537,101.303588,fork,4,4
processes,7,us-east,CLOUD_PROVIDER_AWS,aws,,NVIDIA H100 80GB HBM3,1659.730674,4.847161153328181,49.733845,53.90031950833334,80.4299506,88.98626281000001,90.727991,18.423363,0,0,0,3.897040912916212,0.9916666666666667,4,4.027732,6.435711,8.26,30.252722,140.46186,fork,4,4
processes,8,ap-northeast,CLOUD_PROVIDER_GCP,gcp,,NVIDIA H100 80GB HBM3,2758.102908,2.9168534736920706,92.415957,88.11838390833333,117.08568664999999,134.40464471,140.918699,30.175695,0,0,0,3.8338693013698095,0.975,4,4.013446,13.058186,12.836500000000001,129.065374,104.581779,fork,4,4
processes,9,us-east,CLOUD_PROVIDER_AWS,aws,,NVIDIA H100 80GB HBM3,2111.241285,3.8105460068246053,67.890348,68.94904464166666,93.12323975,96.87986054,105.635041,20.190037,0,0,0,3.9189672046414157,0.9916666666666667,4,4.088043,11.851089,8.545,21.732189,144.847802,fork,4,4
processes,10,us-east,CLOUD_PROVIDER_AWS,aws,,NVIDIA H100 80GB HBM3,2147.464901,3.7462694008427015,70.50201799999999,70.50487268333333,91.67369774999999,105.82010835,108.329115,21.944869,0,0,0,3.9398011665104278,0.9916666666666667,4,4.079361,13.579231,11.150500000000001,13.460449,136.662905,fork,4,4
