file,provider,region,gbps,wall_ms,finish_spread_ms,slowest_minus_second_slowest_ms,total_stranded_worker_ms,stranded_capacity_fraction,first_finish_unstarted_bytes,second_finish_unstarted_bytes,tail_unstarted_reads,tail_unstarted_bytes,remaining_inflight_ms,tail_shape,worst_preadv_ms,p0_finish_ms,p0_span_ms,p1_finish_ms,p1_span_ms,p2_finish_ms,p2_span_ms,p3_finish_ms,p3_span_ms
hn-001.json,oci,us-ashburn-1,5.644167969039993,1425.361912,46.1128,6.743346,72.021393,0.0126321238826536,134217728,0,0,0,6.743346,A_stuck_on_one_inflight,60.223516,1418.618566,1415.319836,1425.361912,1413.413712,1406.196665,1398.600471,1379.249112,1379.249112
hn-002.json,oci,us-ashburn-1,5.444105352204218,1477.741801,83.199388,11.795633,110.205686,0.018644272958480115,260353824,0,0,0,11.795633,A_stuck_on_one_inflight,68.181166,1394.542413,1394.542413,1465.946168,1462.197859,1477.741801,1469.530704,1462.531136,1449.967518
hn-003.json,oci,us-ashburn-1,6.783847276009277,1185.902589,19.258992,5.247631,34.995288,0.0073773529808863585,0,0,0,0,5.247631,A_stuck_on_one_inflight,52.754169,1175.413924,1172.026452,1180.654958,1172.995574,1185.902589,1173.941424,1166.643597,1166.643597
hn-004.json,oci,us-ashburn-1,5.290936149006464,1520.521477,20.441426,4.923268,32.734995999999995,0.005382198886231187,0,0,0,0,4.923268,A_stuck_on_one_inflight,64.135428,1513.151175,1505.663029,1515.598209,1503.804574,1500.080051,1500.080051,1520.521477,1517.192668
hn-005.json,oci,us-ashburn-1,6.889375400433529,1167.737506,10.913336,1.141291,17.815887999999998,0.0038141893851271055,0,0,0,0,1.141291,A_stuck_on_one_inflight,52.634235,1156.82417,1156.82417,1161.976245,1158.240138,1166.596215,1158.540614,1167.737506,1155.36104
hn-006.json,gcp,us-west,6.03619014467858,1332.791356,48.211517,10.611754,81.116314,0.015215493714531564,134217728,0,0,0,10.611754,A_stuck_on_one_inflight,61.759239,1332.791356,1320.860958,1322.179602,1318.385901,1310.498313,1302.922925,1284.579839,1284.579839
hn-007.json,gcp,us-west,4.539252973273755,1772.3141,402.518272,96.419612,871.147779,0.12288281447966813,1266986784,1132769056,3,193244960,,C_only_unstarted,480.950474,1369.795828,1369.795828,1400.104205,1387.29666,1675.894488,1672.184218,1772.3141,1763.812701
hn-008.json,gcp,us-west,6.414521576696366,1254.182709,39.157777,15.086603,70.896838,0.01413207929977928,67108864,0,0,0,15.086603,A_stuck_on_one_inflight,54.713876,1239.096106,1239.096106,1254.182709,1242.524634,1237.530251,1234.625613,1215.024932,1207.779079
hn-009.json,gcp,us-west,5.967181083525281,1348.204778,40.459062,3.893711,63.459806,0.011767464230126026,134217728,0,0,0,3.893711,A_stuck_on_one_inflight,68.614854,1329.097745,1329.097745,1344.311067,1340.310581,1348.204778,1341.266698,1307.745716,1296.578243
hn-010.json,gcp,us-west,5.712422282374679,1408.331116,65.55547,1.000988,80.10102900000001,0.01421913996111693,260353824,0,0,0,1.000988,A_stuck_on_one_inflight,60.08752,1342.775646,1342.775646,1394.786545,1390.707015,1407.330128,1400.457562,1408.331116,1397.01876
hn-011.json,gcp,us-west,6.821754403718339,1179.312765,26.096336,1.845461,44.471126,0.009427339235151924,59027232,0,0,0,1.845461,A_stuck_on_one_inflight,53.396832,1153.216429,1153.216429,1177.467304,1169.491747,1162.783436,1159.180225,1179.312765,1166.938416
hn-012.json,unspecified,denver,4.495363078515188,1789.617859,24.139133,9.847098,45.137876000000006,0.006305518769412326,0,0,0,0,9.847098,A_stuck_on_one_inflight,102.287225,1765.478726,1765.478726,1789.617859,1777.439224,1779.770761,1771.810692,1778.466214,1775.454951
hn-013.json,gcp,us-west,5.9202615609626354,1358.889631,31.828643,21.973661,77.861376,0.014324448105233943,59027232,59027232,0,0,21.973661,A_stuck_on_one_inflight,68.161851,1334.830559,1334.830559,1336.91597,1329.465766,1327.060988,1324.009229,1358.889631,1347.060424
hn-014.json,unspecified,denver,3.233688205272288,2487.865724,253.617965,31.252571,520.75196,0.05232918671779572,193244960,193244960,0,0,31.252571,A_stuck_on_one_inflight,158.68239,2234.247759,2234.247759,2456.613153,2445.326416,2251.9843,2249.444475,2487.865724,2480.885253
hn-015.json,gcp,us-west,6.0070388300971205,1339.259205,24.614229,11.022891,47.264451,0.008822872156402315,0,0,0,0,11.022891,A_stuck_on_one_inflight,62.488269,1328.236314,1328.236314,1339.259205,1326.368181,1327.631874,1319.10092,1314.644976,1310.518318
hn-016.json,gcp,us-east4,5.830844515449785,1379.728447,15.273344,2.462476,32.011202,0.0058002721603666405,0,0,0,0,2.462476,A_stuck_on_one_inflight,71.338754,1364.455103,1364.455103,1379.728447,1372.827787,1377.265971,1374.416618,1365.453065,1354.236428
hn-017.json,oci,us-chicago-1,5.098030693266379,1578.056809,17.871967,7.585754,42.131009000000006,0.006674507653925659,0,0,0,0,7.585754,A_stuck_on_one_inflight,70.438536,1570.471055,1557.34783,1561.383521,1561.383521,1578.056809,1574.380882,1560.184842,1552.17449
hn-018.json,gcp,us-east,4.403739261284737,1826.852493,561.355445,216.47311,1152.8199260000001,0.15776040080100764,1938075424,998551328,6,394571552,18.474266,B_inflight_plus_unstarted,651.177019,1265.497048,1265.497048,1610.379383,1601.891012,1451.861122,1438.818776,1826.852493,1823.359989
hn-019.json,gcp,us-east4,4.657316966308263,1727.385554,381.097061,117.228818,862.9932020000001,0.12489875233725617,1065660192,1065660192,3,193244960,27.34105,B_inflight_plus_unstarted,432.714985,1346.288493,1346.288493,1362.718231,1358.20419,1610.156736,1601.170556,1727.385554,1726.23453
hn-020.json,gcp,us-east4,5.859574102508482,1372.963616,29.055311,0.284056,34.062663,0.006202397245463495,59027232,0,0,0,0.284056,A_stuck_on_one_inflight,110.867926,1372.963616,1372.963616,1343.908305,1340.093024,1368.24032,1356.221958,1372.67956,1365.057372
hn-021.json,gcp,us-west,5.573023193519551,1443.55797,31.557988,18.067393,80.711648,0.013977902113622771,67108864,0,0,0,18.067393,A_stuck_on_one_inflight,63.424754,1425.490577,1422.534271,1443.55797,1431.862995,1411.999982,1411.999982,1412.471703,1405.191619
hn-022.json,unspecified,us-west,5.165588455701674,1557.418311,42.682093,7.652535,59.949712000000005,0.009623251437423225,126136096,0,0,0,7.652535,A_stuck_on_one_inflight,76.550509,1514.736218,1514.736218,1549.765776,1541.669528,1547.803227,1535.274988,1557.418311,1553.689037
hn-023.json,unspecified,sea,5.534558003477486,1453.590701,40.8563,19.662597,83.364001,0.014337598772242008,59027232,0,0,0,19.662597,A_stuck_on_one_inflight,77.719492,1433.928104,1420.129669,1430.745597,1421.361808,1412.734401,1412.734401,1453.590701,1448.679309
hn-024.json,unspecified,sea,6.286174969881439,1279.789711,31.244675,7.175167,57.924252,0.011315189421772122,126136096,0,0,0,7.175167,A_stuck_on_one_inflight,63.079691,1279.789711,1279.789711,1248.545036,1245.76856,1260.285301,1248.815513,1272.614544,1265.506813
hn-025.json,unspecified,sea,6.44640397097063,1247.979817,36.534283,9.296703,65.08780300000001,0.013038632939686398,67108864,0,0,0,9.296703,A_stuck_on_one_inflight,59.049054,1228.723,1225.435564,1247.979817,1236.053739,1238.683114,1231.076589,1211.445534,1211.445534
hn-026.json,unspecified,sea,6.567911000144926,1224.892062,20.312287,8.288643,39.864683,0.008136366508676093,0,0,0,0,8.288643,A_stuck_on_one_inflight,60.787213,1216.603419,1216.603419,1224.892062,1213.006652,1213.628309,1206.102463,1204.579775,1201.63079
hn-027.json,oci,us-chicago-1,4.903174160525344,1640.7702,27.568031,19.054526,70.865902,0.010797658014510504,0,0,0,0,19.054526,A_stuck_on_one_inflight,69.850355,1640.7702,1636.810289,1621.715674,1609.093187,1613.202169,1613.202169,1616.526855,1608.225952
hn-028.json,gcp,us-east,5.783816712586116,1390.946921,44.22385,26.816032,100.504261,0.018064000049646756,67108864,67108864,0,0,26.816032,A_stuck_on_one_inflight,78.36214,1361.482542,1361.482542,1390.946921,1388.057325,1364.130889,1352.660401,1346.723071,1339.642841
hn-029.json,gcp,us-east,5.93589008511487,1355.311829,29.25269,8.674747,49.151478,0.009066451894739569,59027232,0,0,0,8.674747,A_stuck_on_one_inflight,67.242796,1344.087788,1344.087788,1346.637082,1338.861887,1326.059139,1322.943413,1355.311829,1343.109143
hn-030.json,gcp,us-east,5.257897505813862,1530.07586,115.696318,108.076019,337.558106,0.05515381864791985,193244960,193244960,3,193244960,4.275693,B_inflight_plus_unstarted,198.249555,1416.290091,1409.215205,1421.999841,1421.999841,1414.379542,1402.995843,1530.07586,1527.638384
hn-031.json,unspecified,eu-north,7.059325385826755,1139.624767,49.401772,16.654787,102.752432,0.022540847429652254,201326592,67108864,0,0,16.654787,A_stuck_on_one_inflight,51.689056,1122.96998,1122.96998,1139.624767,1127.914081,1102.928894,1099.82614,1090.222995,1082.797118
hn-032.json,unspecified,us-central,4.351180078718632,1848.919581,111.866362,8.634552,149.667015,0.020237090966261986,335544320,67108864,0,0,8.634552,A_stuck_on_one_inflight,118.814148,1848.919581,1840.43464,1840.285029,1827.487235,1819.75348,1819.75348,1737.053219,1731.571586
hn-033.json,unspecified,us-west,5.6495917537602285,1423.99352,32.427358,24.389786,88.12143499999999,0.01547082795011595,67108864,67108864,0,0,24.389786,A_stuck_on_one_inflight,88.648908,1391.566162,1391.566162,1399.603734,1396.344595,1423.99352,1412.006306,1392.689229,1385.273042
hn-034.json,gcp,us-east,4.427260985562058,1817.146555,422.682031,139.409324,966.839933,0.13301622953025932,1065660192,1065660192,3,193244960,36.139374,B_inflight_plus_unstarted,436.422904,1412.397977,1406.735666,1394.464524,1391.624817,1677.737231,1677.737231,1817.146555,1807.138949
hn-035.json,azure,us-central,5.308326494165672,1515.540172,80.692771,16.463292,151.05442499999998,0.024917588426682756,201326592,134217728,0,0,16.463292,A_stuck_on_one_inflight,68.804571,1461.64181,1461.64181,1515.540172,1502.933695,1499.07688,1495.228894,1434.847401,1426.585774
hn-036.json,unspecified,us-west,6.036801383841769,1332.656408,49.463535,8.448951,97.947217,0.018374431776266218,126136096,126136096,0,0,8.448951,A_stuck_on_one_inflight,68.297556,1283.192873,1283.192873,1324.207457,1317.089573,1292.621677,1289.828372,1332.656408,1321.133545
hn-037.json,unspecified,us-west,6.432582107746134,1250.661385,11.191423,2.845374,24.461022,0.0048896172643884735,0,0,0,0,2.845374,A_stuck_on_one_inflight,68.322139,1239.469962,1239.469962,1247.816011,1244.333278,1250.661385,1238.69067,1240.23716,1232.808442
hn-038.json,oci,us-chicago-1,5.548259685604409,1450.000992,13.806851,4.722286,31.489143,0.005429158871913378,0,0,0,0,4.722286,A_stuck_on_one_inflight,61.316529,1437.040986,1437.040986,1445.278706,1441.199718,1450.000992,1437.241597,1436.194141,1427.736932
hn-039.json,oci,us-ashburn-1,5.626353696988856,1429.874921,33.430966,7.868972,57.359427999999994,0.010028749220925736,59027232,0,0,0,7.868972,A_stuck_on_one_inflight,68.457067,1396.443955,1383.02429,1422.005949,1417.2585,1413.815431,1413.815431,1429.874921,1420.793644
hn-040.json,oci,us-ashburn-1,5.458745265538074,1473.778617,33.426489,6.737256,55.504478,0.009415335071318923,67108864,0,0,0,6.737256,A_stuck_on_one_inflight,69.387969,1458.437884,1450.532003,1473.778617,1470.206677,1467.041361,1454.836093,1440.352128,1440.352128
hn-041.json,oci,us-ashburn-1,5.390062540013473,1492.558201,15.01616,4.40006,31.044172999999997,0.005199826207648166,0,0,0,0,4.40006,A_stuck_on_one_inflight,59.148045,1477.542041,1473.938335,1480.930248,1468.672437,1488.158141,1488.158141,1492.558201,1484.627443
hn-042.json,unspecified,us-central,5.763043264532419,1395.960724,66.423749,9.591552,98.75252700000001,0.017685405703434392,193244960,0,0,0,9.591552,A_stuck_on_one_inflight,73.408111,1329.536975,1329.536975,1395.960724,1388.113596,1373.223498,1361.019853,1386.369172,1383.308097
hn-043.json,gcp,us-east,4.718851354477509,1704.860239,338.119723,36.183692,585.896936,0.08591568425920688,1334095648,730115872,1,59027232,15.79944,B_inflight_plus_unstarted,373.349271,1366.740516,1353.455683,1493.266718,1484.32913,1668.676547,1668.676547,1704.860239,1700.4191
hn-044.json,unspecified,eu-north,1.647166014369111,4884.135526,1468.879952,142.647024,2457.1462199999996,0.12577180787263845,4085559072,2944708384,4,260353824,31.106394,B_inflight_plus_unstarted,2993.819013,3415.255574,3405.216156,4038.516282,4032.688756,4741.488502,4727.120849,4884.135526,4884.135526
hn-045.json,gcp,us-west,5.38630803815265,1493.598582,129.94994,28.289915,254.060645,0.042524920695191176,335544320,201326592,0,0,28.289915,A_stuck_on_one_inflight,124.284837,1493.598582,1493.598582,1465.308667,1457.666452,1397.777792,1394.178925,1363.648642,1351.649339
hn-046.json,gcp,us-west,5.694048225587537,1412.875643,75.823088,35.76002,165.814733,0.02933993763384595,193244960,59027232,1,59027232,11.99856,B_inflight_plus_unstarted,90.925025,1377.115623,1373.923969,1358.644018,1350.982177,1337.052555,1325.03102,1412.875643,1412.875643
hn-047.json,gcp,europe-west2,5.473872582782568,1469.705757,61.545365,16.519296,111.80090200000001,0.0190175655003575,126136096,59027232,0,0,16.519296,A_stuck_on_one_inflight,90.004034,1453.186461,1453.186461,1435.969516,1424.362264,1408.160392,1403.795565,1469.705757,1462.416542
hn-048.json,gcp,us-east,2.738578901240369,2937.648444,52.806068,4.631147,67.553917,0.005748979012275575,0,0,0,0,4.631147,A_stuck_on_one_inflight,191.785391,2933.017297,2923.257179,2937.648444,2937.648444,2927.531742,2920.855346,2884.842376,2869.851828
hn-049.json,gcp,us-west,5.973548530499624,1346.767672,56.828864,20.686941,112.11196900000002,0.02081130460191207,134217728,67108864,0,0,20.686941,A_stuck_on_one_inflight,64.660068,1346.767672,1346.767672,1326.080731,1317.315184,1312.171508,1307.77977,1289.938808,1276.806587
hn-050.json,gcp,us-west,5.759257518844157,1396.878334,32.433364,29.221874,92.970556,0.016638985969124494,67108864,67108864,1,67108864,2.050172,B_inflight_plus_unstarted,60.714165,1364.44497,1361.118832,1365.563016,1353.265861,1396.878334,1388.983238,1367.65646,1367.65646
hn-051.json,gcp,us-west,6.441954769149786,1248.841747,40.955377,26.736075,98.61383699999999,0.019741059513123403,67108864,67108864,0,0,26.736075,A_stuck_on_one_inflight,60.289225,1248.841747,1248.841747,1222.105672,1209.856338,1217.919362,1214.666823,1207.88637,1199.978139
hn-052.json,gcp,us-west,6.701041574577464,1200.556952,25.499065,5.913399,38.11405,0.007936743429061414,67108864,0,0,0,5.913399,A_stuck_on_one_inflight,54.487402,1194.643553,1191.578115,1175.057887,1175.057887,1200.556952,1188.419026,1193.855366,1186.064403
hn-053.json,oci,us-chicago-1,4.918120043666352,1635.783994,45.501012,4.280826,65.644433,0.010032564391261553,193244960,0,0,0,4.280826,A_stuck_on_one_inflight,84.441469,1590.282982,1586.878715,1631.503168,1631.503168,1635.783994,1623.7057,1619.921399,1612.168385
hn-054.json,unspecified,sea,5.97388870168146,1346.690983,37.459693,10.346703,58.230503999999996,0.010809923125474732,193244960,0,0,0,10.346703,A_stuck_on_one_inflight,65.651111,1309.23129,1309.23129,1346.690983,1343.246558,1336.34428,1328.542916,1336.266875,1324.100355
hn-055.json,unspecified,eu-north,6.478475690395422,1241.801688,30.96275,9.81504,66.20293,0.013327999679768512,126136096,67108864,0,0,9.81504,A_stuck_on_one_inflight,60.051285,1216.376548,1216.376548,1210.838938,1206.520509,1241.801688,1232.990702,1231.986648,1218.804235
hn-056.json,gcp,us-west,5.257248707589108,1530.264687,40.017469,8.110997,79.83481,0.01304264724237213,126136096,67108864,0,0,8.110997,A_stuck_on_one_inflight,78.890918,1498.558343,1498.558343,1490.247218,1483.498599,1530.264687,1526.588558,1522.15369,1511.001942
hn-057.json,unspecified,us-west,5.443710831554655,1477.848897,88.363615,9.111785,112.411559,0.019016077900148136,327462688,0,0,0,9.111785,A_stuck_on_one_inflight,94.279689,1462.912738,1462.912738,1389.485282,1381.448277,1477.848897,1465.470175,1468.737112,1465.093828
hn-058.json,unspecified,us-west,5.687830288119352,1414.420199,26.289297,12.5626,58.648426,0.010366160289824877,0,0,0,0,12.5626,A_stuck_on_one_inflight,64.980108,1388.130902,1388.130902,1414.420199,1407.215154,1401.857599,1390.010767,1394.62367,1390.824764
hn-059.json,unspecified,denver,5.109647804077814,1574.468996,28.64302,7.110102,47.173735,0.00749041980500199,0,0,0,0,7.110102,A_stuck_on_one_inflight,90.147162,1574.468996,1561.938514,1563.048383,1563.048383,1567.358894,1559.332527,1545.825976,1542.760758
hn-060.json,oci,us-ashburn-1,5.747690988771106,1399.689382,33.47136,15.2187,71.35701499999999,0.012745151873989138,59027232,0,0,0,15.2187,A_stuck_on_one_inflight,62.041881,1366.218022,1366.218022,1384.470682,1380.640613,1377.022427,1368.898549,1399.689382,1387.249381
hn-061.json,oci,us-ashburn-1,5.236506451867457,1536.326198,32.035921,9.412024,64.526199,0.010500081148782182,67108864,0,0,0,9.412024,A_stuck_on_one_inflight,72.179913,1536.326198,1528.750419,1526.914174,1526.914174,1513.247944,1501.353824,1504.290277,1500.874517
hn-062.json,gcp,us-east4,5.925847446322346,1357.6087,43.596819,9.276948,67.86773500000001,0.012497661329070743,126136096,0,0,0,9.276948,A_stuck_on_one_inflight,67.152021,1342.614732,1342.614732,1314.011881,1310.418489,1348.331752,1335.656776,1357.6087,1349.340212
hn-063.json,oci,us-ashburn-1,5.7409012930292596,1401.344778,30.289896,6.974629,57.958143,0.010339736499877978,67108864,0,0,0,6.974629,A_stuck_on_one_inflight,76.728546,1394.370149,1394.370149,1371.054882,1363.226541,1401.344778,1397.845328,1380.65116,1368.512497
hn-064.json,oci,us-ashburn-1,5.19994469806076,1547.128386,80.968968,16.767767,146.61094000000003,0.023690816697354556,268435456,134217728,0,0,16.767767,A_stuck_on_one_inflight,74.941518,1547.128386,1539.938189,1498.254181,1486.771479,1530.360619,1530.360619,1466.159418,1463.034359
hn-065.json,unspecified,us-central,4.441758841553406,1811.215407,41.038791,15.687788,83.57374100000001,0.011535588295710652,67108864,0,0,0,15.687788,A_stuck_on_one_inflight,85.586362,1811.215407,1799.494246,1784.368245,1784.368245,1795.527619,1788.158919,1770.176616,1767.11205
hn-066.json,unspecified,denver,3.1862131166413987,2524.935324,61.812092,29.388951,133.470897,0.013215278796582752,67108864,67108864,0,0,29.388951,A_stuck_on_one_inflight,146.047584,2482.66547,2479.570692,2524.935324,2513.078595,2495.546373,2495.546373,2463.123232,2455.67574
hn-067.json,gcp,us-east,4.1101721929854325,1957.334552,605.436912,18.487097,1015.8550359999999,0.1297497960890234,2407837472,1401204512,0,0,18.487097,A_stuck_on_one_inflight,451.570057,1351.89764,1351.89764,1565.403525,1558.513496,1938.847455,1934.691025,1957.334552,1945.91999
hn-068.json,oci,us-ashburn-1,4.866849522606731,1653.016394,52.649765,18.618549,116.79931400000001,0.01766457284149597,134217728,67108864,0,0,18.618549,A_stuck_on_one_inflight,72.848134,1600.366629,1600.366629,1634.397845,1630.612925,1653.016394,1640.447523,1607.485394,1599.245001
hn-069.json,gcp,us-central,3.7700858233952474,2133.898915,644.056835,298.410288,1549.103147,0.18148740974921015,1602531104,1468313376,7,461680416,31.199632,B_inflight_plus_unstarted,745.182318,1527.262891,1527.262891,1489.84208,1481.935407,1835.488627,1823.204802,2133.898915,2130.141776
hn-070.json,unspecified,denver,4.251707456493961,1892.176762,54.661549,30.808519,123.55567500000001,0.01632454185588397,67108864,67108864,0,0,30.808519,A_stuck_on_one_inflight,101.454475,1837.515213,1837.515213,1861.368243,1854.225743,1892.176762,1880.709183,1854.091155,1851.059936
hn-071.json,gcp,us-central,5.5444029059884175,1451.009637,37.895327,9.492203,80.347536,0.013843384280706883,67108864,67108864,0,0,9.492203,A_stuck_on_one_inflight,66.591084,1451.009637,1439.567889,1418.049631,1418.049631,1413.11431,1409.034382,1441.517434,1434.479902
hn-072.json,gcp,us-east,5.517359623823895,1458.121746,76.91388,6.840648,129.971844,0.022284120711549966,260353824,126136096,0,0,6.840648,A_stuck_on_one_inflight,68.937135,1381.207866,1376.842165,1451.281098,1443.993878,1411.90443,1411.90443,1458.121746,1446.479433
hn-073.json,unspecified,eu-north,6.444190675823553,1248.408443,23.331041,6.511741,47.649556000000004,0.009542060586656895,59027232,0,0,0,6.511741,A_stuck_on_one_inflight,65.530993,1225.077402,1225.077402,1230.601669,1226.768828,1241.896702,1233.683111,1248.408443,1235.780967
hn-074.json,unspecified,us-central,3.5819183306648616,2245.998179,30.765986,9.436653,50.064216,0.005572602024803333,0,0,0,0,9.436653,A_stuck_on_one_inflight,128.247531,2215.232193,2211.727263,2236.561526,2228.742703,2245.998179,2233.804091,2236.136602,2236.136602
hn-075.json,gcp,us-east,4.119256229040268,1953.018118,617.747194,58.471371,1223.6648180000002,0.15663766847860858,2072293152,1736748832,1,59027232,32.840505,B_inflight_plus_unstarted,658.718163,1405.571865,1401.711099,1335.270924,1335.270924,1894.546747,1882.707071,1953.018118,1945.632265
hn-076.json,gcp,us-east4,5.527537704286252,1455.436847,27.424109,18.451338,67.260254,0.011553275935441533,67108864,0,0,0,18.451338,A_stuck_on_one_inflight,126.583909,1428.012738,1422.073395,1455.436847,1453.830727,1434.05204,1423.709159,1436.985509,1436.985509
hn-077.json,gcp,us-east4,5.747267259583418,1399.792577,58.172862,24.411848,116.375355,0.020784392793647456,126136096,59027232,0,0,24.411848,A_stuck_on_one_inflight,65.740122,1341.619715,1341.619715,1375.380729,1367.469307,1366.001932,1353.714505,1399.792577,1395.522333
hn-078.json,unspecified,denver,4.123088571591958,1951.20282,152.62081,111.930477,403.03672,0.051639521513196666,335544320,201326592,3,201326592,4.163641,B_inflight_plus_unstarted,134.610935,1839.272343,1836.537084,1812.717387,1812.717387,1951.20282,1944.316159,1798.58201,1787.39974
hn-079.json,gcp,us-west,6.194175230534685,1298.797943,26.395989,5.051352,47.913281,0.009222620280974682,67108864,0,0,0,5.051352,A_stuck_on_one_inflight,63.416781,1298.797943,1286.543328,1293.746591,1289.873221,1272.401954,1272.401954,1282.332003,1274.475137
hn-080.json,gcp,us-west,6.2432117467344215,1288.596699,84.522562,44.35696,200.64977599999997,0.038927962518395365,201326592,201326592,1,67108864,16.16882,B_inflight_plus_unstarted,64.893137,1244.239739,1244.239739,1216.826445,1214.14098,1288.596699,1277.119226,1204.074137,1197.00623
hn-081.json,gcp,us-west,5.650606566048982,1423.73778,168.37145,31.115382,253.932485,0.04458905434819606,603979776,67108864,1,67108864,2.891829,B_inflight_plus_unstarted,79.491445,1423.73778,1412.526212,1369.292127,1366.61289,1392.622398,1385.755452,1255.36633,1255.36633
hn-082.json,gcp,us-west,5.909132243594906,1361.448977,37.284369,2.347808,49.819072,0.009148170963736381,126136096,0,0,0,2.347808,A_stuck_on_one_inflight,62.829465,1351.262082,1348.246858,1359.101169,1351.016453,1324.164608,1324.164608,1361.448977,1349.03312
hn-083.json,gcp,us-east,5.765348696581212,1395.402511,42.156183,29.061286,101.919371,0.018259851583426023,67108864,67108864,0,0,29.061286,A_stuck_on_one_inflight,77.814768,1364.700609,1364.700609,1366.341225,1358.980551,1395.402511,1383.428878,1353.246328,1349.722125
hn-084.json,unspecified,denver,4.487668356299978,1792.686404,16.363775,5.386596,37.541136,0.005235318335130298,0,0,0,0,5.386596,A_stuck_on_one_inflight,99.162941,1787.299808,1771.841379,1776.895639,1769.028127,1792.686404,1789.221486,1776.322629,1776.322629
hn-085.json,unspecified,us-west,5.221581388847729,1540.717543,38.486928,7.564848,66.596015,0.010806006477723347,134217728,0,0,0,7.564848,A_stuck_on_one_inflight,80.444011,1533.152695,1521.554657,1502.230615,1502.230615,1540.717543,1533.482972,1520.173304,1516.78321
hn-086.json,gcp,us-central,5.9821620378678055,1344.828508,25.213591,5.497139,43.291785000000004,0.008047826310654028,0,0,0,0,5.497139,A_stuck_on_one_inflight,64.574226,1339.331369,1331.843816,1319.614917,1316.371434,1344.828508,1333.000245,1332.247453,1332.247453
hn-087.json,gcp,us-west,5.963042431829746,1349.1405,14.967221,8.370077,33.726183,0.006249568336285213,0,0,0,0,8.370077,A_stuck_on_one_inflight,84.883591,1334.173279,1334.173279,1349.1405,1345.173692,1338.751615,1332.038174,1340.770423,1329.68205
hn-088.json,gcp,us-east,5.783360653704871,1391.056607,37.354317,6.617779,59.711495,0.010731320116579554,134217728,0,0,0,6.617779,A_stuck_on_one_inflight,69.749061,1353.70229,1353.70229,1391.056607,1388.094729,1384.438828,1372.353755,1375.317208,1367.649454
hn-089.json,unspecified,us-east,2.2514105964716764,3573.307357,2072.380145,164.422205,2796.3419059999997,0.19564101451572946,5629062944,1535422240,4,260353824,27.914246,B_inflight_plus_unstarted,1770.702405,1500.927212,1500.927212,3013.767801,3009.082947,3408.885152,3399.463942,3573.307357,3559.354379
hn-090.json,gcp,us-west,4.912382362162963,1637.694596,116.138477,52.016214,239.97400499999998,0.03663289931867125,260353824,126136096,1,59027232,24.881085,B_inflight_plus_unstarted,90.768465,1521.556119,1521.556119,1565.875282,1562.512541,1585.678382,1574.971543,1637.694596,1631.357843
hn-091.json,unspecified,US-1,5.718122141213748,1406.927283,36.908365,17.905394,78.87729300000001,0.014015879490198217,59027232,59027232,0,0,17.905394,A_stuck_on_one_inflight,69.241005,1382.863749,1382.863749,1389.021889,1377.626906,1370.018918,1362.953723,1406.927283,1403.015
hn-092.json,oci,us-chicago-1,6.328910587392011,1271.148002,25.506889,15.297529,61.213677000000004,0.012039053852047043,0,0,0,0,15.297529,A_stuck_on_one_inflight,61.391792,1271.148002,1263.73798,1250.738743,1247.515952,1245.641113,1245.641113,1255.850473,1244.103025
hn-093.json,unspecified,CANADA-2,6.527057578807471,1232.558768,13.837281,6.501946,31.122514000000002,0.006312582168090179,0,0,0,0,6.501946,A_stuck_on_one_inflight,57.954981,1232.558768,1223.934339,1218.721487,1218.721487,1226.056822,1213.125816,1221.775481,1217.10533
hn-094.json,oci,us-chicago-1,5.757113477018812,1397.398554,46.357589,30.969477,120.28750099999999,0.021519898645894833,67108864,67108864,1,67108864,3.360053,B_inflight_plus_unstarted,60.52782,1354.438119,1354.438119,1397.398554,1389.73119,1351.040965,1347.695447,1366.429077,1354.484709
hn-095.json,oci,us-chicago-1,4.586521322717937,1754.048762,75.202252,37.171602,169.34040199999998,0.024135646292825236,201326592,67108864,1,67108864,7.427626,B_inflight_plus_unstarted,80.425069,1697.082214,1697.082214,1716.87716,1712.709699,1754.048762,1742.073064,1678.84651,1671.425772
hn-096.json,oci,us-chicago-1,6.069057143729219,1325.57362,44.69792,12.597717,80.269125,0.015138564125921579,67108864,0,0,0,12.597717,A_stuck_on_one_inflight,60.994323,1280.8757,1280.8757,1312.975903,1305.274187,1325.57362,1313.562429,1302.600132,1299.22362
hn-097.json,azure,us-central,5.145404843099291,1563.527515,34.248936,0.807677,54.135465999999994,0.008655982302940155,126136096,0,0,0,0.807677,A_stuck_on_one_inflight,77.606464,1529.278579,1529.278579,1544.448662,1541.441255,1562.719838,1556.95377,1563.527515,1553.389302
hn-098.json,oci,us-ashburn-1,5.058082320261576,1590.520189,40.516367,5.062818,71.727636,0.011274241675155498,134217728,0,0,0,5.062818,A_stuck_on_one_inflight,80.107267,1550.003822,1546.860904,1590.520189,1578.787574,1585.457371,1578.022379,1564.371738,1564.371738
hn-099.json,oci,us-ashburn-1,6.198450602860148,1297.902099,62.649704,32.574514,135.39724,0.026080017919749128,134217728,67108864,1,67108864,2.791328,B_inflight_plus_unstarted,66.008089,1297.902099,1297.902099,1235.252395,1232.18969,1265.327585,1257.47255,1257.729077,1245.53708
hn-100.json,azure,us-central,5.255761653001603,1530.697657,33.987589,7.76345,70.52741499999999,0.01151883500269838,0,0,0,0,7.76345,A_stuck_on_one_inflight,76.21267,1522.934207,1520.322768,1496.710068,1485.501965,1530.697657,1523.972668,1501.921281,1501.921281
hn-101.json,gcp,us-central,6.344784528002483,1267.967732,10.369076,1.02806,17.318313,0.003414580782092016,0,0,0,0,1.02806,A_stuck_on_one_inflight,62.828248,1267.967732,1261.008866,1262.046555,1259.379907,1257.598656,1257.598656,1266.939672,1255.558033
hn-102.json,unspecified,eu-north,6.689806626097034,1202.573183,28.184109,21.757948,75.576019,0.015711313886832282,67108864,67108864,0,0,21.757948,A_stuck_on_one_inflight,64.666289,1202.573183,1190.559697,1174.389074,1170.55313,1176.939221,1169.658978,1180.815235,1180.815235
hn-103.json,unspecified,eu-north,6.998415062055042,1149.543429,40.861332,22.747707,93.280914,0.020286513681598364,67108864,67108864,0,0,22.747707,A_stuck_on_one_inflight,59.097678,1119.871554,1116.360928,1149.543429,1137.465383,1126.795722,1119.167768,1108.682097,1108.682097
hn-104.json,unspecified,eu-north,7.0427965746464345,1142.299364,35.471275,4.77987,49.29658499999999,0.010788893558378974,201326592,0,0,0,4.77987,A_stuck_on_one_inflight,52.649699,1133.253924,1130.055073,1137.519494,1125.619759,1142.299364,1134.786666,1106.828089,1106.828089
hn-105.json,gcp,us-west,6.057493357107935,1328.104147,26.185464,18.961249,68.825693,0.012955627982087763,0,0,0,0,18.961249,A_stuck_on_one_inflight,62.247285,1301.918683,1301.918683,1328.104147,1315.750148,1309.142898,1300.974609,1304.425167,1301.296647
hn-106.json,gcp,us-west,5.840263539935862,1377.503257,37.489734,12.678823,63.099175,0.011451728821574757,67108864,0,0,0,12.678823,A_stuck_on_one_inflight,69.258797,1340.013523,1340.013523,1377.503257,1365.184697,1364.824434,1361.709832,1364.572639,1356.662992
hn-107.json,gcp,us-west,6.261729915257419,1284.785859,21.028521,9.401465,42.29831,0.008230614795395254,0,0,0,0,9.401465,A_stuck_on_one_inflight,64.060142,1275.384394,1272.253979,1284.785859,1272.895048,1272.917535,1265.378773,1263.757338,1263.757338
