qd,file,provider,region,wall_ms,gbps,preadv_min,preadv_p10,preadv_median,preadv_mean,preadv_p90,preadv_p95,preadv_p99,preadv_max,preadv_sd,ge100,ge150,ge250,ge500,ge1000,ge2000,eff_concurrency,overlap,max_in_flight,min_claim_gap_ms,completion_spread_ms,spawn_to_ready_ms,n_pids
4,wm-processes-r01.json,gcp,us-east,1390.750107,5.784635217719957,24.79607,38.6874625,44.1222185,44.99140968333334,52.55882899999999,57.855387,70.90991341,73.86599,7.5672168068287,0,0,0,0,0,0,3.882055543138635,0.9916666666666667,4,4.055461,30.001763,108.134736,4
4,wm-processes-r02.json,oci,us-chicago-1,1436.329887,5.601068473763506,24.433073,42.530290300000004,45.6067185,46.552023133333336,50.936794,53.9593957,63.81458319,71.433111,5.3510809200117855,0,0,0,0,0,0,3.889247746329183,0.9916666666666667,4,4.140618,46.06313,107.910236,4
4,wm-processes-r03.json,unspecified,eu-north,1137.775677,7.070798058552626,20.395902,33.075047100000006,35.6598685,35.8463006,39.2099936,41.02256489999999,51.33998127,52.309057,4.053446454965789,0,0,0,0,0,0,3.78067149698789,0.9916666666666667,4,4.030005,20.80829,79.917268,4
4,wm-processes-r04.json,unspecified,denver,1208.205734,6.658619324182086,21.34744,33.7808405,37.619891499999994,38.298301691666666,42.955993,45.666971649999994,59.68454214000001,67.532987,5.5750385136149765,0,0,0,0,0,0,3.803819228522218,0.9916666666666667,4,4.013279,81.289796,139.899179,4
4,wm-processes-r05.json,gcp,us-east,1897.555814,4.239655028139268,23.85018,36.857549,42.0771565,53.29824815,51.7034634,73.33251659999999,318.56564037000004,468.215777,56.098305003864965,5,4,4,0,0,0,3.3705410564540053,0.9416666666666667,4,4.085222,546.550603,137.55692,4
4,wm-processes-r06.json,gcp,us-east,1249.542012,6.43834458604822,22.804463,36.061808400000004,39.267255500000005,40.20677441666667,47.60547989999999,49.33444874999999,53.5478204,53.875338,5.24043107852125,0,0,0,0,0,0,3.861265074455136,0.9916666666666667,4,4.004989,30.008164,109.91472,4
4,wm-processes-r07.json,gcp,us-west,1337.392349,6.01542401077397,23.593859,35.5939665,40.327034499999996,41.944503825,54.039671199999994,55.71395225,57.55309701,59.013395,7.124624255300951,0,0,0,0,0,0,3.763548118668054,0.9833333333333333,4,4.003295,76.862735,107.570124,4
4,wm-processes-r08.json,gcp,us-west,1398.03078,5.7545099600739835,25.262852,38.1010657,44.159241,44.994215716666666,53.935979399999994,57.22282195,65.53840602,65.897226,7.026920998182981,0,0,0,0,0,0,3.8620794071501057,0.9916666666666667,4,4.096456,34.293569,99.728258,4
4,wm-processes-r09.json,gcp,us-west,1537.643034,5.232021912831038,23.434476,41.3287099,46.839369000000005,48.99553278333334,62.20560329999999,65.3540175,68.47830024,71.398974,8.554371205208682,0,0,0,0,0,0,3.823685864660835,0.9916666666666667,4,4.018033,82.619749,106.991568,4
4,wm-processes-r10.json,gcp,us-west,1427.15916,5.637060163633046,23.185541,35.9747774,40.667668500000005,45.885814266666664,48.777104699999995,53.13932935,191.65594638000002,194.394319,26.818210648297224,4,4,0,0,0,0,3.858222590954747,0.9916666666666667,4,4.058786,58.044001,98.803173,4
4,wm-processes-r11.json,gcp,us-west,1354.652364,5.938779765049744,24.941187,38.249905,41.596864499999995,42.732361833333336,47.588342299999994,51.21966415,62.44567216000001,68.556766,5.717200341540558,0,0,0,0,0,0,3.7853869791792576,0.9833333333333333,4,4.015076,80.023733,99.890512,4
4,wm-processes-r12.json,gcp,us-west,1320.072537,6.094348471397675,26.830396,37.2071715,41.330980999999994,41.77966554166667,46.93753319999999,49.699286799999996,60.6540741,61.08169,5.274765115231401,0,0,0,0,0,0,3.7979427072953342,0.9916666666666667,4,4.038742,77.553752,105.810995,4
4,wm-processes-r13.json,gcp,us-west,1301.993584,6.178972113890232,20.651141,37.4648333,40.4761985,41.75934535,47.650928099999994,51.49096675,62.33835168,64.625084,5.920182653794513,0,0,0,0,0,0,3.8488065560237046,0.9916666666666667,4,4.040726,13.280255,105.041075,4
4,wm-processes-r14.json,gcp,us-west,3977.363503,2.0226921783568246,21.51466,33.6861853,38.2261605,72.411718475,49.30856389999999,70.76044639999967,670.9119365100007,2176.494171,209.92188405940328,6,6,5,2,1,1,2.1847151286136794,0.95,4,4.034256,2776.598603,115.775461,4
4,wm-processes-r15.json,unspecified,eu-north,2832.837233,2.839902679293823,50.76978,59.675071300000006,81.9858155,92.19635766666667,128.93213269999998,130.30198149999998,152.84522509000004,173.434871,29.67138449137531,48,2,0,0,0,0,3.905470738353572,0.9916666666666667,4,4.112246,172.280986,104.205307,4
5,qd5-r01.json,gcp,us-east,1334.421051,6.028818296872027,27.384636,42.4411817,52.795734499999995,53.21128493333333,65.7680813,71.61012095,76.49482023,77.529962,9.840131709712937,0,0,0,0,0,0,4.785112005850693,0.9916666666666667,5,4.032237,34.553804,126.652873,5
5,qd5-r02.json,gcp,us-west,1488.305606,5.405463780803632,24.53442,49.0000973,57.9656215,59.663845275,76.0479339,79.72598839999999,94.19897405,97.89587,12.340565756485152,0,0,0,0,0,0,4.810612420013958,0.9916666666666667,5,4.008207,57.843809,119.897318,5
5,qd5-r03.json,gcp,asia-south2,1380.53683,5.82743022364713,22.857702,42.0963927,54.8187875,54.798748116666665,67.4444975,73.8994745,80.44042907000001,81.373663,10.459948279183086,0,0,0,0,0,0,4.763255590942836,0.9916666666666667,5,4.043023,41.18837,116.021792,5
5,qd5-r04.json,unspecified,london,1351.818514,5.951229373383179,22.180704,44.6332117,53.674927,54.114666541666665,64.6412551,68.1273875,78.62174020000002,92.585614,9.138846442194271,0,0,0,0,0,0,4.803721740564947,0.9916666666666667,5,4.072141,44.234058,101.381499,5
5,qd5-r05.json,unspecified,us-west,2344.495606,3.4314340480789967,21.928332,30.7722401,37.102124,79.04826378333334,60.08542219999997,299.0161176,1273.3765286900023,1560.547475,199.02293134472043,9,9,8,2,2,0,4.045983976137168,0.975,5,4.062157,988.316185,122.376264,5
5,qd5-r06.json,oci,us-ashburn-1,1338.358486,6.011081584011414,27.09759,41.0628929,47.655637,52.649589766666665,73.3142337,80.96657714999999,92.44919003000003,113.632026,14.1088041985719,1,0,0,0,0,0,4.720671507738324,0.9916666666666667,5,4.094078,103.078359,128.076182,5
5,qd5-r07.json,gcp,us-east4,2689.956759,2.990747721532426,20.011109,34.0281953,39.163835,91.32592195000001,57.91088149999999,274.48323354999997,1459.181963730001,1775.474979,241.45294979486295,9,9,7,5,3,0,4.074084312817758,0.9833333333333333,5,4.06418,1315.067576,157.386528,5
5,qd5-r08.json,oci,us-ashburn-1,1552.290927,5.182650950326658,24.619781,50.0201862,63.950508,62.813807350000005,74.4301761,77.34841424999999,93.17242653000001,100.981131,11.831693165663323,1,0,0,0,0,0,4.855827442454671,0.9916666666666667,5,4.06811,39.790727,113.854446,5
5,qd5-r09.json,gcp,us-west,1189.119759,6.765493540167471,20.787752,37.4430744,44.6327345,46.60891419166667,57.69817729999999,65.10227789999999,83.24137422000001,84.559212,10.438207875502872,0,0,0,0,0,0,4.703537772935114,0.9916666666666667,5,4.095964,67.718738,106.835272,5
5,qd5-r10.json,oci,us-chicago-1,1436.371611,5.600905772844602,23.588242,46.2809646,55.8110005,57.26076199166666,69.27459999999999,74.9099931,100.01713375000003,104.654417,12.215677543122991,2,0,0,0,0,0,4.783783936119579,0.9916666666666667,5,4.124797,48.458583,123.281949,5
6,qd6-r01.json,oci,us-chicago-1,1431.386996,5.620410182907657,24.825416,56.6419893,69.06999400000001,69.58367809166666,83.3384458,85.33308449999998,117.32121638000004,123.600986,14.447836439142732,4,0,0,0,0,0,5.833531668468504,0.9916666666666667,6,4.068725,27.036934,128.34772,6
6,qd6-r02.json,gcp,us-east4,1539.39858,5.22605526113971,22.160238,35.698935999999996,53.3959445,64.06000999999999,81.4465402,88.78752105,445.287498550001,545.857817,63.85534699581314,2,2,2,2,0,0,4.993639269174849,0.9916666666666667,6,4.027306,371.526984,158.733718,6
6,qd6-r03.json,aws,us-east,2187.635529,3.6774782368237906,21.545038,74.732702,110.5428545,105.70518256666666,132.94295839999998,137.5148648,152.48474596,155.213455,24.02782380645023,77,2,0,0,0,0,5.798325059109972,0.9916666666666667,6,4.057433,115.5757,187.786929,6
6,qd6-r04.json,gcp,us-west,1524.11238,5.278470376311752,18.815469,41.1848196,68.5096635,68.01048896666667,82.6294099,84.97407095,161.07116755,402.361351,37.047152652395646,4,3,1,0,0,0,5.354761750573799,0.975,6,4.006988,211.00985,153.61337,6
6,qd6-r05.json,gcp,us-west,1382.115757,5.820772975964271,20.826852,50.6697014,65.7184595,66.23408285833334,83.9030937,98.50623064999998,112.58048164,119.325927,16.484983833126847,6,0,0,0,0,0,5.750668786420615,0.9916666666666667,6,4.055463,55.497347,132.640079,6
6,qd6-r06.json,gcp,us-west,1441.888898,5.579474298719512,27.064527,50.694392400000005,66.179221,69.03581978333334,97.0357566,104.26513274999999,127.88123417000006,131.848819,19.505904576758603,8,0,0,0,0,0,5.74544847768153,0.9916666666666667,6,4.03644,54.145195,139.834905,6
6,qd6-r07.json,oci,us-chicago-1,1655.853836,4.8585097748929575,26.77212,41.0411001,59.6899935,69.817873875,82.4182594,89.2036692,377.47606400000006,442.010541,58.44712313639478,5,5,4,0,0,0,5.05971280969995,0.975,6,4.141991,434.905191,138.254002,6
6,qd6-r08.json,gcp,us-west,1490.040052,5.399171678104663,21.797679,49.7656968,67.8455105,71.61715698333335,90.94465249999999,102.09112794999997,119.81385769,138.248079,18.13147869805789,7,0,0,0,0,0,5.767669685432053,0.9916666666666667,6,4.004387,62.061471,176.968352,6
6,qd6-r09.json,azure,us-central,1681.729534,4.7837549887495765,27.550821,58.5430872,80.638155,80.80362549166666,104.7943916,105.5529374,112.55958743000001,127.232024,18.76264555430013,23,0,0,0,0,0,5.765751782890435,0.9916666666666667,6,4.040026,92.171677,142.944039,6
6,qd6-r10.json,gcp,europe-west2,3141.940708,2.5605136428946262,27.107538,65.61682520000001,146.865776,145.00976929166666,209.5308857,227.07250794999996,266.12434384,942.789617,89.000217697818,94,49,4,1,0,0,5.538351589733437,0.9583333333333334,6,4.084267,301.668671,143.733951,6
7,qd7-r01.json,gcp,us-west,1362.852037,5.903048775352858,28.522732,59.847303000000004,75.042952,75.03236964999999,95.80512719999999,100.36338465,105.73250529,106.416734,15.459518514431268,7,0,0,0,0,0,6.606648494153442,0.9916666666666667,7,4.016173,78.856221,142.915851,7
7,qd7-r02.json,oci,us-chicago-1,1514.838614,5.310784907150512,28.860898,50.6410576,87.824501,82.09351593333334,101.8116,103.60212444999999,108.64307717000001,111.51203,18.0564978915297,16,0,0,0,0,0,6.503149458269618,0.9833333333333333,7,4.026028,118.899521,141.954312,7
7,qd7-r03.json,gcp,us-west,1487.172976,5.409580578607824,27.946962,58.3163997,81.290363,80.91117625833334,103.7516678,114.38618725,116.74533581,130.447991,20.37230589476904,25,0,0,0,0,0,6.528723495981546,0.9833333333333333,7,4.038377,83.793217,152.025418,7
7,qd7-r04.json,unspecified,us-central,1417.118535,5.677000088069557,24.715887,60.7698654,81.40991650000001,79.61402615,92.0673463,101.08172899999997,128.94249962000004,130.773365,16.232678921485622,7,0,0,0,0,0,6.7416259840253945,0.9916666666666667,7,4.009859,39.79364,141.687366,7
7,qd7-r05.json,azure,us-central,1943.30214,4.139851381010675,24.495751,85.262803,115.451288,110.61311335833334,126.13804099999999,133.27206129999996,184.17104145000005,189.18098,24.547847762687923,97,4,0,0,0,0,6.830421955383634,0.9916666666666667,7,4.210536,54.746853,191.070948,7
7,qd7-r06.json,gcp,us-west,1451.96229,5.540765144802762,25.619105,58.163777700000004,84.93350849999999,80.841177,99.2012037,102.5345927,124.02375031000003,127.584059,18.49222261874621,9,0,0,0,0,0,6.681262527830526,0.9916666666666667,7,4.039115,84.713026,144.314968,7
7,qd7-r07.json,gcp,us-west,1769.025941,4.5476902636330525,22.663588,93.851664,103.3974685,100.56459085,111.23927189999999,113.58693044999998,152.15204765000001,153.714314,19.01368415579116,79,2,0,0,0,0,6.821692447979767,0.9916666666666667,7,4.010627,51.623457,163.93845,7
7,qd7-r08.json,azure,us-central,1979.167027,4.064832294722743,28.2195,86.5520573,116.268201,112.681539375,125.35137160000001,132.79904544999997,186.65422427000001,187.38858,24.038965938842686,103,5,0,0,0,0,6.832058406660187,0.9916666666666667,7,4.173935,76.905671,174.626098,7
7,qd7-r09.json,unspecified,CANADA-2,1326.67643,6.064012193236899,19.208117,44.426018400000004,75.14541750000001,72.90387339166666,94.47967639999999,97.9130196,125.59684644000002,133.801593,20.475799936458237,5,0,0,0,0,0,6.59427167708105,0.9833333333333333,7,4.042704,67.426243,113.232817,7
7,qd7-r10.json,gcp,us-west,1641.076145,4.902260064233643,24.748222,66.7350949,94.8080845,90.40670774166666,111.3439302,116.20871340000001,122.52991905000002,126.576895,20.14199786199609,47,0,0,0,0,0,6.610787050956737,0.9916666666666667,7,4.038527,96.348309,192.563081,7
